family,relative_path,sha256,size_bytes,format,internal_family,internal_subfamily,postscript_name,weight,width,italic,variable,axes,glyph_count,unicode_codepoint_count,version,copyright,designer,manufacturer,internal_license,internal_license_url,internal_license_state,internal_license_matches,parse_status,error
Noto Sans TC,staging/google-fonts/ofl/notosanstc/NotoSansTC[wght].ttf,864727d210d54f2537bbe23b3a839436c3992af72de9322af5270897246bd44f,11941968,TTF,Noto Sans TC,Thin,NotoSansTC-Thin,100,5,False,True,"[{""default"": 100.0, ""max"": 900.0, ""min"": 100.0, ""name"": ""Weight"", ""tag"": ""wght""}]",20950,20745,Version 2.004-H2;hotconv 1.0.118;makeotfexe 2.5.65603,"(c) 2014-2021 Adobe (http://www.adobe.com/), with Reserved Font Name 'Source'.","Ryoko NISHIZUKA 西塚涼子 (kana, bopomofo & ideographs); Paul D. Hunt (Latin, Greek & Cyrillic); Sandoll Communications 산돌커뮤니케이션, Soo-young JANG 장수영 & Joo-yeon KANG 강주연 (hangul elements, letters & syllables)",Adobe,"This Font Software is licensed under the SIL Open Font License, Version 1.1. This license is available with a FAQ at: https://scripts.sil.org/OFL",http://scripts.sil.org/OFL,MATCH,True,OK,
Noto Sans JP,staging/google-fonts/ofl/notosansjp/NotoSansJP[wght].ttf,c2f3b4d463500a2ddcd3849cded1fceeb9fd6d1c32e6cbecd568453ba50fc68f,9589900,TTF,Noto Sans JP,Thin,NotoSansJP-Thin,100,5,False,True,"[{""default"": 100.0, ""max"": 900.0, ""min"": 100.0, ""name"": ""Weight"", ""tag"": ""wght""}]",17936,16732,Version 2.004-H2;hotconv 1.0.118;makeotfexe 2.5.65603,"(c) 2014-2021 Adobe (http://www.adobe.com/), with Reserved Font Name 'Source'.","Ryoko NISHIZUKA 西塚涼子 (kana, bopomofo & ideographs); Paul D. Hunt (Latin, Greek & Cyrillic); Sandoll Communications 산돌커뮤니케이션, Soo-young JANG 장수영 & Joo-yeon KANG 강주연 (hangul elements, letters & syllables)",Adobe,"This Font Software is licensed under the SIL Open Font License, Version 1.1. This license is available with a FAQ at: https://scripts.sil.org/OFL",http://scripts.sil.org/OFL,MATCH,True,OK,
Noto Sans SC,staging/google-fonts/ofl/notosanssc/NotoSansSC[wght].ttf,a3041811a78c361b1de50f953c805e0244951c21c5bd412f7232ef0d899af0da,17772300,TTF,Noto Sans SC,Thin,NotoSansSC-Thin,100,5,False,True,"[{""default"": 100.0, ""max"": 900.0, ""min"": 100.0, ""name"": ""Weight"", ""tag"": ""wght""}]",31036,30890,Version 2.004-H2;hotconv 1.0.118;makeotfexe 2.5.65603,"(c) 2014-2021 Adobe (http://www.adobe.com/), with Reserved Font Name 'Source'.","Ryoko NISHIZUKA 西塚涼子 (kana, bopomofo & ideographs); Paul D. Hunt (Latin, Greek & Cyrillic); Sandoll Communications 산돌커뮤니케이션, Soo-young JANG 장수영 & Joo-yeon KANG 강주연 (hangul elements, letters & syllables)",Adobe,"This Font Software is licensed under the SIL Open Font License, Version 1.1. This license is available with a FAQ at: https://scripts.sil.org/OFL",http://scripts.sil.org/OFL,MATCH,True,OK,
Noto Sans KR,staging/google-fonts/ofl/notosanskr/NotoSansKR[wght].ttf,194018e6b2b293a7964f037b25c0249ce1418bc9ab3c971060a03aa57861e252,10414588,TTF,Noto Sans KR,Thin,NotoSansKR-Thin,100,5,False,True,"[{""default"": 100.0, ""max"": 900.0, ""min"": 100.0, ""name"": ""Weight"", ""tag"": ""wght""}]",24964,23174,Version 2.004-H2;hotconv 1.0.118;makeotfexe 2.5.65603,"(c) 2014-2021 Adobe (http://www.adobe.com/), with Reserved Font Name 'Source'.","Ryoko NISHIZUKA 西塚涼子 (kana, bopomofo & ideographs); Paul D. Hunt (Latin, Greek & Cyrillic); Sandoll Communications 산돌커뮤니케이션, Soo-young JANG 장수영 & Joo-yeon KANG 강주연 (hangul elements, letters & syllables)",Adobe,"This Font Software is licensed under the SIL Open Font License, Version 1.1. This license is available with a FAQ at: https://scripts.sil.org/OFL",http://scripts.sil.org/OFL,MATCH,True,OK,
Noto Serif JP,staging/google-fonts/ofl/notoserifjp/NotoSerifJP[wght].ttf,2fd527ba12b6a44ec30d796d633360da0aeba6c5d4af1304ce12bb4dc15a7dfc,13574352,TTF,Noto Serif JP,ExtraLight,NotoSerifJP-ExtraLight,200,5,False,True,"[{""default"": 200.0, ""max"": 900.0, ""min"": 200.0, ""name"": ""Weight"", ""tag"": ""wght""}]",17923,16726,Version 2.003-H1;hotconv 1.1.1;makeotfexe 2.6.0,(c) 2017-2024 Adobe (http://www.adobe.com/).,"Ryoko NISHIZUKA 西塚涼子 (kana & ideographs); Frank Grießhammer (Latin, Greek & Cyrillic); Wenlong ZHANG 张文龙 (bopomofo); Sandoll Communications 산돌커뮤니케이션, Soohyun PARK 박수현, Yejin WE 위예진 & Donghoon HAN 한동훈 (hangul elements, letters & syllables)",Adobe,"This Font Software is licensed under the SIL Open Font License, Version 1.1. This license is available with a FAQ at: https://openfontlicense.org",https://openfontlicense.org,MATCH,True,OK,
Roboto,"staging/google-fonts/ofl/roboto/Roboto-Italic[wdth,wght].ttf",9725a847af6b460ffca162ae66d20dad48b01876137947180b42d7dcd7887182,530944,TTF,Roboto,Italic,Roboto-Italic,400,5,True,True,"[{""default"": 400.0, ""max"": 900.0, ""min"": 100.0, ""name"": ""Weight"", ""tag"": ""wght""}, {""default"": 100.0, ""max"": 100.0, ""min"": 75.0, ""name"": ""Width"", ""tag"": ""wdth""}]",1326,927,Version 3.015; 2026,Copyright 2011 The Roboto Project Authors (https://github.com/googlefonts/roboto-classic),Christian Robertson,Google,"This Font Software is licensed under the SIL Open Font License, Version 1.1. This license is available with a FAQ at: https://openfontlicense.org",https://openfontlicense.org,MATCH,True,OK,
Roboto,"staging/google-fonts/ofl/roboto/Roboto[wdth,wght].ttf",d7598e12c5dbef095ff8272cfc55da0250bd07fbdecbac8a530b9b277872a134,488584,TTF,Roboto,Regular,Roboto-Regular,400,5,False,True,"[{""default"": 400.0, ""max"": 900.0, ""min"": 100.0, ""name"": ""Weight"", ""tag"": ""wght""}, {""default"": 100.0, ""max"": 100.0, ""min"": 75.0, ""name"": ""Width"", ""tag"": ""wdth""}]",1326,927,Version 3.015; 2026,Copyright 2011 The Roboto Project Authors (https://github.com/googlefonts/roboto-classic),Christian Robertson,Google,"This Font Software is licensed under the SIL Open Font License, Version 1.1. This license is available with a FAQ at: https://openfontlicense.org",https://openfontlicense.org,MATCH,True,OK,
Open Sans,"staging/google-fonts/ofl/opensans/OpenSans-Italic[wdth,wght].ttf",fe269381e992f32e135801740998544d6235061e37c93ec067ad2be3edd5b17b,583992,TTF,Open Sans,Italic,OpenSans-Italic,400,5,True,True,"[{""default"": 400.0, ""max"": 800.0, ""min"": 300.0, ""name"": ""Weight"", ""tag"": ""wght""}, {""default"": 100.0, ""max"": 100.0, ""min"": 75.0, ""name"": ""Width"", ""tag"": ""wdth""}]",1162,1010,Version 3.003,Copyright 2020 The Open Sans Project Authors (https://github.com/googlefonts/opensans),Monotype Design Team,Monotype Imaging Inc.,"This Font Software is licensed under the SIL Open Font License, Version 1.1. This license is available with a FAQ at: https://scripts.sil.org/OFL",http://scripts.sil.org/OFL,MATCH,True,OK,
Open Sans,"staging/google-fonts/ofl/opensans/OpenSans[wdth,wght].ttf",36643644f318a812aab2d2ed3bb98f8cf0872527f835fe9398d95fe6b9adb878,532636,TTF,Open Sans,Regular,OpenSans-Regular,400,5,False,True,"[{""default"": 400.0, ""max"": 800.0, ""min"": 300.0, ""name"": ""Weight"", ""tag"": ""wght""}, {""default"": 100.0, ""max"": 100.0, ""min"": 75.0, ""name"": ""Width"", ""tag"": ""wdth""}]",1150,1010,Version 3.003,Copyright 2020 The Open Sans Project Authors (https://github.com/googlefonts/opensans),Monotype Design Team,Monotype Imaging Inc.,"This Font Software is licensed under the SIL Open Font License, Version 1.1. This license is available with a FAQ at: https://scripts.sil.org/OFL",http://scripts.sil.org/OFL,MATCH,True,OK,
Inter,"staging/google-fonts/ofl/inter/Inter-Italic[opsz,wght].ttf",acd98e64795781b2058f07b18475e0ecee2a0fe2b42a49e2f9e37d0d6bf66ce6,906596,TTF,Inter,Italic,Inter-Italic,400,5,True,True,"[{""default"": 14.0, ""max"": 32.0, ""min"": 14.0, ""name"": ""Optical size"", ""tag"": ""opsz""}, {""default"": 400.0, ""max"": 900.0, ""min"": 100.0, ""name"": ""Weight"", ""tag"": ""wght""}]",2897,2813,Version 4.001;git-66647c0bb,Copyright 2016 The Inter Project Authors (https://github.com/rsms/inter),Rasmus Andersson,rsms,"This Font Software is licensed under the SIL Open Font License, Version 1.1. This license is available with a FAQ at: https://openfontlicense.org",https://openfontlicense.org,MATCH,True,OK,
Inter,"staging/google-fonts/ofl/inter/Inter[opsz,wght].ttf",29160a80ff49ddcab2c97711247e08b1fab27a484a329ce8b813d820dc559031,876576,TTF,Inter,Regular,Inter-Regular,400,5,False,True,"[{""default"": 14.0, ""max"": 32.0, ""min"": 14.0, ""name"": ""Optical size"", ""tag"": ""opsz""}, {""default"": 400.0, ""max"": 900.0, ""min"": 100.0, ""name"": ""Weight"", ""tag"": ""wght""}]",2933,2849,Version 4.001;git-66647c0bb,Copyright 2016 The Inter Project Authors (https://github.com/rsms/inter),Rasmus Andersson,rsms,"This Font Software is licensed under the SIL Open Font License, Version 1.1. This license is available with a FAQ at: https://openfontlicense.org",https://openfontlicense.org,MATCH,True,OK,
Montserrat,staging/google-fonts/ofl/montserrat/Montserrat-Italic[wght].ttf,51607f316bc020e59f03cbf51543eecffbea501c0b31d73e5b82927c5cca442c,762376,TTF,Montserrat,Thin Italic,Montserrat-ThinItalic,100,5,True,True,"[{""default"": 100.0, ""max"": 900.0, ""min"": 100.0, ""name"": ""Weight"", ""tag"": ""wght""}]",2791,1312,Version 9.000,Copyright 2011 The Montserrat Project Authors (https://github.com/JulietaUla/Montserrat),Julieta Ulanovsky,Julieta Ulanovsky,"This Font Software is licensed under the SIL Open Font License, Version 1.1. This license is available with a FAQ at: https://openfontlicense.org",https://openfontlicense.org,MATCH,True,OK,
Montserrat,staging/google-fonts/ofl/montserrat/Montserrat[wght].ttf,0f7b311b2f3279e4eef9b2f968bcdbab6e28f4daeb1f049f4f278a902bcd82f7,744936,TTF,Montserrat,Thin,Montserrat-Thin,100,5,False,True,"[{""default"": 100.0, ""max"": 900.0, ""min"": 100.0, ""name"": ""Weight"", ""tag"": ""wght""}]",2747,1312,Version 9.000,Copyright 2011 The Montserrat Project Authors (https://github.com/JulietaUla/Montserrat),Julieta Ulanovsky,Julieta Ulanovsky,"This Font Software is licensed under the SIL Open Font License, Version 1.1. This license is available with a FAQ at: https://openfontlicense.org",https://openfontlicense.org,MATCH,True,OK,
Arimo,staging/google-fonts/ofl/arimo/Arimo-Italic[wght].ttf,a80fc54fd0233c1dfe298577c4d00f5ae81d5bb83510975e473c47e699b7f4ed,543196,TTF,Arimo,Italic,Arimo-Italic,400,5,True,True,"[{""default"": 400.0, ""max"": 700.0, ""min"": 400.0, ""name"": ""Weight"", ""tag"": ""wght""}]",3306,3010,Version 1.341,Copyright 2020 The Arimo Project Authors (https://github.com/googlefonts/arimo),Steve Matteson,Monotype Imaging Inc.,"This Font Software is licensed under the SIL Open Font License, Version 1.1. This license is available with a FAQ at: https://openfontlicense.org",https://openfontlicense.org,MATCH,True,OK,
Arimo,staging/google-fonts/ofl/arimo/Arimo[wght].ttf,e43898b143ec826ac8cb4034816458a7047fbe0836558de2a1f8c6223ae3e0ca,496268,TTF,Arimo,Regular,Arimo-Regular,400,5,False,True,"[{""default"": 400.0, ""max"": 700.0, ""min"": 400.0, ""name"": ""Weight"", ""tag"": ""wght""}]",3301,3010,Version 1.341,Copyright 2020 The Arimo Project Authors (https://github.com/googlefonts/arimo),Steve Matteson,Monotype Imaging Inc.,"This Font Software is licensed under the SIL Open Font License, Version 1.1. This license is available with a FAQ at: https://openfontlicense.org",https://openfontlicense.org,MATCH,True,OK,
Roboto Condensed,staging/google-fonts/ofl/robotocondensed/RobotoCondensed-Italic[wght].ttf,78f643b1923008b00dfc9b371a2ecd4d80a017722925f1a3fac9940be56d1b7d,388124,TTF,Roboto Condensed,Italic,RobotoCondensed-Italic,400,5,True,True,"[{""default"": 400.0, ""max"": 900.0, ""min"": 100.0, ""name"": ""Weight"", ""tag"": ""wght""}]",1321,922,Version 3.008; 2023,Copyright 2011 Google Inc. All Rights Reserved.,Christian Robertson,Google,"Licensed under the Apache License, Version 2.0",http://www.apache.org/licenses/LICENSE-2.0,CONFLICT,False,OK,
Roboto Condensed,staging/google-fonts/ofl/robotocondensed/RobotoCondensed[wght].ttf,dace262afcee68a5276f200d8026c57221735c0118ab5fda8c2c0d3dc409a8d0,371616,TTF,Roboto Condensed,Regular,RobotoCondensed-Regular,400,5,False,True,"[{""default"": 400.0, ""max"": 900.0, ""min"": 100.0, ""name"": ""Weight"", ""tag"": ""wght""}]",1321,922,Version 3.008; 2023,Copyright 2011 Google Inc. All Rights Reserved.,Christian Robertson,Google,"Licensed under the Apache License, Version 2.0",http://www.apache.org/licenses/LICENSE-2.0,CONFLICT,False,OK,
Roboto Mono,staging/google-fonts/ofl/robotomono/RobotoMono-Italic[wght].ttf,49ac343bb7b070071e53f0a8a501d68d140ed98ebd0a43b6b8fb96cf22f09ff7,196792,TTF,Roboto Mono,Italic,RobotoMono-Italic,400,5,True,True,"[{""default"": 400.0, ""max"": 700.0, ""min"": 100.0, ""name"": ""Weight"", ""tag"": ""wght""}]",1006,874,Version 3.001,Copyright 2015 The Roboto Mono Project Authors (https://github.com/googlefonts/robotomono),Google,,"This Font Software is licensed under the SIL Open Font License, Version 1.1. This license is available with a FAQ at: https://openfontlicense.org",https://openfontlicense.org,MATCH,True,OK,
Roboto Mono,staging/google-fonts/ofl/robotomono/RobotoMono[wght].ttf,66a80e79d17e4c7cabd162e2916578a4cc08fd19eef6e2a643305eae9c567b2b,183700,TTF,Roboto Mono,Regular,RobotoMono-Regular,400,5,False,True,"[{""default"": 400.0, ""max"": 700.0, ""min"": 100.0, ""name"": ""Weight"", ""tag"": ""wght""}]",1006,876,Version 3.001,Copyright 2015 The Roboto Mono Project Authors (https://github.com/googlefonts/robotomono),Google,,"This Font Software is licensed under the SIL Open Font License, Version 1.1. This license is available with a FAQ at: https://openfontlicense.org",https://openfontlicense.org,MATCH,True,OK,
Noto Sans,"staging/google-fonts/ofl/notosans/NotoSans-Italic[wdth,wght].ttf",58e6e0ebd1931b29a365aa2d3e2ee9a9e831a3af7cf3ad1462d4e72154f0b291,2322640,TTF,Noto Sans,Italic,NotoSans-Italic,400,5,True,True,"[{""default"": 400.0, ""max"": 900.0, ""min"": 100.0, ""name"": ""Weight"", ""tag"": ""wght""}, {""default"": 100.0, ""max"": 100.0, ""min"": 62.5, ""name"": ""Width"", ""tag"": ""wdth""}]",4526,3091,Version 2.015,Copyright 2022 The Noto Project Authors (https://github.com/notofonts/latin-greek-cyrillic),Monotype Design Team,Monotype Imaging Inc.,"This Font Software is licensed under the SIL Open Font License, Version 1.1. This license is available with a FAQ at: https://openfontlicense.org",https://openfontlicense.org,MATCH,True,OK,
Noto Sans,"staging/google-fonts/ofl/notosans/NotoSans[wdth,wght].ttf",bfb7bb691513f12e734dc346c03a03f784912432d7e3fa8e56efcf906fe86b3d,2049096,TTF,Noto Sans,Regular,NotoSans-Regular,400,5,False,True,"[{""default"": 400.0, ""max"": 900.0, ""min"": 100.0, ""name"": ""Weight"", ""tag"": ""wght""}, {""default"": 100.0, ""max"": 100.0, ""min"": 62.5, ""name"": ""Width"", ""tag"": ""wdth""}]",4515,3094,Version 2.015,Copyright 2022 The Noto Project Authors (https://github.com/notofonts/latin-greek-cyrillic),Monotype Design Team,Monotype Imaging Inc.,"This Font Software is licensed under the SIL Open Font License, Version 1.1. This license is available with a FAQ at: https://openfontlicense.org",https://openfontlicense.org,MATCH,True,OK,
Raleway,staging/google-fonts/ofl/raleway/Raleway-Italic[wght].ttf,96629caf2202183fab46c70237055a7d67e6a5400b85413d45a77ed6f2a0770c,318476,TTF,Raleway,Thin Italic,Raleway-ThinItalic,100,5,True,True,"[{""default"": 100.0, ""max"": 900.0, ""min"": 100.0, ""name"": ""Weight"", ""tag"": ""wght""}]",1063,919,Version 4.026,"Copyright 2010 The Raleway Project Authors (impallari@gmail.com), with Reserved Font Name ""Raleway"".","Matt McInerney, Pablo Impallari, Rodrigo Fuenzalida","Matt McInerney, Pablo Impallari, Rodrigo Fuenzalida","This Font Software is licensed under the SIL Open Font License, Version 1.1. This license is available with a FAQ at: http://scripts.sil.org/OFL",http://scripts.sil.org/OFL,MATCH,True,OK,
Raleway,staging/google-fonts/ofl/raleway/Raleway[wght].ttf,8bbcc3eb8275c388f4bcd998832f8a4b943eadbaf6a595205312774b5951aefb,312352,TTF,Raleway,Thin,Raleway-Thin,100,5,False,True,"[{""default"": 100.0, ""max"": 900.0, ""min"": 100.0, ""name"": ""Weight"", ""tag"": ""wght""}]",1071,936,Version 4.026,"Copyright 2010 The Raleway Project Authors (impallari@gmail.com), with Reserved Font Name ""Raleway"".","Matt McInerney, Pablo Impallari, Rodrigo Fuenzalida","Matt McInerney, Pablo Impallari, Rodrigo Fuenzalida","This Font Software is licensed under the SIL Open Font License, Version 1.1. This license is available with a FAQ at: http://scripts.sil.org/OFL",http://scripts.sil.org/OFL,MATCH,True,OK,
M PLUS 1p,staging/google-fonts/ofl/mplus1p/MPLUS1p-Black.ttf,815821a62ce085e453af318ca004768e336329d5a7d6f7bed272e97e7862d43e,1774332,TTF,M PLUS 1p,Black,MPLUS1p-Black,900,5,False,False,[],8676,8331,Version 1.062,Copyright 2016 The M+ Project Authors.,,,"This Font Software is licensed under the SIL Open Font License, Version 1.1. This license is available with a FAQ at: http://scripts.sil.org/OFL",http://scripts.sil.org/OFL,MATCH,True,OK,
M PLUS 1p,staging/google-fonts/ofl/mplus1p/MPLUS1p-Bold.ttf,76eb077b0a31ca33ca40238e47da5a17e2786741607cec09678d7d2e5ab1afc1,1766552,TTF,M PLUS 1p,Bold,MPLUS1p-Bold,700,5,False,False,[],8676,8331,Version 1.062,Copyright 2016 The M+ Project Authors.,,,"This Font Software is licensed under the SIL Open Font License, Version 1.1. This license is available with a FAQ at: http://scripts.sil.org/OFL",http://scripts.sil.org/OFL,MATCH,True,OK,
M PLUS 1p,staging/google-fonts/ofl/mplus1p/MPLUS1p-ExtraBold.ttf,d17f745712668b0dcd95e42b3634a90a76195228d4abf88a0be8e98ddbc441b2,1773944,TTF,M PLUS 1p,ExtraBold,MPLUS1p-ExtraBold,800,5,False,False,[],8676,8331,Version 1.062,Copyright 2016 The M+ Project Authors.,,,"This Font Software is licensed under the SIL Open Font License, Version 1.1. This license is available with a FAQ at: http://scripts.sil.org/OFL",http://scripts.sil.org/OFL,MATCH,True,OK,
M PLUS 1p,staging/google-fonts/ofl/mplus1p/MPLUS1p-Light.ttf,e39fa39f8556c3fdf47e01f68915d8d17936107f33fbead6b1b40fcf605c118c,1767184,TTF,M PLUS 1p,Light,MPLUS1p-Light,300,5,False,False,[],8676,8331,Version 1.062,Copyright 2016 The M+ Project Authors.,,,"This Font Software is licensed under the SIL Open Font License, Version 1.1. This license is available with a FAQ at: http://scripts.sil.org/OFL",http://scripts.sil.org/OFL,MATCH,True,OK,
M PLUS 1p,staging/google-fonts/ofl/mplus1p/MPLUS1p-Medium.ttf,28b2f52a40ae988064810b71d67e127df75a16e08d7df4e192d1006e4075394f,1758908,TTF,M PLUS 1p,Medium,MPLUS1p-Medium,500,5,False,False,[],8676,8331,Version 1.062,Copyright 2016 The M+ Project Authors.,,,"This Font Software is licensed under the SIL Open Font License, Version 1.1. This license is available with a FAQ at: http://scripts.sil.org/OFL",http://scripts.sil.org/OFL,MATCH,True,OK,
M PLUS 1p,staging/google-fonts/ofl/mplus1p/MPLUS1p-Regular.ttf,2f294ad496432b1608f070d310e3aa2adcf1de4af429f4901df97ec4bd361ed1,1758688,TTF,M PLUS 1p,Regular,MPLUS1p-Regular,400,5,False,False,[],8676,8331,Version 1.062,Copyright 2016 The M+ Project Authors.,,,"This Font Software is licensed under the SIL Open Font License, Version 1.1. This license is available with a FAQ at: http://scripts.sil.org/OFL",http://scripts.sil.org/OFL,MATCH,True,OK,
M PLUS 1p,staging/google-fonts/ofl/mplus1p/MPLUS1p-Thin.ttf,aa093fe44beb740d2730e0437bdd0bfeb57b526d30e8b2410e29ec6503434dd6,1771656,TTF,M PLUS 1p,Thin,MPLUS1p-Thin,250,5,False,False,[],8676,8331,Version 1.062,Copyright 2016 The M+ Project Authors.,,,"This Font Software is licensed under the SIL Open Font License, Version 1.1. This license is available with a FAQ at: http://scripts.sil.org/OFL",http://scripts.sil.org/OFL,MATCH,True,OK,
Nunito,staging/google-fonts/ofl/nunito/Nunito-Italic[wght].ttf,b520cc871868b0acfca1beda875df7f4a44ebce914f8a89f83977fc9c09529c8,281832,TTF,Nunito,ExtraLight Italic,Nunito-ExtraLightItalic,200,5,True,True,"[{""default"": 200.0, ""max"": 1000.0, ""min"": 200.0, ""name"": ""Weight"", ""tag"": ""wght""}]",1103,938,Version 3.602,Copyright 2014 The Nunito Project Authors (https://github.com/googlefonts/nunito),Vernon Adams,Vernon Adams,"This Font Software is licensed under the SIL Open Font License, Version 1.1. This license is available with a FAQ at: https://scripts.sil.org/OFL",https://scripts.sil.org/OFL,MATCH,True,OK,
Nunito,staging/google-fonts/ofl/nunito/Nunito[wght].ttf,bb55a5ca5c2042335b3991af27c4d0705d0ef41cac6164ac737fd8f2a1e85207,276932,TTF,Nunito,ExtraLight,Nunito-ExtraLight,200,5,False,True,"[{""default"": 200.0, ""max"": 1000.0, ""min"": 200.0, ""name"": ""Weight"", ""tag"": ""wght""}]",1103,938,Version 3.602,Copyright 2014 The Nunito Project Authors (https://github.com/googlefonts/nunito),Vernon Adams,Vernon Adams,"This Font Software is licensed under the SIL Open Font License, Version 1.1. This license is available with a FAQ at: https://scripts.sil.org/OFL",https://scripts.sil.org/OFL,MATCH,True,OK,
Nunito Sans,"staging/google-fonts/ofl/nunitosans/NunitoSans-Italic[YTLC,opsz,wdth,wght].ttf",d9d5db18f3c11221a4fbb553cbc709391c1179964c7eaa4466ef43c78aa4492f,558412,TTF,Nunito Sans,12pt ExtraLight Italic,NunitoSans-12ptExtraLightItalic,200,5,True,True,"[{""default"": 200.0, ""max"": 1000.0, ""min"": 200.0, ""name"": ""Weight"", ""tag"": ""wght""}, {""default"": 100.0, ""max"": 125.0, ""min"": 75.0, ""name"": ""Width"", ""tag"": ""wdth""}, {""default"": 12.0, ""max"": 12.0, ""min"": 6.0, ""name"": ""Optical size"", ""tag"": ""opsz""}, {""default"": 500.0, ""max"": 540.0, ""min"": 440.0, ""name"": ""YTLC"", ""tag"": ""YTLC""}]",1104,939,Version 3.101;gftools[0.9.27],Copyright 2016 The Nunito Sans Project Authors (https://github.com/Fonthausen/NunitoSans),Vernon Adams,Vernon Adams,"This Font Software is licensed under the SIL Open Font License, Version 1.1. This license is available with a FAQ at: https://scripts.sil.org/OFL",https://scripts.sil.org/OFL,MATCH,True,OK,
Nunito Sans,"staging/google-fonts/ofl/nunitosans/NunitoSans[YTLC,opsz,wdth,wght].ttf",f934d7142fb4784bf828da485b7dcbd90c0c80d514e9d49a5da0ed3a1ae2491d,571240,TTF,Nunito Sans,12pt ExtraLight,NunitoSans-12ptExtraLight,200,5,False,True,"[{""default"": 200.0, ""max"": 1000.0, ""min"": 200.0, ""name"": ""Weight"", ""tag"": ""wght""}, {""default"": 100.0, ""max"": 125.0, ""min"": 75.0, ""name"": ""Width"", ""tag"": ""wdth""}, {""default"": 12.0, ""max"": 12.0, ""min"": 6.0, ""name"": ""Optical size"", ""tag"": ""opsz""}, {""default"": 500.0, ""max"": 540.0, ""min"": 440.0, ""name"": ""YTLC"", ""tag"": ""YTLC""}]",1104,939,Version 3.101;gftools[0.9.27],Copyright 2016 The Nunito Sans Project Authors (https://github.com/Fonthausen/NunitoSans),Vernon Adams,Vernon Adams,"This Font Software is licensed under the SIL Open Font License, Version 1.1. This license is available with a FAQ at: https://scripts.sil.org/OFL",https://scripts.sil.org/OFL,MATCH,True,OK,
Rubik,staging/google-fonts/ofl/rubik/Rubik-Italic[wght].ttf,08c6c4018a5ada8b517407b46897e46cf6ebb106853fbd3e89addb51d3b59c62,354984,TTF,Rubik,Light Italic,Rubik-LightItalic,300,5,True,True,"[{""default"": 300.0, ""max"": 900.0, ""min"": 300.0, ""name"": ""Weight"", ""tag"": ""wght""}]",1174,885,Version 2.300;gftools[0.9.30],Copyright 2015 The Rubik Project Authors (https://github.com/googlefonts/rubik),Hubert and Fischer,Hubert and Fischer,"This Font Software is licensed under the SIL Open Font License, Version 1.1. This license is available with a FAQ at: https://scripts.sil.org/OFL",https://scripts.sil.org/OFL,MATCH,True,OK,
Rubik,staging/google-fonts/ofl/rubik/Rubik[wght].ttf,1b3a7437ba2af80e465e773ed60c5036d1ba6ace492d89046dbcf18fb31e4e88,359804,TTF,Rubik,Light,Rubik-Light,300,5,False,True,"[{""default"": 300.0, ""max"": 900.0, ""min"": 300.0, ""name"": ""Weight"", ""tag"": ""wght""}]",1174,885,Version 2.300;gftools[0.9.30],Copyright 2015 The Rubik Project Authors (https://github.com/googlefonts/rubik),Hubert and Fischer,Hubert and Fischer,"This Font Software is licensed under the SIL Open Font License, Version 1.1. This license is available with a FAQ at: https://scripts.sil.org/OFL",https://scripts.sil.org/OFL,MATCH,True,OK,
Roboto Slab,staging/google-fonts/apache/robotoslab/RobotoSlab[wght].ttf,786ae192477447d33c6672c3055fba7cbfe45184c9a79e77a14f15716ca05b16,251880,TTF,Roboto Slab,Regular,RobotoSlab-Regular,400,5,False,True,"[{""default"": 400.0, ""max"": 900.0, ""min"": 100.0, ""name"": ""Weight"", ""tag"": ""wght""}]",1164,901,Version 2.002,Copyright 2018 The Roboto Slab Project Authors (https://github.com/googlefonts/robotoslab),Google,,"Licensed under the Apache License, Version 2.0",http://www.apache.org/licenses/LICENSE-2.0,MATCH,True,OK,
Oswald,staging/google-fonts/ofl/oswald/Oswald[wght].ttf,5b38c246e255a12f5712d640d56bcced0472466fc68983d2d0410ec0457c2817,172088,TTF,Oswald,Regular,Oswald-Regular,400,5,False,True,"[{""default"": 400.0, ""max"": 700.0, ""min"": 200.0, ""name"": ""Weight"", ""tag"": ""wght""}]",883,850,Version 4.103;gftools[0.9.33.dev8+g029e19f],Copyright 2016 The Oswald Project Authors (https://github.com/googlefonts/OswaldFont),Vernon Adams,Vernon Adams,"This Font Software is licensed under the SIL Open Font License, Version 1.1. This license is available with a FAQ at: https://scripts.sil.org/OFL",https://scripts.sil.org/OFL,MATCH,True,OK,
Manrope,staging/google-fonts/ofl/manrope/Manrope[wght].ttf,d0639be45d0af36e798172419d7bd173c4bd4f29e2b76cbb69db1d11bf8b0a40,165420,TTF,Manrope,ExtraLight,Manrope-ExtraLight,200,5,False,True,"[{""default"": 200.0, ""max"": 800.0, ""min"": 200.0, ""name"": ""Weight"", ""tag"": ""wght""}]",742,678,Version 4.504,Copyright 2019 The Manrope Project Authors (https://github.com/sharanda/manrope),Mikhail Sharanda,Mikhail Sharanda,"This Font Software is licensed under the SIL Open Font License, Version 1.1. This license is available with a FAQ at: http://scripts.sil.org/OFL",http://scripts.sil.org/OFL,MATCH,True,OK,
Noto Serif TC,staging/google-fonts/ofl/notoseriftc/NotoSerifTC[wght].ttf,0077e18f57c6908f4a000969880940bdb0dad057c0e8d98b49dc364c3d1b09c6,16851596,TTF,Noto Serif TC,ExtraLight,NotoSerifTC-ExtraLight,200,5,False,True,"[{""default"": 200.0, ""max"": 900.0, ""min"": 200.0, ""name"": ""Weight"", ""tag"": ""wght""}]",20939,20748,Version 2.003-H1;hotconv 1.1.1;makeotfexe 2.6.0,(c) 2017-2024 Adobe (http://www.adobe.com/).,"Ryoko NISHIZUKA 西塚涼子 (kana & ideographs); Frank Grießhammer (Latin, Greek & Cyrillic); Wenlong ZHANG 张文龙 (bopomofo); Sandoll Communications 산돌커뮤니케이션, Soohyun PARK 박수현, Yejin WE 위예진 & Donghoon HAN 한동훈 (hangul elements, letters & syllables)",Adobe,"This Font Software is licensed under the SIL Open Font License, Version 1.1. This license is available with a FAQ at: https://openfontlicense.org",https://openfontlicense.org,MATCH,True,OK,
Ubuntu,staging/google-fonts/ufl/ubuntu/Ubuntu-Bold.ttf,679b5c1e09cab3156bb8ef529735f9382bf31ca7ac737382ab959297f8d82ad4,331612,TTF,Ubuntu,Bold,Ubuntu-Bold,700,5,False,False,[],1264,1194,0.83,Copyright 2011 Canonical Ltd.  Licensed under the Ubuntu Font Licence 1.0,Dalton Maag Ltd,Dalton Maag Ltd,,,MISSING,False,OK,
Ubuntu,staging/google-fonts/ufl/ubuntu/Ubuntu-BoldItalic.ttf,875d776e7f33c50b1d1b594791da0eba9865648f232f08bcba00bba9dfa01d96,354956,TTF,Ubuntu,Bold Italic,Ubuntu-BoldItalic,700,5,True,False,[],1269,1194,0.83,Copyright 2011 Canonical Ltd.  Licensed under the Ubuntu Font Licence 1.0,Dalton Maag Ltd,Dalton Maag Ltd,,,MISSING,False,OK,
Ubuntu,staging/google-fonts/ufl/ubuntu/Ubuntu-Italic.ttf,4ab857e72f781a8967a6e4a9ac8858fbd6b3a9f9782db349d4b62b78ed02860b,384408,TTF,Ubuntu,Italic,Ubuntu-Italic,400,5,True,False,[],1269,1194,0.83,Copyright 2011 Canonical Ltd.  Licensed under the Ubuntu Font Licence 1.0,Dalton Maag Ltd,Dalton Maag Ltd,,,MISSING,False,OK,
Ubuntu,staging/google-fonts/ufl/ubuntu/Ubuntu-Light.ttf,a5d3ef89f219e90e1f22616adf2bd4a86c8ddd37aff58cd223482c44e3a92eef,413600,TTF,Ubuntu,Light,Ubuntu-Light,300,5,False,False,[],1264,1194,0.83,Copyright 2011 Canonical Ltd.  Licensed under the Ubuntu Font Licence 1.0,Dalton Maag Ltd,Dalton Maag Ltd,,,MISSING,False,OK,
Ubuntu,staging/google-fonts/ufl/ubuntu/Ubuntu-LightItalic.ttf,8fc50d6238be2076f602578d846c81a680f3c1ad58c372cc272b4dee6e68ff90,407728,TTF,Ubuntu,Light Italic,Ubuntu-LightItalic,300,5,True,False,[],1269,1194,0.83,Copyright 2011 Canonical Ltd.  Licensed under the Ubuntu Font Licence 1.0,Dalton Maag Ltd,Dalton Maag Ltd,,,MISSING,False,OK,
Ubuntu,staging/google-fonts/ufl/ubuntu/Ubuntu-Medium.ttf,3cd952b8b52581e48a8fa95b31c8829c2baa41b635042a69587d57f98092961e,339360,TTF,Ubuntu,Medium,Ubuntu-Medium,500,5,False,False,[],1264,1194,0.83,Copyright 2011 Canonical Ltd.  Licensed under the Ubuntu Font Licence 1.0,Dalton Maag Ltd,Dalton Maag Ltd,,,MISSING,False,OK,
Ubuntu,staging/google-fonts/ufl/ubuntu/Ubuntu-MediumItalic.ttf,54f65387b462fef9b4fb45f4e84344d5a9cfa660e281189e8d5e0ddcfccf5e8c,365080,TTF,Ubuntu,Medium Italic,Ubuntu-MediumItalic,500,5,True,False,[],1269,1194,0.83,Copyright 2011 Canonical Ltd.  Licensed under the Ubuntu Font Licence 1.0,Dalton Maag Ltd,Dalton Maag Ltd,,,MISSING,False,OK,
Ubuntu,staging/google-fonts/ufl/ubuntu/Ubuntu-Regular.ttf,3128df86a31805618436d0ae5651ba4285d0c9de0a39057d025f64ee33bceb64,351884,TTF,Ubuntu,Regular,Ubuntu-Regular,400,5,False,False,[],1264,1194,0.83,Copyright 2011 Canonical Ltd.  Licensed under the Ubuntu Font Licence 1.0,Dalton Maag Ltd,Dalton Maag Ltd,,,MISSING,False,OK,
Noto Serif SC,staging/google-fonts/ofl/notoserifsc/NotoSerifSC[wght].ttf,050080d9255a86808f2945bffac582b31ef32bc36411ce29563b4961670c66f9,25125512,TTF,Noto Serif SC,ExtraLight,NotoSerifSC-ExtraLight,200,5,False,True,"[{""default"": 200.0, ""max"": 900.0, ""min"": 200.0, ""name"": ""Weight"", ""tag"": ""wght""}]",31058,30928,Version 2.003-H1;hotconv 1.1.1;makeotfexe 2.6.0,(c) 2017-2024 Adobe (http://www.adobe.com/).,"Ryoko NISHIZUKA 西塚涼子 (kana & ideographs); Frank Grießhammer (Latin, Greek & Cyrillic); Wenlong ZHANG 张文龙 (bopomofo); Sandoll Communications 산돌커뮤니케이션, Soohyun PARK 박수현, Yejin WE 위예진 & Donghoon HAN 한동훈 (hangul elements, letters & syllables)",Adobe,"This Font Software is licensed under the SIL Open Font License, Version 1.1. This license is available with a FAQ at: https://openfontlicense.org",https://openfontlicense.org,MATCH,True,OK,
Merriweather,"staging/google-fonts/ofl/merriweather/Merriweather-Italic[opsz,wdth,wght].ttf",f68a8f4989258679e4fbaf50aa42400132b5373c2d9d2514ba82ef6e85947a0b,4591168,TTF,Merriweather,Light Italic,Merriweather-LightItalic,300,5,True,True,"[{""default"": 300.0, ""max"": 900.0, ""min"": 300.0, ""name"": ""Weight"", ""tag"": ""wght""}, {""default"": 100.0, ""max"": 112.0, ""min"": 87.0, ""name"": ""Width"", ""tag"": ""wdth""}, {""default"": 18.0, ""max"": 144.0, ""min"": 18.0, ""name"": ""Optical size"", ""tag"": ""opsz""}]",2381,1422,Version 2.101,"Copyright 2024 The Merriweather Project Authors (https://github.com/EbenSorkin/Merriweather4) with Reserved Font Name ""Merriweather"".",Eben Sorkin,Eben Sorkin,"This Font Software is licensed under the SIL Open Font License, Version 1.1. This license is available with a FAQ at: https://openfontlicense.org",https://openfontlicense.org,MATCH,True,OK,
Merriweather,"staging/google-fonts/ofl/merriweather/Merriweather[opsz,wdth,wght].ttf",d0ed0e359e396af7ad05e73dffd11a3a4c326ea0d0283c56bd9361cb2cc86a96,4628080,TTF,Merriweather,Light,Merriweather-Light,300,5,False,True,"[{""default"": 300.0, ""max"": 900.0, ""min"": 300.0, ""name"": ""Weight"", ""tag"": ""wght""}, {""default"": 100.0, ""max"": 112.0, ""min"": 87.0, ""name"": ""Width"", ""tag"": ""wdth""}, {""default"": 18.0, ""max"": 144.0, ""min"": 18.0, ""name"": ""Optical size"", ""tag"": ""opsz""}]",2384,1423,Version 2.100,"Copyright 2024 The Merriweather Project Authors (https://github.com/EbenSorkin/Merriweather4) with Reserved Font Name ""Merriweather"".",Eben Sorkin,Eben Sorkin,"This Font Software is licensed under the SIL Open Font License, Version 1.1. This license is available with a FAQ at: https://openfontlicense.org",https://openfontlicense.org,MATCH,True,OK,
Lora,staging/google-fonts/ofl/lora/Lora-Italic[wght].ttf,22d8d8854b53807aa664ca34f2031a9ed57a1d0dea296b8b96cdd3aad937a2b3,221232,TTF,Lora,Italic,Lora-Italic,400,5,True,True,"[{""default"": 400.0, ""max"": 700.0, ""min"": 400.0, ""name"": ""Weight"", ""tag"": ""wght""}]",889,778,Version 3.008,"Copyright 2011 The Lora Project Authors (https://github.com/cyrealtype/Lora-Cyrillic), with Reserved Font Name ""Lora"".","Olga Karpushina, Alexei Vanyashin (Cyrillic)",Cyreal,"This Font Software is licensed under the SIL Open Font License, Version 1.1. This license is available with a FAQ at: https://scripts.sil.org/OFL",https://scripts.sil.org/OFL,MATCH,True,OK,
Lora,staging/google-fonts/ofl/lora/Lora[wght].ttf,822a6621ccbe8d97d20ac88c1c41f5615c9c2c202eaa75f272cd452aac6475a7,212196,TTF,Lora,Regular,Lora-Regular,400,5,False,True,"[{""default"": 400.0, ""max"": 700.0, ""min"": 400.0, ""name"": ""Weight"", ""tag"": ""wght""}]",892,778,Version 3.008,"Copyright 2011 The Lora Project Authors (https://github.com/cyrealtype/Lora-Cyrillic), with Reserved Font Name ""Lora"".","Olga Karpushina, Alexei Vanyashin (Cyrillic)",Cyreal,"This Font Software is licensed under the SIL Open Font License, Version 1.1. This license is available with a FAQ at: https://scripts.sil.org/OFL",https://scripts.sil.org/OFL,MATCH,True,OK,
Mulish,staging/google-fonts/ofl/mulish/Mulish-Italic[wght].ttf,4f4d5f97b530500232d9d487101b8283840168dcfe7b8b9a285af65f0fa8aaab,219548,TTF,Mulish,ExtraLight Italic,Mulish-ExtraLightItalic,200,5,True,True,"[{""default"": 200.0, ""max"": 1000.0, ""min"": 200.0, ""name"": ""Weight"", ""tag"": ""wght""}]",1063,936,Version 3.603,Copyright 2016 The Mulish Project Authors (https://github.com/googlefonts/mulish),Vernon Adams,Vernon Adams,"This Font Software is licensed under the SIL Open Font License, Version 1.1. This license is available with a FAQ at: http://scripts.sil.org/OFL",http://scripts.sil.org/OFL,MATCH,True,OK,
Mulish,staging/google-fonts/ofl/mulish/Mulish[wght].ttf,00f1105796291a2fdda117a0fc7f25d8e68f8010cdbb34a411f60b3bd57717ac,211988,TTF,Mulish,ExtraLight,Mulish-ExtraLight,200,5,False,True,"[{""default"": 200.0, ""max"": 1000.0, ""min"": 200.0, ""name"": ""Weight"", ""tag"": ""wght""}]",1063,936,Version 3.603,Copyright 2016 The Mulish Project Authors (https://github.com/googlefonts/mulish),Vernon Adams,Vernon Adams,"This Font Software is licensed under the SIL Open Font License, Version 1.1. This license is available with a FAQ at: http://scripts.sil.org/OFL",http://scripts.sil.org/OFL,MATCH,True,OK,
Source Sans 3,staging/google-fonts/ofl/sourcesans3/SourceSans3-Italic[wght].ttf,39e3ab05ccd7cb94907c31005bb5bec1d5432f0b096a2b782976e217a540eb6c,395372,TTF,Source Sans 3,ExtraLight Italic,SourceSans3-Italic,200,5,True,True,"[{""default"": 200.0, ""max"": 900.0, ""min"": 200.0, ""name"": ""Weight"", ""tag"": ""wght""}]",1998,1615,Version 3.052;hotconv 1.1.0;makeotfexe 2.6.0,"© 2023 Adobe (http://www.adobe.com/), with Reserved Font Name ‘Source’",Paul D. Hunt,Adobe,"This Font Software is licensed under the SIL Open Font License, Version 1.1. This license is available with a FAQ at: http://scripts.sil.org/OFL. This Font Software is distributed on an ‘AS IS’ BASIS, WITHOUT WARRANTIES OR CONDITIONS OF ANY KIND, either express or implied. See the SIL Open Font License for the specific language, permissions and limitations governing your use of this Font Software.",http://scripts.sil.org/OFL,MATCH,True,OK,
Source Sans 3,staging/google-fonts/ofl/sourcesans3/SourceSans3[wght].ttf,042fe2cc0b933e328410d7acbd0aa6a1873dca5aef81875f4bc214b08825c7b9,646340,TTF,Source Sans 3,ExtraLight,SourceSans3-Roman,200,5,False,True,"[{""default"": 200.0, ""max"": 900.0, ""min"": 200.0, ""name"": ""Weight"", ""tag"": ""wght""}]",2478,1615,Version 3.052;hotconv 1.1.0;makeotfexe 2.6.0,"© 2023 Adobe (http://www.adobe.com/), with Reserved Font Name ‘Source’",Paul D. Hunt,Adobe,"This Font Software is licensed under the SIL Open Font License, Version 1.1. This license is available with a FAQ at: http://scripts.sil.org/OFL. This Font Software is distributed on an ‘AS IS’ BASIS, WITHOUT WARRANTIES OR CONDITIONS OF ANY KIND, either express or implied. See the SIL Open Font License for the specific language, permissions and limitations governing your use of this Font Software.",http://scripts.sil.org/OFL,MATCH,True,OK,
IBM Plex Sans,"staging/google-fonts/ofl/ibmplexsans/IBMPlexSans-Italic[wdth,wght].ttf",0b94c5e981993764db32bf9c610ecc60cbd34ad77ec2f10ba03c64ab75124d8e,599624,TTF,IBM Plex Sans,Italic,IBMPlexSans-Italic,400,5,True,True,"[{""default"": 400.0, ""max"": 700.0, ""min"": 100.0, ""name"": ""Weight"", ""tag"": ""wght""}, {""default"": 100.0, ""max"": 100.0, ""min"": 75.0, ""name"": ""Width"", ""tag"": ""wdth""}]",1017,891,Version 3.201,Copyright 2019 IBM Corp. All rights reserved.,"Mike Abbink, Paul van der Laan, Pieter van Rosmalen",Bold Monday,"This Font Software is licensed under the SIL Open Font License, Version 1.1. This license is available with a FAQ at: http://scripts.sil.org/OFL",http://scripts.sil.org/OFL,MATCH,True,OK,
IBM Plex Sans,"staging/google-fonts/ofl/ibmplexsans/IBMPlexSans[wdth,wght].ttf",3b031aa4216174205bd8471f88a49b91f093169e9e87bd5262242bc5967fe2e3,537244,TTF,IBM Plex Sans,Regular,IBMPlexSans-Regular,400,5,False,True,"[{""default"": 400.0, ""max"": 700.0, ""min"": 100.0, ""name"": ""Weight"", ""tag"": ""wght""}, {""default"": 100.0, ""max"": 100.0, ""min"": 75.0, ""name"": ""Width"", ""tag"": ""wdth""}]",1025,891,Version 3.201,Copyright 2019 IBM Corp. All rights reserved.,"Mike Abbink, Paul van der Laan, Pieter van Rosmalen",Bold Monday,"This Font Software is licensed under the SIL Open Font License, Version 1.1. This license is available with a FAQ at: http://scripts.sil.org/OFL",http://scripts.sil.org/OFL,MATCH,True,OK,
JetBrains Mono,staging/google-fonts/ofl/jetbrainsmono/JetBrainsMono-Italic[wght].ttf,85ae2a5cd3f56baf1ce1c21a851322c58e3d8fbe8e8ad4a4d090a820dd7fe558,191556,TTF,JetBrains Mono,Italic,JetBrainsMono-Italic,400,5,True,True,"[{""default"": 400.0, ""max"": 800.0, ""min"": 100.0, ""name"": ""Weight"", ""tag"": ""wght""}]",1179,976,Version 2.211,Copyright 2020 The JetBrains Mono Project Authors (https://github.com/JetBrains/JetBrainsMono),"Philipp Nurullin, Konstantin Bulenkov",JetBrains,"This Font Software is licensed under the SIL Open Font License, Version 1.1. This license is available with a FAQ at: https://scripts.sil.org/OFL",https://scripts.sil.org/OFL,MATCH,True,OK,
JetBrains Mono,staging/google-fonts/ofl/jetbrainsmono/JetBrainsMono[wght].ttf,48715a42ec242c21e9f02692891e147d022299a52e48d5e413e1a942193ffeda,187208,TTF,JetBrains Mono,Regular,JetBrainsMono-Regular,400,5,False,True,"[{""default"": 400.0, ""max"": 800.0, ""min"": 100.0, ""name"": ""Weight"", ""tag"": ""wght""}]",1179,976,Version 2.211,Copyright 2020 The JetBrains Mono Project Authors (https://github.com/JetBrains/JetBrainsMono),"Philipp Nurullin, Konstantin Bulenkov",JetBrains,"This Font Software is licensed under the SIL Open Font License, Version 1.1. This license is available with a FAQ at: https://scripts.sil.org/OFL",https://scripts.sil.org/OFL,MATCH,True,OK,
Heebo,staging/google-fonts/ofl/heebo/Heebo[wght].ttf,18f930b583fa8fe6b40b2f8263b7ac6afbac07adc91a12467874e7467d3ace30,122012,TTF,Heebo,Regular,Heebo-Regular,400,5,False,True,"[{""default"": 400.0, ""max"": 900.0, ""min"": 100.0, ""name"": ""Weight"", ""tag"": ""wght""}]",591,463,Version 3.100,Copyright 2014 The Heebo Project Authors (https://github.com/OdedEzer/heebo),Oded Ezer,Ezer Type House,"This Font Software is licensed under the SIL Open Font License, Version 1.1. This license is available with a FAQ at: https://scripts.sil.org/OFL",https://scripts.sil.org/OFL,MATCH,True,OK,
Noto Serif,"staging/google-fonts/ofl/notoserif/NotoSerif-Italic[wdth,wght].ttf",e87acbc6c0efd0d9a20d6a8cbbda2b266c14be3a3a6f5af8ec9d7b2460570ad1,2448496,TTF,Noto Serif,Italic,NotoSerif-Italic,400,5,True,True,"[{""default"": 400.0, ""max"": 900.0, ""min"": 100.0, ""name"": ""Weight"", ""tag"": ""wght""}, {""default"": 100.0, ""max"": 100.0, ""min"": 62.5, ""name"": ""Width"", ""tag"": ""wdth""}]",3836,2964,Version 2.013,Copyright 2022 The Noto Project Authors (https://github.com/notofonts/latin-greek-cyrillic),Monotype Design Team,Monotype Imaging Inc.,"This Font Software is licensed under the SIL Open Font License, Version 1.1. This license is available with a FAQ at: https://scripts.sil.org/OFL",https://scripts.sil.org/OFL,MATCH,True,OK,
Noto Serif,"staging/google-fonts/ofl/notoserif/NotoSerif[wdth,wght].ttf",4d8e6761424656867019081a1a01336f3cb086982682698714054fc33f782713,1887192,TTF,Noto Serif,Regular,NotoSerif-Regular,400,5,False,True,"[{""default"": 400.0, ""max"": 900.0, ""min"": 100.0, ""name"": ""Weight"", ""tag"": ""wght""}, {""default"": 100.0, ""max"": 100.0, ""min"": 62.5, ""name"": ""Width"", ""tag"": ""wdth""}]",3830,2965,Version 2.015,Copyright 2022 The Noto Project Authors (https://github.com/notofonts/latin-greek-cyrillic),Monotype Design Team,Monotype Imaging Inc.,"This Font Software is licensed under the SIL Open Font License, Version 1.1. This license is available with a FAQ at: https://openfontlicense.org",https://openfontlicense.org,MATCH,True,OK,
Fira Sans,staging/google-fonts/ofl/firasans/FiraSans-Black.ttf,0ab27e9178d7f74898dd26e3a5f10eb7922bb2a88a2903e00796c4f7c7e08cc0,507204,TTF,Fira Sans,Black,FiraSans-Black,900,5,False,False,[],2708,1686,Version 4.203,"Digitized data copyright 2012-2016, The Mozilla Foundation and Telefonica S.A.",Carrois Corporate & Edenspiekermann AG,Carrois Corporate GbR & Edenspiekermann AG,"Licensed under the Open Font License, version 1.1 or later",http://scripts.sil.org/OFL,MATCH,True,OK,
Fira Sans,staging/google-fonts/ofl/firasans/FiraSans-BlackItalic.ttf,81bc0f5fac5b1ba562c1625319676e8202fec01b47e1e09b35db88210c30cf68,527560,TTF,Fira Sans,Black Italic,FiraSans-BlackItalic,900,5,True,False,[],2707,1686,Version 4.203,"Digitized data copyright 2012-2016, The Mozilla Foundation and Telefonica S.A.",Carrois Corporate & Edenspiekermann AG,Carrois Corporate GbR & Edenspiekermann AG,"Licensed under the Open Font License, version 1.1 or later",http://scripts.sil.org/OFL,MATCH,True,OK,
Fira Sans,staging/google-fonts/ofl/firasans/FiraSans-Bold.ttf,a4d8e149ecdd4874a0726eb0af894488b3b31c423d6b0017c8f415ed1b795b45,489720,TTF,Fira Sans,Bold,FiraSans-Bold,700,5,False,False,[],2708,1686,Version 4.203,"Digitized data copyright 2012-2016, The Mozilla Foundation and Telefonica S.A.",Carrois Corporate & Edenspiekermann AG,Carrois Corporate GbR & Edenspiekermann AG,"Licensed under the Open Font License, version 1.1 or later",http://scripts.sil.org/OFL,MATCH,True,OK,
Fira Sans,staging/google-fonts/ofl/firasans/FiraSans-BoldItalic.ttf,1b96c16db9819bcaa9d588068bb397bb6e977c4874965d3d50d789a1943757eb,506864,TTF,Fira Sans,Bold Italic,FiraSans-BoldItalic,700,5,True,False,[],2707,1686,Version 4.203,"Digitized data copyright 2012-2016, The Mozilla Foundation and Telefonica S.A.",Carrois Corporate & Edenspiekermann AG,Carrois Corporate GbR & Edenspiekermann AG,"Licensed under the Open Font License, version 1.1 or later",http://scripts.sil.org/OFL,MATCH,True,OK,
Fira Sans,staging/google-fonts/ofl/firasans/FiraSans-ExtraBold.ttf,0a26cff904d790f7ade2bffaf227b5fecdbeffdac1695fdbd640e086fe4e7152,497028,TTF,Fira Sans,ExtraBold,FiraSans-ExtraBold,800,5,False,False,[],2708,1686,Version 4.203,"Digitized data copyright 2012-2016, The Mozilla Foundation and Telefonica S.A.",Carrois Corporate & Edenspiekermann AG,Carrois Corporate GbR & Edenspiekermann AG,"Licensed under the Open Font License, version 1.1 or later",http://scripts.sil.org/OFL,MATCH,True,OK,
Fira Sans,staging/google-fonts/ofl/firasans/FiraSans-ExtraBoldItalic.ttf,eb26df1afeec1f817977c8729b4a1ba5ef07d7c821d39cbff6348e491c748f5f,536744,TTF,Fira Sans,ExtraBold Italic,FiraSans-ExtraBoldItalic,800,5,True,False,[],2707,1686,Version 4.203,"Digitized data copyright 2012-2016, The Mozilla Foundation and Telefonica S.A.",Carrois Corporate & Edenspiekermann AG,Carrois Corporate GbR & Edenspiekermann AG,"Licensed under the Open Font License, version 1.1 or later",http://scripts.sil.org/OFL,MATCH,True,OK,
Fira Sans,staging/google-fonts/ofl/firasans/FiraSans-ExtraLight.ttf,f575442d8b863086599208c9b69d0e345a0936f3ec27b12b3fbc41526b56e838,447324,TTF,Fira Sans,ExtraLight,FiraSans-ExtraLight,275,5,False,False,[],2708,1686,Version 4.203,"Digitized data copyright 2012-2016, The Mozilla Foundation and Telefonica S.A.",Carrois Corporate & Edenspiekermann AG,Carrois Corporate GbR & Edenspiekermann AG,"Licensed under the Open Font License, version 1.1 or later",http://scripts.sil.org/OFL,MATCH,True,OK,
Fira Sans,staging/google-fonts/ofl/firasans/FiraSans-ExtraLightItalic.ttf,f4d66af27c828a269d5df483a488404605957d0f4aeead8ebbc9a20dad24b115,463000,TTF,Fira Sans,ExtraLight Italic,FiraSans-ExtraLightItalic,275,5,True,False,[],2707,1686,Version 4.203,"Digitized data copyright 2012-2016, The Mozilla Foundation and Telefonica S.A.",Carrois Corporate & Edenspiekermann AG,Carrois Corporate GbR & Edenspiekermann AG,"Licensed under the Open Font License, version 1.1 or later",http://scripts.sil.org/OFL,MATCH,True,OK,
Fira Sans,staging/google-fonts/ofl/firasans/FiraSans-Italic.ttf,a4204f9a8029c1c55daa5385ac95936f74abea3e232770f1fb2862a19d1dfa13,472396,TTF,Fira Sans,Italic,FiraSans-Italic,400,5,True,False,[],2707,1686,Version 4.203,"Digitized data copyright 2012-2016, The Mozilla Foundation and Telefonica S.A.",Carrois Corporate & Edenspiekermann AG,Carrois Corporate GbR & Edenspiekermann AG,"Licensed under the Open Font License, version 1.1 or later",http://scripts.sil.org/OFL,MATCH,True,OK,
Fira Sans,staging/google-fonts/ofl/firasans/FiraSans-Light.ttf,e2172f4a23e9be22f977c34de3897d890401bbc5e9c47df968dfa2c01fb32235,449660,TTF,Fira Sans,Light,FiraSans-Light,300,5,False,False,[],2708,1686,Version 4.203,"Digitized data copyright 2012-2016, The Mozilla Foundation and Telefonica S.A.",Carrois Corporate & Edenspiekermann AG,Carrois Corporate GbR & Edenspiekermann AG,"Licensed under the Open Font License, version 1.1 or later",http://scripts.sil.org/OFL,MATCH,True,OK,
Fira Sans,staging/google-fonts/ofl/firasans/FiraSans-LightItalic.ttf,ca4228bdd77761e229e74e3e30f3a3786a75275b77e675decb75f7d356d7f7b4,463212,TTF,Fira Sans,Light Italic,FiraSans-LightItalic,300,5,True,False,[],2707,1686,Version 4.203,"Digitized data copyright 2012-2016, The Mozilla Foundation and Telefonica S.A.",Carrois Corporate & Edenspiekermann AG,Carrois Corporate GbR & Edenspiekermann AG,"Licensed under the Open Font License, version 1.1 or later",http://scripts.sil.org/OFL,MATCH,True,OK,
Fira Sans,staging/google-fonts/ofl/firasans/FiraSans-Medium.ttf,cbc1842cbed8c1d1146ba7c9db97d8f28c9bedfd25f41c5b0e1259ca48622328,457248,TTF,Fira Sans,Medium,FiraSans-Medium,500,5,False,False,[],2708,1686,Version 4.203,"Digitized data copyright 2012-2016, The Mozilla Foundation and Telefonica S.A.",Carrois Corporate & Edenspiekermann AG,Carrois Corporate GbR & Edenspiekermann AG,"Licensed under the Open Font License, version 1.1 or later",http://scripts.sil.org/OFL,MATCH,True,OK,
Fira Sans,staging/google-fonts/ofl/firasans/FiraSans-MediumItalic.ttf,d892b7a6e874d839bc7e712b1d57cf64bcf8013ae143c3eab09e0fd9a0604411,472624,TTF,Fira Sans,Medium Italic,FiraSans-MediumItalic,500,5,True,False,[],2707,1686,Version 4.203,"Digitized data copyright 2012-2016, The Mozilla Foundation and Telefonica S.A.",Carrois Corporate & Edenspiekermann AG,Carrois Corporate GbR & Edenspiekermann AG,"Licensed under the Open Font License, version 1.1 or later",http://scripts.sil.org/OFL,MATCH,True,OK,
Fira Sans,staging/google-fonts/ofl/firasans/FiraSans-Regular.ttf,c29556a2719bf613ef3d5e070e40d903a8965d9c081beca1375dc1e6e0f93c23,456996,TTF,Fira Sans,Regular,FiraSans-Regular,400,5,False,False,[],2708,1686,Version 4.203,"Digitized data copyright 2012-2016, The Mozilla Foundation and Telefonica S.A.",Carrois Corporate & Edenspiekermann AG,Carrois Corporate GbR & Edenspiekermann AG,"Licensed under the Open Font License, version 1.1 or later",http://scripts.sil.org/OFL,MATCH,True,OK,
Fira Sans,staging/google-fonts/ofl/firasans/FiraSans-SemiBold.ttf,db0321f83eb3e9f527b8af384a1b3fefdc1039cf2b06fd39b3f61492bda9561c,489028,TTF,Fira Sans,SemiBold,FiraSans-SemiBold,600,5,False,False,[],2708,1686,Version 4.203,"Digitized data copyright 2012-2016, The Mozilla Foundation and Telefonica S.A.",Carrois Corporate & Edenspiekermann AG,Carrois Corporate GbR & Edenspiekermann AG,"Licensed under the Open Font License, version 1.1 or later",http://scripts.sil.org/OFL,MATCH,True,OK,
Fira Sans,staging/google-fonts/ofl/firasans/FiraSans-SemiBoldItalic.ttf,97dc5696fe0aabcabf7e041527e0ca39215661cb8174cd1a92c01d9fe224c73d,506544,TTF,Fira Sans,SemiBold Italic,FiraSans-SemiBoldItalic,600,5,True,False,[],2707,1686,Version 4.203,"Digitized data copyright 2012-2016, The Mozilla Foundation and Telefonica S.A.",Carrois Corporate & Edenspiekermann AG,Carrois Corporate GbR & Edenspiekermann AG,"Licensed under the Open Font License, version 1.1 or later",http://scripts.sil.org/OFL,MATCH,True,OK,
Fira Sans,staging/google-fonts/ofl/firasans/FiraSans-Thin.ttf,cd9d582ffae151bc616b26cf84b3c4912d04363b9c5e1b3e599b66e0e7d532a4,442852,TTF,Fira Sans,Thin,FiraSans-Thin,250,5,False,False,[],2708,1686,Version 4.203,"Digitized data copyright 2012-2016, The Mozilla Foundation and Telefonica S.A.",Carrois Corporate & Edenspiekermann AG,Carrois Corporate GbR & Edenspiekermann AG,"Licensed under the Open Font License, version 1.1 or later",http://scripts.sil.org/OFL,MATCH,True,OK,
Fira Sans,staging/google-fonts/ofl/firasans/FiraSans-ThinItalic.ttf,7275879630990f5bc13a3c3fcd68eea1c902aa8827769de4985390104a71a149,457188,TTF,Fira Sans,Thin Italic,FiraSans-ThinItalic,250,5,True,False,[],2707,1686,Version 4.203,"Digitized data copyright 2012-2016, The Mozilla Foundation and Telefonica S.A.",Carrois Corporate & Edenspiekermann AG,Carrois Corporate GbR & Edenspiekermann AG,"Licensed under the Open Font License, version 1.1 or later",http://scripts.sil.org/OFL,MATCH,True,OK,
Cormorant Garamond,staging/google-fonts/ofl/cormorantgaramond/CormorantGaramond-Italic[wght].ttf,0f48ea6abb2084537854f7174c470991a463b13036309e3b50a81511611c530d,715644,TTF,Cormorant Garamond,Light Italic,CormorantGaramond-LightItalic,300,5,True,True,"[{""default"": 300.0, ""max"": 700.0, ""min"": 300.0, ""name"": ""Weight"", ""tag"": ""wght""}]",1895,979,Version 4.001,Copyright 2015 The Cormorant Project Authors (github.com/CatharsisFonts/Cormorant),Christian Thalmann (Catharsis Fonts),Catharsis Fonts,"This Font Software is licensed under the SIL Open Font License, Version 1.1. This license is available with a FAQ at: https://openfontlicense.org",https://openfontlicense.org,MATCH,True,OK,
Cormorant Garamond,staging/google-fonts/ofl/cormorantgaramond/CormorantGaramond[wght].ttf,b20b7d9626dd956b2c5e558692ad328b1f19e3275e2782db4fa07670d83f35e0,1195560,TTF,Cormorant Garamond,Light,CormorantGaramond-Light,300,5,False,True,"[{""default"": 300.0, ""max"": 700.0, ""min"": 300.0, ""name"": ""Weight"", ""tag"": ""wght""}]",3241,974,Version 4.001,Copyright 2015 The Cormorant Project Authors (github.com/CatharsisFonts/Cormorant),Christian Thalmann (Catharsis Fonts),Catharsis Fonts,"This Font Software is licensed under the SIL Open Font License, Version 1.1. This license is available with a FAQ at: https://openfontlicense.org",https://openfontlicense.org,MATCH,True,OK,
Libre Franklin,staging/google-fonts/ofl/librefranklin/LibreFranklin-Italic[wght].ttf,b8d2f40203bd4d90fe3e805953d9b79d62a6486db756d984b0d8ef4435b367ba,206092,TTF,Libre Franklin,Thin Italic,LibreFranklin-ThinItalic,100,5,True,True,"[{""default"": 100.0, ""max"": 900.0, ""min"": 100.0, ""name"": ""Weight"", ""tag"": ""wght""}]",1012,918,Version 3.000,Copyright 2020 The Libre Franklin Project Authors (https://github.com/googlefonts/Libre-Franklin),"Pablo Impallari, Rodrigo Fuenzalida, Nhung Nguyen",Impallari Type,"This Font Software is licensed under the SIL Open Font License, Version 1.1. This license is available with a FAQ at: https://openfontlicense.org",https://openfontlicense.org,MATCH,True,OK,
Libre Franklin,staging/google-fonts/ofl/librefranklin/LibreFranklin[wght].ttf,2329f394b10ed1c71107df20fddc11e2bb1b68c1ecbb385f975b36fd64a971f8,187436,TTF,Libre Franklin,Thin,LibreFranklin-Thin,100,5,False,True,"[{""default"": 100.0, ""max"": 900.0, ""min"": 100.0, ""name"": ""Weight"", ""tag"": ""wght""}]",1007,918,Version 3.000,Copyright 2020 The Libre Franklin Project Authors (https://github.com/googlefonts/Libre-Franklin),"Pablo Impallari, Rodrigo Fuenzalida, Nhung Nguyen",Impallari Type,"This Font Software is licensed under the SIL Open Font License, Version 1.1. This license is available with a FAQ at: https://openfontlicense.org",https://openfontlicense.org,MATCH,True,OK,
Poppins,staging/google-fonts/ofl/poppins/Poppins-Black.ttf,d82aaaf98a9283f9a8edd24e51173337d8eaf09e25cd3d98831f8ec8461748a1,153440,TTF,Poppins,Black,Poppins-Black,900,5,False,False,[],1060,471,4.004,Copyright 2020 The Poppins Project Authors (https://github.com/itfoundry/Poppins),"Ninad Kale (Devanagari), Jonny Pinhorn (Latin)",Indian Type Foundry,"This Font Software is licensed under the SIL Open Font License, Version 1.1. This license is available with a FAQ at: https://scripts.sil.org/OFL",https://scripts.sil.org/OFL,MATCH,True,OK,
Poppins,staging/google-fonts/ofl/poppins/Poppins-BlackItalic.ttf,f4852ca89c29f69d800e14f097ed4d1f0a0cc454e9f77d73bfd6db1f71c287a0,174116,TTF,Poppins,Black Italic,Poppins-BlackItalic,900,5,True,False,[],1060,471,4.004,Copyright 2020 The Poppins Project Authors (https://github.com/itfoundry/Poppins),"Ninad Kale (Devanagari), Jonny Pinhorn (Latin)",Indian Type Foundry,"This Font Software is licensed under the SIL Open Font License, Version 1.1. This license is available with a FAQ at: https://scripts.sil.org/OFL",https://scripts.sil.org/OFL,MATCH,True,OK,
Poppins,staging/google-fonts/ofl/poppins/Poppins-Bold.ttf,983676516167748b74de6f4771fb384c664fd913acb8b471122ecacf5da5ea6c,155996,TTF,Poppins,Bold,Poppins-Bold,700,5,False,False,[],1060,471,4.004,Copyright 2020 The Poppins Project Authors (https://github.com/itfoundry/Poppins),"Ninad Kale (Devanagari), Jonny Pinhorn (Latin)",Indian Type Foundry,"This Font Software is licensed under the SIL Open Font License, Version 1.1. This license is available with a FAQ at: https://scripts.sil.org/OFL",https://scripts.sil.org/OFL,MATCH,True,OK,
Poppins,staging/google-fonts/ofl/poppins/Poppins-BoldItalic.ttf,3572ac8116a0ac7317d342262b29937bcbaf94d8f03f90df6fe666fa7e2fb43a,179108,TTF,Poppins,Bold Italic,Poppins-BoldItalic,700,5,True,False,[],1060,471,4.004,Copyright 2020 The Poppins Project Authors (https://github.com/itfoundry/Poppins),"Ninad Kale (Devanagari), Jonny Pinhorn (Latin)",Indian Type Foundry,"This Font Software is licensed under the SIL Open Font License, Version 1.1. This license is available with a FAQ at: https://scripts.sil.org/OFL",https://scripts.sil.org/OFL,MATCH,True,OK,
Poppins,staging/google-fonts/ofl/poppins/Poppins-ExtraBold.ttf,f2ab17c1a63a0ecc12c2461848fc8a469395e3cd2d641803e889c643d9f958e1,154836,TTF,Poppins,ExtraBold,Poppins-ExtraBold,800,5,False,False,[],1060,471,4.004,Copyright 2020 The Poppins Project Authors (https://github.com/itfoundry/Poppins),"Ninad Kale (Devanagari), Jonny Pinhorn (Latin)",Indian Type Foundry,"This Font Software is licensed under the SIL Open Font License, Version 1.1. This license is available with a FAQ at: https://scripts.sil.org/OFL",https://scripts.sil.org/OFL,MATCH,True,OK,
Poppins,staging/google-fonts/ofl/poppins/Poppins-ExtraBoldItalic.ttf,dc00a2eb988373e9f4e99bf8ff76c6315ee21d36b341cbbff024e4c18cc7ac03,176468,TTF,Poppins,ExtraBold Italic,Poppins-ExtraBoldItalic,800,5,True,False,[],1060,471,4.004,Copyright 2020 The Poppins Project Authors (https://github.com/itfoundry/Poppins),"Ninad Kale (Devanagari), Jonny Pinhorn (Latin)",Indian Type Foundry,"This Font Software is licensed under the SIL Open Font License, Version 1.1. This license is available with a FAQ at: https://scripts.sil.org/OFL",https://scripts.sil.org/OFL,MATCH,True,OK,
Poppins,staging/google-fonts/ofl/poppins/Poppins-ExtraLight.ttf,55c03314cc754e26f741f97890e5e9cbe3b3278fe3abcecfecafd60111b2643d,163568,TTF,Poppins,ExtraLight,Poppins-ExtraLight,275,5,False,False,[],1060,471,4.004,Copyright 2020 The Poppins Project Authors (https://github.com/itfoundry/Poppins),"Ninad Kale (Devanagari), Jonny Pinhorn (Latin)",Indian Type Foundry,"This Font Software is licensed under the SIL Open Font License, Version 1.1. This license is available with a FAQ at: https://scripts.sil.org/OFL",https://scripts.sil.org/OFL,MATCH,True,OK,
Poppins,staging/google-fonts/ofl/poppins/Poppins-ExtraLightItalic.ttf,7171a17e4cda8f6ded78a7a931f9b7f38987057f3ffd1fe07a71528ad0f01e49,188748,TTF,Poppins,ExtraLight Italic,Poppins-ExtraLightItalic,275,5,True,False,[],1060,471,4.004,Copyright 2020 The Poppins Project Authors (https://github.com/itfoundry/Poppins),"Ninad Kale (Devanagari), Jonny Pinhorn (Latin)",Indian Type Foundry,"This Font Software is licensed under the SIL Open Font License, Version 1.1. This license is available with a FAQ at: https://scripts.sil.org/OFL",https://scripts.sil.org/OFL,MATCH,True,OK,
Poppins,staging/google-fonts/ofl/poppins/Poppins-Italic.ttf,4fa76ae75b40f926420514044722cb97f32186cafd3b38263cc34dad7174d46d,184544,TTF,Poppins,Italic,Poppins-Italic,400,5,True,False,[],1060,471,4.004,Copyright 2020 The Poppins Project Authors (https://github.com/itfoundry/Poppins),"Ninad Kale (Devanagari), Jonny Pinhorn (Latin)",Indian Type Foundry,"This Font Software is licensed under the SIL Open Font License, Version 1.1. This license is available with a FAQ at: https://scripts.sil.org/OFL",https://scripts.sil.org/OFL,MATCH,True,OK,
Poppins,staging/google-fonts/ofl/poppins/Poppins-Light.ttf,650ba57fa99d12ec40c31ccfb680be656be4497fbe14164617d67e32ffe9cd46,161936,TTF,Poppins,Light,Poppins-Light,300,5,False,False,[],1060,471,4.004,Copyright 2020 The Poppins Project Authors (https://github.com/itfoundry/Poppins),"Ninad Kale (Devanagari), Jonny Pinhorn (Latin)",Indian Type Foundry,"This Font Software is licensed under the SIL Open Font License, Version 1.1. This license is available with a FAQ at: https://scripts.sil.org/OFL",https://scripts.sil.org/OFL,MATCH,True,OK,
Poppins,staging/google-fonts/ofl/poppins/Poppins-LightItalic.ttf,b8f9c5be59723fadf8e5447fa1245c2c53b60a3464a24d6ece9ee3c283d8917b,186976,TTF,Poppins,Light Italic,Poppins-LightItalic,300,5,True,False,[],1060,471,4.004,Copyright 2020 The Poppins Project Authors (https://github.com/itfoundry/Poppins),"Ninad Kale (Devanagari), Jonny Pinhorn (Latin)",Indian Type Foundry,"This Font Software is licensed under the SIL Open Font License, Version 1.1. This license is available with a FAQ at: https://scripts.sil.org/OFL",https://scripts.sil.org/OFL,MATCH,True,OK,
Poppins,staging/google-fonts/ofl/poppins/Poppins-Medium.ttf,90373e7d838d32468438fc3e152dca0bdb12edcab99ea639f158790b1ba1fd05,158576,TTF,Poppins,Medium,Poppins-Medium,500,5,False,False,[],1060,471,4.004,Copyright 2020 The Poppins Project Authors (https://github.com/itfoundry/Poppins),"Ninad Kale (Devanagari), Jonny Pinhorn (Latin)",Indian Type Foundry,"This Font Software is licensed under the SIL Open Font License, Version 1.1. This license is available with a FAQ at: https://scripts.sil.org/OFL",https://scripts.sil.org/OFL,MATCH,True,OK,
Poppins,staging/google-fonts/ofl/poppins/Poppins-MediumItalic.ttf,765addf6c7c11ec3c54325cacd68cabd05df8e4b6455302d812a9b9bafd1c614,183012,TTF,Poppins,Medium Italic,Poppins-MediumItalic,500,5,True,False,[],1060,471,4.004,Copyright 2020 The Poppins Project Authors (https://github.com/itfoundry/Poppins),"Ninad Kale (Devanagari), Jonny Pinhorn (Latin)",Indian Type Foundry,"This Font Software is licensed under the SIL Open Font License, Version 1.1. This license is available with a FAQ at: https://scripts.sil.org/OFL",https://scripts.sil.org/OFL,MATCH,True,OK,
Poppins,staging/google-fonts/ofl/poppins/Poppins-Regular.ttf,7e65201e9b79159e2300267cc885e16c8dcef2424cdfa09a29bfb0980a94a7ba,160316,TTF,Poppins,Regular,Poppins-Regular,400,5,False,False,[],1060,471,4.004,Copyright 2020 The Poppins Project Authors (https://github.com/itfoundry/Poppins),"Ninad Kale (Devanagari), Jonny Pinhorn (Latin)",Indian Type Foundry,"This Font Software is licensed under the SIL Open Font License, Version 1.1. This license is available with a FAQ at: https://scripts.sil.org/OFL",https://scripts.sil.org/OFL,MATCH,True,OK,
Poppins,staging/google-fonts/ofl/poppins/Poppins-SemiBold.ttf,d3bf1bdaf0550e83da9ac0b1d1d9fe6db086835a83aa28578e609a394b9a0286,157312,TTF,Poppins,SemiBold,Poppins-SemiBold,600,5,False,False,[],1060,471,4.004,Copyright 2020 The Poppins Project Authors (https://github.com/itfoundry/Poppins),"Ninad Kale (Devanagari), Jonny Pinhorn (Latin)",Indian Type Foundry,"This Font Software is licensed under the SIL Open Font License, Version 1.1. This license is available with a FAQ at: https://scripts.sil.org/OFL",https://scripts.sil.org/OFL,MATCH,True,OK,
Poppins,staging/google-fonts/ofl/poppins/Poppins-SemiBoldItalic.ttf,16bb118aa232c9a13fa238027d24d7854dd1a1d9cbaf99b17fec4388d56b432c,181108,TTF,Poppins,SemiBold Italic,Poppins-SemiBoldItalic,600,5,True,False,[],1060,471,4.004,Copyright 2020 The Poppins Project Authors (https://github.com/itfoundry/Poppins),"Ninad Kale (Devanagari), Jonny Pinhorn (Latin)",Indian Type Foundry,"This Font Software is licensed under the SIL Open Font License, Version 1.1. This license is available with a FAQ at: https://scripts.sil.org/OFL",https://scripts.sil.org/OFL,MATCH,True,OK,
Poppins,staging/google-fonts/ofl/poppins/Poppins-Thin.ttf,6d8e5d9d29140cc93e321745fa1243c67889e6bc3639ec34db64f3da7a496352,163672,TTF,Poppins,Thin,Poppins-Thin,250,5,False,False,[],1060,471,4.004,Copyright 2020 The Poppins Project Authors (https://github.com/itfoundry/Poppins),"Ninad Kale (Devanagari), Jonny Pinhorn (Latin)",Indian Type Foundry,"This Font Software is licensed under the SIL Open Font License, Version 1.1. This license is available with a FAQ at: https://scripts.sil.org/OFL",https://scripts.sil.org/OFL,MATCH,True,OK,
Poppins,staging/google-fonts/ofl/poppins/Poppins-ThinItalic.ttf,46df80ac970f5e84829b868d283878b4d97e289c7b1245541d8bbf66b5d670a8,189552,TTF,Poppins,Thin Italic,Poppins-ThinItalic,250,5,True,False,[],1060,471,4.004,Copyright 2020 The Poppins Project Authors (https://github.com/itfoundry/Poppins),"Ninad Kale (Devanagari), Jonny Pinhorn (Latin)",Indian Type Foundry,"This Font Software is licensed under the SIL Open Font License, Version 1.1. This license is available with a FAQ at: https://scripts.sil.org/OFL",https://scripts.sil.org/OFL,MATCH,True,OK,
Noto Serif KR,staging/google-fonts/ofl/notoserifkr/NotoSerifKR[wght].ttf,11f8d5de6f1b79195efba3828aaa2ec95c1178f5ae976fb23c8d53250a9938f3,23795420,TTF,Noto Serif KR,ExtraLight,NotoSerifKR-ExtraLight,200,5,False,True,"[{""default"": 200.0, ""max"": 900.0, ""min"": 200.0, ""name"": ""Weight"", ""tag"": ""wght""}]",24910,23124,Version 2.003-H1;hotconv 1.1.1;makeotfexe 2.6.0,(c) 2017-2024 Adobe (http://www.adobe.com/).,"Ryoko NISHIZUKA 西塚涼子 (kana & ideographs); Frank Grießhammer (Latin, Greek & Cyrillic); Wenlong ZHANG 张文龙 (bopomofo); Sandoll Communications 산돌커뮤니케이션, Soohyun PARK 박수현, Yejin WE 위예진 & Donghoon HAN 한동훈 (hangul elements, letters & syllables)",Adobe,"This Font Software is licensed under the SIL Open Font License, Version 1.1. This license is available with a FAQ at: https://openfontlicense.org",https://openfontlicense.org,MATCH,True,OK,
Lato,staging/google-fonts/ofl/lato/Lato-Black.ttf,808c62839c62dbce7de689af7603666fc7f8b81e0df537d8a5212c87580d4337,664748,TTF,Lato,Black,Lato-Black,900,5,False,False,[],3023,2164,Version 2.015; 2015-08-06; http://www.latofonts.com/,"Copyright (c) 2011-2015 by tyPoland Lukasz Dziedzic (http://www.typoland.com/) with Reserved Font Name ""Lato"". Licensed under the SIL Open Font License, Version 1.1 (http://scripts.sil.org/OFL). ",Lukasz Dziedzic with Adam Twardoch and Botio Nikoltchev,tyPoland Lukasz Dziedzic,"Copyright (c) 2011-2015 by tyPoland Lukasz Dziedzic (http://www.typoland.com/) with Reserved Font Name ""Lato"". Licensed under the SIL Open Font License, Version 1.1 (http://scripts.sil.org/OFL). ",http://scripts.sil.org/OFL,MATCH,True,OK,
Lato,staging/google-fonts/ofl/lato/Lato-BlackItalic.ttf,3214f75bf96783a571bd25338c867c669e7c5e7c08a227f18a7b63766d6e6cbe,698264,TTF,Lato,Black Italic,Lato-BlackItalic,900,5,True,False,[],3023,2164,Version 2.015; 2015-08-06; http://www.latofonts.com/,"Copyright (c) 2011-2015 by tyPoland Lukasz Dziedzic (http://www.typoland.com/) with Reserved Font Name ""Lato"". Licensed under the SIL Open Font License, Version 1.1 (http://scripts.sil.org/OFL). ",Lukasz Dziedzic with Adam Twardoch and Botio Nikoltchev,tyPoland Lukasz Dziedzic,"Copyright (c) 2011-2015 by tyPoland Lukasz Dziedzic (http://www.typoland.com/) with Reserved Font Name ""Lato"". Licensed under the SIL Open Font License, Version 1.1 (http://scripts.sil.org/OFL). ",http://scripts.sil.org/OFL,MATCH,True,OK,
Lato,staging/google-fonts/ofl/lato/Lato-Bold.ttf,8a0aace75d33794eece4b28187bfc1df0bbd2888b5d8a56e01788c8d65d16be1,656544,TTF,Lato,Bold,Lato-Bold,700,5,False,False,[],3023,2164,Version 2.015; 2015-08-06; http://www.latofonts.com/,"Copyright (c) 2011-2015 by tyPoland Lukasz Dziedzic (http://www.typoland.com/) with Reserved Font Name ""Lato"". Licensed under the SIL Open Font License, Version 1.1 (http://scripts.sil.org/OFL). ",Lukasz Dziedzic with Adam Twardoch and Botio Nikoltchev,tyPoland Lukasz Dziedzic,"Copyright (c) 2011-2015 by tyPoland Lukasz Dziedzic (http://www.typoland.com/) with Reserved Font Name ""Lato"". Licensed under the SIL Open Font License, Version 1.1 (http://scripts.sil.org/OFL). ",http://scripts.sil.org/OFL,MATCH,True,OK,
Lato,staging/google-fonts/ofl/lato/Lato-BoldItalic.ttf,62c1b7f0d2e74b45960154c3520efc337b553db0961bfdc950d5618334596cc8,698364,TTF,Lato,Bold Italic,Lato-BoldItalic,700,5,True,False,[],3023,2164,Version 2.015; 2015-08-06; http://www.latofonts.com/,"Copyright (c) 2011-2015 by tyPoland Lukasz Dziedzic (http://www.typoland.com/) with Reserved Font Name ""Lato"". Licensed under the SIL Open Font License, Version 1.1 (http://scripts.sil.org/OFL). ",Lukasz Dziedzic with Adam Twardoch and Botio Nikoltchev,tyPoland Lukasz Dziedzic,"Copyright (c) 2011-2015 by tyPoland Lukasz Dziedzic (http://www.typoland.com/) with Reserved Font Name ""Lato"". Licensed under the SIL Open Font License, Version 1.1 (http://scripts.sil.org/OFL). ",http://scripts.sil.org/OFL,MATCH,True,OK,
Lato,staging/google-fonts/ofl/lato/Lato-ExtraBold.ttf,61018de62bdaf90d4ac80b1d53c5c130756c8e9219aea3d2773fc9bd5869af97,613920,TTF,Lato,ExtraBold,Lato-ExtraBold,800,5,False,False,[],3023,2164,Version 2.015; 2015-08-06; http://www.latofonts.com/,"Copyright (c) 2011-2015 by tyPoland Lukasz Dziedzic (http://www.typoland.com/) with Reserved Font Name ""Lato"". Licensed under the SIL Open Font License, Version 1.1 (http://scripts.sil.org/OFL). ",Lukasz Dziedzic with Adam Twardoch and Botio Nikoltchev,tyPoland Lukasz Dziedzic,"Copyright (c) 2011-2015 by tyPoland Lukasz Dziedzic (http://www.typoland.com/) with Reserved Font Name ""Lato"". Licensed under the SIL Open Font License, Version 1.1 (http://scripts.sil.org/OFL). ",http://scripts.sil.org/OFL,MATCH,True,OK,
Lato,staging/google-fonts/ofl/lato/Lato-ExtraBoldItalic.ttf,a42b384b9c37913a61023e3a47c07fead26e776127bbc9e6a0c96fe413089374,671876,TTF,Lato,ExtraBold Italic,Lato-ExtraBoldItalic,800,5,True,False,[],3023,2164,Version 2.015; 2015-08-06; http://www.latofonts.com/,"Copyright (c) 2011-2015 by tyPoland Lukasz Dziedzic (http://www.typoland.com/) with Reserved Font Name ""Lato"". Licensed under the SIL Open Font License, Version 1.1 (http://scripts.sil.org/OFL). ",Lukasz Dziedzic with Adam Twardoch and Botio Nikoltchev,tyPoland Lukasz Dziedzic,"Copyright (c) 2011-2015 by tyPoland Lukasz Dziedzic (http://www.typoland.com/) with Reserved Font Name ""Lato"". Licensed under the SIL Open Font License, Version 1.1 (http://scripts.sil.org/OFL). ",http://scripts.sil.org/OFL,MATCH,True,OK,
Lato,staging/google-fonts/ofl/lato/Lato-ExtraLight.ttf,989989b481db5df0827d90c51fd08d024fe7bc4e367046e2584a0d3b0487936d,626624,TTF,Lato,ExtraLight,Lato-ExtraLight,275,5,False,False,[],3023,2164,Version 2.015; 2015-08-06; http://www.latofonts.com/,"Copyright (c) 2011-2015 by tyPoland Lukasz Dziedzic (http://www.typoland.com/) with Reserved Font Name ""Lato"". Licensed under the SIL Open Font License, Version 1.1 (http://scripts.sil.org/OFL). ",Lukasz Dziedzic with Adam Twardoch and Botio Nikoltchev,tyPoland Lukasz Dziedzic,"Copyright (c) 2011-2015 by tyPoland Lukasz Dziedzic (http://www.typoland.com/) with Reserved Font Name ""Lato"". Licensed under the SIL Open Font License, Version 1.1 (http://scripts.sil.org/OFL). ",http://scripts.sil.org/OFL,MATCH,True,OK,
Lato,staging/google-fonts/ofl/lato/Lato-ExtraLightItalic.ttf,fc56526250b9b64ce0908c52350b03e91b84afecb08fd2834a12e57b91abdb31,653640,TTF,Lato,ExtraLight Italic,Lato-ExtraLightItalic,275,5,True,False,[],3023,2164,Version 2.015; 2015-08-06; http://www.latofonts.com/,"Copyright (c) 2011-2015 by tyPoland Lukasz Dziedzic (http://www.typoland.com/) with Reserved Font Name ""Lato"". Licensed under the SIL Open Font License, Version 1.1 (http://scripts.sil.org/OFL). ",Lukasz Dziedzic with Adam Twardoch and Botio Nikoltchev,tyPoland Lukasz Dziedzic,"Copyright (c) 2011-2015 by tyPoland Lukasz Dziedzic (http://www.typoland.com/) with Reserved Font Name ""Lato"". Licensed under the SIL Open Font License, Version 1.1 (http://scripts.sil.org/OFL). ",http://scripts.sil.org/OFL,MATCH,True,OK,
Lato,staging/google-fonts/ofl/lato/Lato-Italic.ttf,e399c44efe1387100531d26c7e4800c5d12251b890d6654a3098c7c679cb1786,722900,TTF,Lato,Italic,Lato-Italic,400,5,True,False,[],3023,2164,Version 2.015; 2015-08-06; http://www.latofonts.com/,"Copyright (c) 2011-2015 by tyPoland Lukasz Dziedzic (http://www.typoland.com/) with Reserved Font Name ""Lato"". Licensed under the SIL Open Font License, Version 1.1 (http://scripts.sil.org/OFL). ",Lukasz Dziedzic with Adam Twardoch and Botio Nikoltchev,tyPoland Lukasz Dziedzic,"Copyright (c) 2011-2015 by tyPoland Lukasz Dziedzic (http://www.typoland.com/) with Reserved Font Name ""Lato"". Licensed under the SIL Open Font License, Version 1.1 (http://scripts.sil.org/OFL). ",http://scripts.sil.org/OFL,MATCH,True,OK,
Lato,staging/google-fonts/ofl/lato/Lato-Light.ttf,cf2a774503baf418d584f49967bd160e1e03f087c13b25602f28024ec7788f08,643884,TTF,Lato,Light,Lato-Light,300,5,False,False,[],3023,2164,Version 2.015; 2015-08-06; http://www.latofonts.com/,"Copyright (c) 2011-2015 by tyPoland Lukasz Dziedzic (http://www.typoland.com/) with Reserved Font Name ""Lato"". Licensed under the SIL Open Font License, Version 1.1 (http://scripts.sil.org/OFL). ",Lukasz Dziedzic with Adam Twardoch and Botio Nikoltchev,tyPoland Lukasz Dziedzic,"Copyright (c) 2011-2015 by tyPoland Lukasz Dziedzic (http://www.typoland.com/) with Reserved Font Name ""Lato"". Licensed under the SIL Open Font License, Version 1.1 (http://scripts.sil.org/OFL). ",http://scripts.sil.org/OFL,MATCH,True,OK,
Lato,staging/google-fonts/ofl/lato/Lato-LightItalic.ttf,700e6722fd14a10e7646347a6b14c486d4c364a373ba61c70e0b5ccee7811635,657552,TTF,Lato,Light Italic,Lato-LightItalic,300,5,True,False,[],3023,2164,Version 2.015; 2015-08-06; http://www.latofonts.com/,"Copyright (c) 2011-2015 by tyPoland Lukasz Dziedzic (http://www.typoland.com/) with Reserved Font Name ""Lato"". Licensed under the SIL Open Font License, Version 1.1 (http://scripts.sil.org/OFL). ",Lukasz Dziedzic with Adam Twardoch and Botio Nikoltchev,tyPoland Lukasz Dziedzic,"Copyright (c) 2011-2015 by tyPoland Lukasz Dziedzic (http://www.typoland.com/) with Reserved Font Name ""Lato"". Licensed under the SIL Open Font License, Version 1.1 (http://scripts.sil.org/OFL). ",http://scripts.sil.org/OFL,MATCH,True,OK,
Lato,staging/google-fonts/ofl/lato/Lato-Medium.ttf,d3ac182a6833e005745dd75679fbad081c0b12535df4e93ad8ed57817a31a338,636396,TTF,Lato,Medium,Lato-Medium,500,5,False,False,[],3023,2164,Version 2.015; 2015-08-06; http://www.latofonts.com/,"Copyright (c) 2011-2015 by tyPoland Lukasz Dziedzic (http://www.typoland.com/) with Reserved Font Name ""Lato"". Licensed under the SIL Open Font License, Version 1.1 (http://scripts.sil.org/OFL). ",Lukasz Dziedzic with Adam Twardoch and Botio Nikoltchev,tyPoland Lukasz Dziedzic,"Copyright (c) 2011-2015 by tyPoland Lukasz Dziedzic (http://www.typoland.com/) with Reserved Font Name ""Lato"". Licensed under the SIL Open Font License, Version 1.1 (http://scripts.sil.org/OFL). ",http://scripts.sil.org/OFL,MATCH,True,OK,
Lato,staging/google-fonts/ofl/lato/Lato-MediumItalic.ttf,ecbce6cffa42d8a67afeb27a9d6e85d515e81481d4b2cece989e833a48048405,694924,TTF,Lato,Medium Italic,Lato-MediumItalic,500,5,True,False,[],3023,2164,Version 2.015; 2015-08-06; http://www.latofonts.com/,"Copyright (c) 2011-2015 by tyPoland Lukasz Dziedzic (http://www.typoland.com/) with Reserved Font Name ""Lato"". Licensed under the SIL Open Font License, Version 1.1 (http://scripts.sil.org/OFL). ",Lukasz Dziedzic with Adam Twardoch and Botio Nikoltchev,tyPoland Lukasz Dziedzic,"Copyright (c) 2011-2015 by tyPoland Lukasz Dziedzic (http://www.typoland.com/) with Reserved Font Name ""Lato"". Licensed under the SIL Open Font License, Version 1.1 (http://scripts.sil.org/OFL). ",http://scripts.sil.org/OFL,MATCH,True,OK,
Lato,staging/google-fonts/ofl/lato/Lato-Regular.ttf,d636e4683231f931eda222d588e944d082bfd3bdba02f928bee461c0f185b251,656568,TTF,Lato,Regular,Lato-Regular,400,5,False,False,[],3023,2164,Version 2.015; 2015-08-06; http://www.latofonts.com/,"Copyright (c) 2011-2015 by tyPoland Lukasz Dziedzic (http://www.typoland.com/) with Reserved Font Name ""Lato"". Licensed under the SIL Open Font License, Version 1.1 (http://scripts.sil.org/OFL). ",Lukasz Dziedzic with Adam Twardoch and Botio Nikoltchev,tyPoland Lukasz Dziedzic,"Copyright (c) 2011-2015 by tyPoland Lukasz Dziedzic (http://www.typoland.com/) with Reserved Font Name ""Lato"". Licensed under the SIL Open Font License, Version 1.1 (http://scripts.sil.org/OFL). ",http://scripts.sil.org/OFL,MATCH,True,OK,
Lato,staging/google-fonts/ofl/lato/Lato-SemiBold.ttf,71b8b7decbe75a881ed267be539d402bd1e9420b799658aada4e0d1bd5af803c,668548,TTF,Lato,SemiBold,Lato-SemiBold,600,5,False,False,[],3023,2164,Version 2.015; 2015-08-06; http://www.latofonts.com/,"Copyright (c) 2011-2015 by tyPoland Lukasz Dziedzic (http://www.typoland.com/) with Reserved Font Name ""Lato"". Licensed under the SIL Open Font License, Version 1.1 (http://scripts.sil.org/OFL). ",Lukasz Dziedzic with Adam Twardoch and Botio Nikoltchev,tyPoland Lukasz Dziedzic,"Copyright (c) 2011-2015 by tyPoland Lukasz Dziedzic (http://www.typoland.com/) with Reserved Font Name ""Lato"". Licensed under the SIL Open Font License, Version 1.1 (http://scripts.sil.org/OFL). ",http://scripts.sil.org/OFL,MATCH,True,OK,
Lato,staging/google-fonts/ofl/lato/Lato-SemiBoldItalic.ttf,5adeb6b334d8fb99ef053bc052b952773d544315e0e1d668a12c0ce8bd51375c,697364,TTF,Lato,SemiBold Italic,Lato-SemiBoldItalic,600,5,True,False,[],3023,2164,Version 2.015; 2015-08-06; http://www.latofonts.com/,"Copyright (c) 2011-2015 by tyPoland Lukasz Dziedzic (http://www.typoland.com/) with Reserved Font Name ""Lato"". Licensed under the SIL Open Font License, Version 1.1 (http://scripts.sil.org/OFL). ",Lukasz Dziedzic with Adam Twardoch and Botio Nikoltchev,tyPoland Lukasz Dziedzic,"Copyright (c) 2011-2015 by tyPoland Lukasz Dziedzic (http://www.typoland.com/) with Reserved Font Name ""Lato"". Licensed under the SIL Open Font License, Version 1.1 (http://scripts.sil.org/OFL). ",http://scripts.sil.org/OFL,MATCH,True,OK,
Lato,staging/google-fonts/ofl/lato/Lato-Thin.ttf,663c55bfe9a38270fff44da273bf4d792eafc3e7e1201f62c3064cad80c5d5e7,584056,TTF,Lato,Thin,Lato-Thin,250,5,False,False,[],3023,2164,Version 2.015; 2015-08-06; http://www.latofonts.com/,"Copyright (c) 2011-2015 by tyPoland Lukasz Dziedzic (http://www.typoland.com/) with Reserved Font Name ""Lato"". Licensed under the SIL Open Font License, Version 1.1 (http://scripts.sil.org/OFL). ",Lukasz Dziedzic with Adam Twardoch and Botio Nikoltchev,tyPoland Lukasz Dziedzic,"Copyright (c) 2011-2015 by tyPoland Lukasz Dziedzic (http://www.typoland.com/) with Reserved Font Name ""Lato"". Licensed under the SIL Open Font License, Version 1.1 (http://scripts.sil.org/OFL). ",http://scripts.sil.org/OFL,MATCH,True,OK,
Lato,staging/google-fonts/ofl/lato/Lato-ThinItalic.ttf,e5e86e219ce6987b175470d94d57753a387d1860b635da6327a60e8d19a33beb,608716,TTF,Lato,Thin Italic,Lato-ThinItalic,250,5,True,False,[],3023,2164,Version 2.015; 2015-08-06; http://www.latofonts.com/,"Copyright (c) 2011-2015 by tyPoland Lukasz Dziedzic (http://www.typoland.com/) with Reserved Font Name ""Lato"". Licensed under the SIL Open Font License, Version 1.1 (http://scripts.sil.org/OFL). ",Lukasz Dziedzic with Adam Twardoch and Botio Nikoltchev,tyPoland Lukasz Dziedzic,"Copyright (c) 2011-2015 by tyPoland Lukasz Dziedzic (http://www.typoland.com/) with Reserved Font Name ""Lato"". Licensed under the SIL Open Font License, Version 1.1 (http://scripts.sil.org/OFL). ",http://scripts.sil.org/OFL,MATCH,True,OK,
EB Garamond,staging/google-fonts/ofl/ebgaramond/EBGaramond-Italic[wght].ttf,bba2c4499c93c9612b90b9825d32b07da52fce2fe57562a1eb6b833553f93c4e,754468,TTF,EB Garamond,Italic,EBGaramond-Italic,400,5,True,True,"[{""default"": 400.0, ""max"": 800.0, ""min"": 400.0, ""name"": ""Weight"", ""tag"": ""wght""}]",3075,1972,Version 1.003,Copyright 2017 The EB Garamond Project Authors (https://github.com/octaviopardo/EBGaramond12),Georg Duffner and Octavio Pardo,Georg Duffner,"This Font Software is licensed under the SIL Open Font License, Version 1.1. This license is available with a FAQ at: https://openfontlicense.org",https://openfontlicense.org,MATCH,True,OK,
EB Garamond,staging/google-fonts/ofl/ebgaramond/EBGaramond[wght].ttf,ef9512f92f6d579e5dc75af59a5a4b1b8b47d2eda89e00b954d44520e5369027,851176,TTF,EB Garamond,Regular,EBGaramond-Regular,400,5,False,True,"[{""default"": 400.0, ""max"": 800.0, ""min"": 400.0, ""name"": ""Weight"", ""tag"": ""wght""}]",3247,2091,Version 1.003,Copyright 2017 The EB Garamond Project Authors (https://github.com/octaviopardo/EBGaramond12),Georg Duffner and Octavio Pardo,Georg Duffner,"This Font Software is licensed under the SIL Open Font License, Version 1.1. This license is available with a FAQ at: https://openfontlicense.org",https://openfontlicense.org,MATCH,True,OK,
Source Code Pro,staging/google-fonts/ofl/sourcecodepro/SourceCodePro-Italic[wght].ttf,6db77d25aa7b30eff449305b5c998e475694c74d398421127ea5a60f536413cd,174852,TTF,Source Code Pro,ExtraLight Italic,SourceCodePro-ExtraLightItalic,200,5,True,True,"[{""default"": 200.0, ""max"": 900.0, ""min"": 200.0, ""name"": ""Weight"", ""tag"": ""wght""}]",1271,1085,Version 1.026;hotconv 1.1.0;makeotfexe 2.6.0,"© 2023 Adobe (http://www.adobe.com/), with Reserved Font Name ‘Source’","Paul D. Hunt, Teo Tuominen",Adobe,"This Font Software is licensed under the SIL Open Font License, Version 1.1. This license is available with a FAQ at: https://openfontlicense.org",https://openfontlicense.org,MATCH,True,OK,
Source Code Pro,staging/google-fonts/ofl/sourcecodepro/SourceCodePro[wght].ttf,b400fc584e10aff25d0e775ce181b4fc1c5ea1b5dc37b81aeb2084375b945790,212340,TTF,Source Code Pro,ExtraLight,SourceCodePro-ExtraLight,200,5,False,True,"[{""default"": 200.0, ""max"": 900.0, ""min"": 200.0, ""name"": ""Weight"", ""tag"": ""wght""}]",1568,1334,Version 1.026;hotconv 1.1.0;makeotfexe 2.6.0,"© 2023 Adobe (http://www.adobe.com/), with Reserved Font Name ‘Source’","Paul D. Hunt, Teo Tuominen",Adobe,"This Font Software is licensed under the SIL Open Font License, Version 1.1. This license is available with a FAQ at: https://openfontlicense.org",https://openfontlicense.org,MATCH,True,OK,
DM Sans,"staging/google-fonts/ofl/dmsans/DMSans-Italic[opsz,wght].ttf",22259c0cc8237221b80f44c76ba8d36e6bce3cda72779f5b2773643d499720ae,285040,TTF,DM Sans,9pt Italic,DMSans-9ptItalic,400,5,True,True,"[{""default"": 9.0, ""max"": 40.0, ""min"": 9.0, ""name"": ""Optical size"", ""tag"": ""opsz""}, {""default"": 400.0, ""max"": 1000.0, ""min"": 100.0, ""name"": ""Weight"", ""tag"": ""wght""}]",486,403,Version 4.004;gftools[0.9.30],Copyright 2014 The DM Sans Project Authors (https://github.com/googlefonts/dm-fonts),"Colophon Foundry, Jonny Pinhorn",Colophon Foundry,"This Font Software is licensed under the SIL Open Font License, Version 1.1. This license is available with a FAQ at: https://scripts.sil.org/OFL",https://scripts.sil.org/OFL,MATCH,True,OK,
DM Sans,"staging/google-fonts/ofl/dmsans/DMSans[opsz,wght].ttf",8cd08d97e89c24d0aa92edd2f0f4c8ee6195eee9b7c9f154865a58b02f0c1c0d,240164,TTF,DM Sans,9pt Regular,DMSans-9ptRegular,400,5,False,True,"[{""default"": 9.0, ""max"": 40.0, ""min"": 9.0, ""name"": ""Optical size"", ""tag"": ""opsz""}, {""default"": 400.0, ""max"": 1000.0, ""min"": 100.0, ""name"": ""Weight"", ""tag"": ""wght""}]",486,403,Version 4.004;gftools[0.9.30],Copyright 2014 The DM Sans Project Authors (https://github.com/googlefonts/dm-fonts),"Colophon Foundry, Jonny Pinhorn",Colophon Foundry,"This Font Software is licensed under the SIL Open Font License, Version 1.1. This license is available with a FAQ at: https://scripts.sil.org/OFL",https://scripts.sil.org/OFL,MATCH,True,OK,
IBM Plex Mono,staging/google-fonts/ofl/ibmplexmono/IBMPlexMono-Bold.ttf,ac27abd6450a64dd94467580a02fe6235156d5b92f2926ebbc8e7489df64e0be,137784,TTF,IBM Plex Mono,Bold,IBMPlexMono-Bold,700,5,False,False,[],1033,930,Version 2.3,Copyright 2017 IBM Corp. All rights reserved.,"Mike Abbink, Paul van der Laan, Pieter van Rosmalen",Bold Monday,"This Font Software is licensed under the SIL Open Font License, Version 1.1. This license is available with a FAQ at: http://scripts.sil.org/OFL",http://scripts.sil.org/OFL,MATCH,True,OK,
IBM Plex Mono,staging/google-fonts/ofl/ibmplexmono/IBMPlexMono-BoldItalic.ttf,af4e05a761e98c1adf064c48a6352c9bec1a6ad70982cd2a544149323391f98e,144512,TTF,IBM Plex Mono,Bold Italic,IBMPlexMono-BoldItalic,700,5,True,False,[],1033,930,Version 2.3,Copyright 2017 IBM Corp. All rights reserved.,"Mike Abbink, Paul van der Laan, Pieter van Rosmalen",Bold Monday,"This Font Software is licensed under the SIL Open Font License, Version 1.1. This license is available with a FAQ at: http://scripts.sil.org/OFL",http://scripts.sil.org/OFL,MATCH,True,OK,
IBM Plex Mono,staging/google-fonts/ofl/ibmplexmono/IBMPlexMono-ExtraLight.ttf,826b765bd5173b97d521053330a66277edc224f8cc5f1e0035df1d995d5f003c,135980,TTF,IBM Plex Mono,ExtraLight,IBMPlexMono-ExtraLight,200,5,False,False,[],1033,930,Version 2.3,Copyright 2017 IBM Corp. All rights reserved.,"Mike Abbink, Paul van der Laan, Pieter van Rosmalen",Bold Monday,"This Font Software is licensed under the SIL Open Font License, Version 1.1. This license is available with a FAQ at: http://scripts.sil.org/OFL",http://scripts.sil.org/OFL,MATCH,True,OK,
IBM Plex Mono,staging/google-fonts/ofl/ibmplexmono/IBMPlexMono-ExtraLightItalic.ttf,8ae22766094bd04c2808a3c9dec812dcf061786c26ebd25eea211ae685eb2c39,144672,TTF,IBM Plex Mono,ExtraLight Italic,IBMPlexMono-ExtraLightItalic,200,5,True,False,[],1033,930,Version 2.3,Copyright 2017 IBM Corp. All rights reserved.,"Mike Abbink, Paul van der Laan, Pieter van Rosmalen",Bold Monday,"This Font Software is licensed under the SIL Open Font License, Version 1.1. This license is available with a FAQ at: http://scripts.sil.org/OFL",http://scripts.sil.org/OFL,MATCH,True,OK,
IBM Plex Mono,staging/google-fonts/ofl/ibmplexmono/IBMPlexMono-Italic.ttf,3362fc791b0652193328b862c1c5f23a789bc7288b1617fa63302f88689a2a34,143920,TTF,IBM Plex Mono,Italic,IBMPlexMono-Italic,400,5,True,False,[],1033,930,Version 2.3,Copyright 2017 IBM Corp. All rights reserved.,"Mike Abbink, Paul van der Laan, Pieter van Rosmalen",Bold Monday,"This Font Software is licensed under the SIL Open Font License, Version 1.1. This license is available with a FAQ at: http://scripts.sil.org/OFL",http://scripts.sil.org/OFL,MATCH,True,OK,
IBM Plex Mono,staging/google-fonts/ofl/ibmplexmono/IBMPlexMono-Light.ttf,780bcf65509d72a35ec114b57bcbe220dc6b77d8ea2e9b25e294be3c570c5025,135216,TTF,IBM Plex Mono,Light,IBMPlexMono-Light,300,5,False,False,[],1033,930,Version 2.3,Copyright 2017 IBM Corp. All rights reserved.,"Mike Abbink, Paul van der Laan, Pieter van Rosmalen",Bold Monday,"This Font Software is licensed under the SIL Open Font License, Version 1.1. This license is available with a FAQ at: http://scripts.sil.org/OFL",http://scripts.sil.org/OFL,MATCH,True,OK,
IBM Plex Mono,staging/google-fonts/ofl/ibmplexmono/IBMPlexMono-LightItalic.ttf,2bb4dd18abb03cb8a0a1ae69a0a10b194e02027b817c7b13126ef4724a7f5c73,143432,TTF,IBM Plex Mono,Light Italic,IBMPlexMono-LightItalic,300,5,True,False,[],1033,930,Version 2.3,Copyright 2017 IBM Corp. All rights reserved.,"Mike Abbink, Paul van der Laan, Pieter van Rosmalen",Bold Monday,"This Font Software is licensed under the SIL Open Font License, Version 1.1. This license is available with a FAQ at: http://scripts.sil.org/OFL",http://scripts.sil.org/OFL,MATCH,True,OK,
IBM Plex Mono,staging/google-fonts/ofl/ibmplexmono/IBMPlexMono-Medium.ttf,a9b4c49bb299e05b5f6c481e7fb5e78943d2793249a0c8874ab574a2d1ea6755,136704,TTF,IBM Plex Mono,Medium,IBMPlexMono-Medium,500,5,False,False,[],1033,930,Version 2.3,Copyright 2017 IBM Corp. All rights reserved.,"Mike Abbink, Paul van der Laan, Pieter van Rosmalen",Bold Monday,"This Font Software is licensed under the SIL Open Font License, Version 1.1. This license is available with a FAQ at: http://scripts.sil.org/OFL",http://scripts.sil.org/OFL,MATCH,True,OK,
IBM Plex Mono,staging/google-fonts/ofl/ibmplexmono/IBMPlexMono-MediumItalic.ttf,de6e0f805a15a2a1538be5d1074741298a07ffcba6fa1f4cd93983ff73155a7d,144004,TTF,IBM Plex Mono,Medium Italic,IBMPlexMono-MediumItalic,500,5,True,False,[],1033,930,Version 2.3,Copyright 2017 IBM Corp. All rights reserved.,"Mike Abbink, Paul van der Laan, Pieter van Rosmalen",Bold Monday,"This Font Software is licensed under the SIL Open Font License, Version 1.1. This license is available with a FAQ at: http://scripts.sil.org/OFL",http://scripts.sil.org/OFL,MATCH,True,OK,
IBM Plex Mono,staging/google-fonts/ofl/ibmplexmono/IBMPlexMono-Regular.ttf,6a3412f058c7d8dfd9170c41e85ade48e5156ecb89356110ca57a0a27734af46,135580,TTF,IBM Plex Mono,Regular,IBMPlexMono-Regular,400,5,False,False,[],1033,930,Version 2.3,Copyright 2017 IBM Corp. All rights reserved.,"Mike Abbink, Paul van der Laan, Pieter van Rosmalen",Bold Monday,"This Font Software is licensed under the SIL Open Font License, Version 1.1. This license is available with a FAQ at: http://scripts.sil.org/OFL",http://scripts.sil.org/OFL,MATCH,True,OK,
IBM Plex Mono,staging/google-fonts/ofl/ibmplexmono/IBMPlexMono-SemiBold.ttf,d3c38e55c78f5b0f28009fddba4834ec503278936a5986032424c9bd2d23aa46,140216,TTF,IBM Plex Mono,SemiBold,IBMPlexMono-SemiBold,600,5,False,False,[],1033,930,Version 2.3,Copyright 2017 IBM Corp. All rights reserved.,"Mike Abbink, Paul van der Laan, Pieter van Rosmalen",Bold Monday,"This Font Software is licensed under the SIL Open Font License, Version 1.1. This license is available with a FAQ at: http://scripts.sil.org/OFL",http://scripts.sil.org/OFL,MATCH,True,OK,
IBM Plex Mono,staging/google-fonts/ofl/ibmplexmono/IBMPlexMono-SemiBoldItalic.ttf,391ef0e273eb52571eccaab6a6dbddeec48e1d282cb7bf153043512b797ed6f0,147368,TTF,IBM Plex Mono,SemiBold Italic,IBMPlexMono-SemiBoldItalic,600,5,True,False,[],1033,930,Version 2.3,Copyright 2017 IBM Corp. All rights reserved.,"Mike Abbink, Paul van der Laan, Pieter van Rosmalen",Bold Monday,"This Font Software is licensed under the SIL Open Font License, Version 1.1. This license is available with a FAQ at: http://scripts.sil.org/OFL",http://scripts.sil.org/OFL,MATCH,True,OK,
IBM Plex Mono,staging/google-fonts/ofl/ibmplexmono/IBMPlexMono-Thin.ttf,c44c820c14b4f1b818344e5f5dc189cee98b1d5e56b4e80055496c228f3cc7ea,137900,TTF,IBM Plex Mono,Thin,IBMPlexMono-Thin,100,5,False,False,[],1033,930,Version 2.3,Copyright 2017 IBM Corp. All rights reserved.,"Mike Abbink, Paul van der Laan, Pieter van Rosmalen",Bold Monday,"This Font Software is licensed under the SIL Open Font License, Version 1.1. This license is available with a FAQ at: http://scripts.sil.org/OFL",http://scripts.sil.org/OFL,MATCH,True,OK,
IBM Plex Mono,staging/google-fonts/ofl/ibmplexmono/IBMPlexMono-ThinItalic.ttf,3782f01f12b444c62be712676646c552fc23443e8fd02d5b5619c6c4b975516d,146100,TTF,IBM Plex Mono,Thin Italic,IBMPlexMono-ThinItalic,100,5,True,False,[],1033,930,Version 2.3,Copyright 2017 IBM Corp. All rights reserved.,"Mike Abbink, Paul van der Laan, Pieter van Rosmalen",Bold Monday,"This Font Software is licensed under the SIL Open Font License, Version 1.1. This license is available with a FAQ at: http://scripts.sil.org/OFL",http://scripts.sil.org/OFL,MATCH,True,OK,
Inter Tight,staging/google-fonts/ofl/intertight/InterTight-Italic[wght].ttf,15d3edf0c3d2560658529b8c4c7398d06c730a4695484c680b6c9ca9e4385be2,593844,TTF,Inter Tight,Italic,InterTight-Italic,400,5,True,True,"[{""default"": 400.0, ""max"": 900.0, ""min"": 100.0, ""name"": ""Weight"", ""tag"": ""wght""}]",2547,2504,Version 3.004,Copyright 2022 The Inter Project Authors (https://github.com/rsms/inter-tight),Rasmus Andersson,rsms,"This Font Software is licensed under the SIL Open Font License, Version 1.1. This license is available with a FAQ at: https://scripts.sil.org/OFL",https://scripts.sil.org/OFL,MATCH,True,OK,
Inter Tight,staging/google-fonts/ofl/intertight/InterTight[wght].ttf,b81b73dcb64df3c230cabade7df6c5773bf863233f24c9ee51087519f1f88b6f,581588,TTF,Inter Tight,Regular,InterTight-Regular,400,5,False,True,"[{""default"": 400.0, ""max"": 900.0, ""min"": 100.0, ""name"": ""Weight"", ""tag"": ""wght""}]",2547,2504,Version 3.004,Copyright 2022 The Inter Project Authors (https://github.com/rsms/inter-tight),Rasmus Andersson,rsms,"This Font Software is licensed under the SIL Open Font License, Version 1.1. This license is available with a FAQ at: https://scripts.sil.org/OFL",https://scripts.sil.org/OFL,MATCH,True,OK,
Playfair Display,staging/google-fonts/ofl/playfairdisplay/PlayfairDisplay-Italic[wght].ttf,a5e26dc5e2e77fb2803a0bf02fd4f81ee136ec8dea863ccdb0c59a263b21378b,278688,TTF,Playfair Display,Italic,PlayfairDisplay-Italic,400,5,True,True,"[{""default"": 400.0, ""max"": 900.0, ""min"": 400.0, ""name"": ""Weight"", ""tag"": ""wght""}]",1101,659,Version 1.203,"Copyright 2017 The Playfair Display Project Authors (https://github.com/clauseggers/Playfair-Display), with Reserved Font Name ""Playfair Display"".",Claus Eggers Sørensen,Claus Eggers Sørensen,"This Font Software is licensed under the SIL Open Font License, Version 1.1. This license is available with a FAQ at: http://scripts.sil.org/OFL",http://scripts.sil.org/OFL,MATCH,True,OK,
Playfair Display,staging/google-fonts/ofl/playfairdisplay/PlayfairDisplay[wght].ttf,c40f2293766a503bc70cce9e512ef844a4ccb7cbcde792fe2ea31d191917d8d6,300724,TTF,Playfair Display,Regular,PlayfairDisplay-Regular,400,5,False,True,"[{""default"": 400.0, ""max"": 900.0, ""min"": 400.0, ""name"": ""Weight"", ""tag"": ""wght""}]",1103,659,Version 1.203,"Copyright 2017 The Playfair Display Project Authors (https://github.com/clauseggers/Playfair-Display), with Reserved Font Name ""Playfair Display"".",Claus Eggers Sørensen,Claus Eggers Sørensen,"This Font Software is licensed under the SIL Open Font License, Version 1.1. This license is available with a FAQ at: http://scripts.sil.org/OFL",http://scripts.sil.org/OFL,MATCH,True,OK,
Roboto Flex,"staging/google-fonts/ofl/robotoflex/RobotoFlex[GRAD,XOPQ,XTRA,YOPQ,YTAS,YTDE,YTFI,YTLC,YTUC,opsz,slnt,wdth,wght].ttf",9b523f7d82593df0107173849ebb8c817471a1df4b4fb2c3cbf40cfd810c8281,1787292,TTF,Roboto Flex,Regular,RobotoFlex-Regular,400,5,False,True,"[{""default"": 14.0, ""max"": 144.0, ""min"": 8.0, ""name"": ""Optical Size"", ""tag"": ""opsz""}, {""default"": 400.0, ""max"": 1000.0, ""min"": 100.0, ""name"": ""Weight"", ""tag"": ""wght""}, {""default"": 0.0, ""max"": 150.0, ""min"": -200.0, ""name"": ""Grade"", ""tag"": ""GRAD""}, {""default"": 100.0, ""max"": 151.0, ""min"": 25.0, ""name"": ""Width"", ""tag"": ""wdth""}, {""default"": 0.0, ""max"": 0.0, ""min"": -10.0, ""name"": ""Slant"", ""tag"": ""slnt""}, {""default"": 96.0, ""max"": 175.0, ""min"": 27.0, ""name"": ""Parametric Thick Stroke"", ""tag"": ""XOPQ""}, {""default"": 79.0, ""max"": 135.0, ""min"": 25.0, ""name"": ""Parametric Thin Stroke"", ""tag"": ""YOPQ""}, {""default"": 468.0, ""max"": 603.0, ""min"": 323.0, ""name"": ""Parametric Counter Width"", ""tag"": ""XTRA""}, {""default"": 712.0, ""max"": 760.0, ""min"": 528.0, ""name"": ""Parametric Uppercase Height"", ""tag"": ""YTUC""}, {""default"": 514.0, ""max"": 570.0, ""min"": 416.0, ""name"": ""Parametric Lowercase Height"", ""tag"": ""YTLC""}, {""default"": 750.0, ""max"": 854.0, ""min"": 649.0, ""name"": ""Parametric Ascender Height"", ""tag"": ""YTAS""}, {""default"": -203.0, ""max"": -98.0, ""min"": -305.0, ""name"": ""Parametric Descender Depth"", ""tag"": ""YTDE""}, {""default"": 738.0, ""max"": 788.0, ""min"": 560.0, ""name"": ""Parametric Figure Height"", ""tag"": ""YTFI""}]",948,826,Version 3.200;gftools[0.9.32],Copyright 2017 The Roboto Flex Project Authors (https://github.com/TypeNetwork/Roboto-Flex),Berlow after Robertson,Google,"This Font Software is licensed under the SIL Open Font License, Version 1.1. This license is available with a FAQ at: http://scripts.sil.org/OFL",https://scripts.sil.org/OFL,MATCH,True,OK,
Bitter,staging/google-fonts/ofl/bitter/Bitter-Italic[wght].ttf,5e6e0af503171c9d7b4be7a22c16f474d7a638cf83a80051d825bcc58d664bc3,317652,TTF,Bitter,Thin Italic,Bitter-ThinItalic,100,5,True,True,"[{""default"": 100.0, ""max"": 900.0, ""min"": 100.0, ""name"": ""Weight"", ""tag"": ""wght""}]",1511,977,Version 3.021,Copyright 2011 The Bitter Project Authors (https://github.com/solmatas/BitterPro),"Sol Matas, and Bitter project Authors",Sol Matas,"This Font Software is licensed under the SIL Open Font License, Version 1.1. This license is available with a FAQ at: https://openfontlicense.org",https://openfontlicense.org,MATCH,True,OK,
Bitter,staging/google-fonts/ofl/bitter/Bitter[wght].ttf,ef2b9a711fb02f1e5823b34da1b7450e0fc76793b7d733a8b41006e24916d4a7,328636,TTF,Bitter,Thin,Bitter-Thin,100,5,False,True,"[{""default"": 100.0, ""max"": 900.0, ""min"": 100.0, ""name"": ""Weight"", ""tag"": ""wght""}]",1542,977,Version 3.021,Copyright 2011 The Bitter Project Authors (https://github.com/solmatas/BitterPro),"Sol Matas, and Bitter project Authors",Sol Matas,"This Font Software is licensed under the SIL Open Font License, Version 1.1. This license is available with a FAQ at: https://openfontlicense.org",https://openfontlicense.org,MATCH,True,OK,
Outfit,staging/google-fonts/ofl/outfit/Outfit[wght].ttf,fc7287273e66929776e2ba54f144fe699080bec29f61bf649d70d871468aeade,110884,TTF,Outfit,Thin,Outfit-Thin,100,5,False,True,"[{""default"": 100.0, ""max"": 900.0, ""min"": 100.0, ""name"": ""Weight"", ""tag"": ""wght""}]",416,360,Version 1.100;gftools[0.9.27],Copyright 2021 The Outfit Project Authors (https://github.com/Outfitio/Outfit-Fonts),Rodrigo Fuenzalida,fragTYPE,"This Font Software is licensed under the SIL Open Font License, Version 1.1. This license is available with a FAQ at: https://scripts.sil.org/OFL",https://scripts.sil.org/OFL,MATCH,True,OK,
Nanum Gothic,staging/google-fonts/ofl/nanumgothic/NanumGothic-Bold.ttf,f96298f9fb18e364d2370f4c3ce948ac67a2b61af992d7234bc15c42b033c674,2073868,TTF,NanumGothic,Bold,NanumGothicBold,700,5,False,False,[],13534,11825,Version 3.020;PS 1;hotconv 1.0.57;makeotf.lib2.0.21895,Copyright © 2011 NHN Corporation. All rights reserved. Font designed by Sandoll Communications Inc.,Bruce Kwon; Nicolas Noh; Sung-woo Choi;,NHN Corporation,NHN Corporation,http://www.nhncorp.com,UNRECOGNIZED,False,OK,
Nanum Gothic,staging/google-fonts/ofl/nanumgothic/NanumGothic-ExtraBold.ttf,5c4568e5295a8c52bc30e7efa1ea6d2de43556268ef42daba93540a1ece691ae,2112720,TTF,NanumGothic,ExtraBold,NanumGothicExtraBold,800,5,False,False,[],13671,11826,Version 3.020;PS 1;hotconv 1.0.57;makeotf.lib2.0.21895,Copyright © 2011 NHN Corporation. All rights reserved. Font designed by Sandoll Communications Inc.,Bruce Kwon; Nicolas Noh; Sung-woo Choi;,NHN Corporation,NHN Corporation,http://www.nhncorp.com,UNRECOGNIZED,False,OK,
Nanum Gothic,staging/google-fonts/ofl/nanumgothic/NanumGothic-Regular.ttf,76f45ef4a6bcff344c837c95a7dcc26e017e38b5846d5ae0cdcb5b86be2e2d31,2054744,TTF,NanumGothic,Regular,NanumGothic,400,5,False,False,[],13297,11827,Version 3.020;PS 1;hotconv 1.0.57;makeotf.lib2.0.21895,Copyright © 2011 NHN Corporation. All rights reserved. Font designed by Sandoll Communications Inc.,Bruce Kwon; Nicolas Noh; Sung-woo Choi;,NHN Corporation,NHN Corporation,http://www.nhncorp.com,UNRECOGNIZED,False,OK,
Kanit,staging/google-fonts/ofl/kanit/Kanit-Black.ttf,5d290c2cc9926764bd782aa6abc47a8f55bd64641d0afb56e115ee522698ee7e,176856,TTF,Kanit,Black,Kanit-Black,900,5,False,False,[],775,725,Version 2.000; ttfautohint (v1.8.3),Copyright 2020 The Kanit Project Authors (https://github.com/cadsondemak/kanit),Katatrad Team,CadsonDemak,"This Font Software is licensed under the SIL Open Font License, Version 1.1. This license is available with a FAQ at: https://scripts.sil.org/OFL",https://scripts.sil.org/OFL,MATCH,True,OK,
Kanit,staging/google-fonts/ofl/kanit/Kanit-BlackItalic.ttf,7fe3f1d87e33e165eae2d664e42a31faf542d24e431a2e7da36f4e4eee5f8529,185464,TTF,Kanit,Black Italic,Kanit-BlackItalic,900,5,True,False,[],775,724,Version 2.000; ttfautohint (v1.8.3),Copyright 2020 The Kanit Project Authors (https://github.com/cadsondemak/kanit),Katatrad Team,CadsonDemak,"This Font Software is licensed under the SIL Open Font License, Version 1.1. This license is available with a FAQ at: https://scripts.sil.org/OFL",https://scripts.sil.org/OFL,MATCH,True,OK,
Kanit,staging/google-fonts/ofl/kanit/Kanit-Bold.ttf,5dec5b080dab13de9d2295437c0ff3ec05c9e75587dfc31358c005eb4efa5e70,176136,TTF,Kanit,Bold,Kanit-Bold,700,5,False,False,[],775,725,Version 2.000; ttfautohint (v1.8.3),Copyright 2020 The Kanit Project Authors (https://github.com/cadsondemak/kanit),Katatrad Team,CadsonDemak,"This Font Software is licensed under the SIL Open Font License, Version 1.1. This license is available with a FAQ at: https://scripts.sil.org/OFL",https://scripts.sil.org/OFL,MATCH,True,OK,
Kanit,staging/google-fonts/ofl/kanit/Kanit-BoldItalic.ttf,194d26ba90b782465bd4653cc5a1cdf7a9bed7b9e271df4f6fb41b5dba359d78,183656,TTF,Kanit,Bold Italic,Kanit-BoldItalic,700,5,True,False,[],775,724,Version 2.000; ttfautohint (v1.8.3),Copyright 2020 The Kanit Project Authors (https://github.com/cadsondemak/kanit),Katatrad Team,CadsonDemak,"This Font Software is licensed under the SIL Open Font License, Version 1.1. This license is available with a FAQ at: https://scripts.sil.org/OFL",https://scripts.sil.org/OFL,MATCH,True,OK,
Kanit,staging/google-fonts/ofl/kanit/Kanit-ExtraBold.ttf,70082870d1f5bb6ae9faa708572b2c36de3c076caae187edae753f709d0de984,177836,TTF,Kanit,ExtraBold,Kanit-ExtraBold,800,5,False,False,[],775,725,Version 2.000; ttfautohint (v1.8.3),Copyright 2020 The Kanit Project Authors (https://github.com/cadsondemak/kanit),Katatrad Team,CadsonDemak,"This Font Software is licensed under the SIL Open Font License, Version 1.1. This license is available with a FAQ at: https://scripts.sil.org/OFL",https://scripts.sil.org/OFL,MATCH,True,OK,
Kanit,staging/google-fonts/ofl/kanit/Kanit-ExtraBoldItalic.ttf,e874a96de66b5340174ddf9c621593280a21e9adb8e07bb1587112de274acad5,188372,TTF,Kanit,ExtraBold Italic,Kanit-ExtraBoldItalic,800,5,True,False,[],775,724,Version 2.000; ttfautohint (v1.8.3),Copyright 2020 The Kanit Project Authors (https://github.com/cadsondemak/kanit),Katatrad Team,CadsonDemak,"This Font Software is licensed under the SIL Open Font License, Version 1.1. This license is available with a FAQ at: https://scripts.sil.org/OFL",https://scripts.sil.org/OFL,MATCH,True,OK,
Kanit,staging/google-fonts/ofl/kanit/Kanit-ExtraLight.ttf,f90e440b41170f2f75f2930d3273dbe9ed7a5ac49f7dbdc375ba5f8d2e224745,164140,TTF,Kanit,ExtraLight,Kanit-ExtraLight,275,5,False,False,[],775,725,Version 2.000; ttfautohint (v1.8.3),Copyright 2020 The Kanit Project Authors (https://github.com/cadsondemak/kanit),Katatrad Team,CadsonDemak,"This Font Software is licensed under the SIL Open Font License, Version 1.1. This license is available with a FAQ at: https://scripts.sil.org/OFL",https://scripts.sil.org/OFL,MATCH,True,OK,
Kanit,staging/google-fonts/ofl/kanit/Kanit-ExtraLightItalic.ttf,e62305565471f6ef1139581e2afbcd0b108fc2a8b140052cd06ec2852aad9cf9,168260,TTF,Kanit,ExtraLight Italic,Kanit-ExtraLightItalic,275,5,True,False,[],775,724,Version 2.000; ttfautohint (v1.8.3),Copyright 2020 The Kanit Project Authors (https://github.com/cadsondemak/kanit),Katatrad Team,CadsonDemak,"This Font Software is licensed under the SIL Open Font License, Version 1.1. This license is available with a FAQ at: https://scripts.sil.org/OFL",https://scripts.sil.org/OFL,MATCH,True,OK,
Kanit,staging/google-fonts/ofl/kanit/Kanit-Italic.ttf,7cbe69393a7bf948dd49e575369344a907f06b0182e7a618c033c67208abb27d,175160,TTF,Kanit,Italic,Kanit-Italic,400,5,True,False,[],775,724,Version 2.000; ttfautohint (v1.8.3),Copyright 2020 The Kanit Project Authors (https://github.com/cadsondemak/kanit),Katatrad Team,CadsonDemak,"This Font Software is licensed under the SIL Open Font License, Version 1.1. This license is available with a FAQ at: https://scripts.sil.org/OFL",https://scripts.sil.org/OFL,MATCH,True,OK,
Kanit,staging/google-fonts/ofl/kanit/Kanit-Light.ttf,7c04b0be6011782fcc4c032f4033ef6f6ba1fef99b135ba1ee68b800c53017ec,171384,TTF,Kanit,Light,Kanit-Light,300,5,False,False,[],775,725,Version 2.000; ttfautohint (v1.8.3),Copyright 2020 The Kanit Project Authors (https://github.com/cadsondemak/kanit),Katatrad Team,CadsonDemak,"This Font Software is licensed under the SIL Open Font License, Version 1.1. This license is available with a FAQ at: https://scripts.sil.org/OFL",https://scripts.sil.org/OFL,MATCH,True,OK,
Kanit,staging/google-fonts/ofl/kanit/Kanit-LightItalic.ttf,e5cd0a7ce9ce65b7be59287320d247b7627b0a437a6a3bd1174440ceed4af1c6,174936,TTF,Kanit,Light Italic,Kanit-LightItalic,300,5,True,False,[],775,724,Version 2.000; ttfautohint (v1.8.3),Copyright 2020 The Kanit Project Authors (https://github.com/cadsondemak/kanit),Katatrad Team,CadsonDemak,"This Font Software is licensed under the SIL Open Font License, Version 1.1. This license is available with a FAQ at: https://scripts.sil.org/OFL",https://scripts.sil.org/OFL,MATCH,True,OK,
Kanit,staging/google-fonts/ofl/kanit/Kanit-Medium.ttf,50a237034244026a7c63fe55e24e0b4298babe363cde043e032075b764c545a2,174628,TTF,Kanit,Medium,Kanit-Medium,500,5,False,False,[],775,725,Version 2.000; ttfautohint (v1.8.3),Copyright 2020 The Kanit Project Authors (https://github.com/cadsondemak/kanit),Katatrad Team,CadsonDemak,"This Font Software is licensed under the SIL Open Font License, Version 1.1. This license is available with a FAQ at: https://scripts.sil.org/OFL",https://scripts.sil.org/OFL,MATCH,True,OK,
Kanit,staging/google-fonts/ofl/kanit/Kanit-MediumItalic.ttf,266a8044e599ce2feef7dffa8e3ce7648c94927daba20c4838629054633cf8c4,175444,TTF,Kanit,Medium Italic,Kanit-MediumItalic,500,5,True,False,[],775,724,Version 2.000; ttfautohint (v1.8.3),Copyright 2020 The Kanit Project Authors (https://github.com/cadsondemak/kanit),Katatrad Team,CadsonDemak,"This Font Software is licensed under the SIL Open Font License, Version 1.1. This license is available with a FAQ at: https://scripts.sil.org/OFL",https://scripts.sil.org/OFL,MATCH,True,OK,
Kanit,staging/google-fonts/ofl/kanit/Kanit-Regular.ttf,27170c049660b2f962d3ed28441fd20f4c743503ca031fec9c2b4542d6c52736,173148,TTF,Kanit,Regular,Kanit-Regular,400,5,False,False,[],775,725,Version 2.000; ttfautohint (v1.8.3),Copyright 2020 The Kanit Project Authors (https://github.com/cadsondemak/kanit),Katatrad Team,CadsonDemak,"This Font Software is licensed under the SIL Open Font License, Version 1.1. This license is available with a FAQ at: https://scripts.sil.org/OFL",https://scripts.sil.org/OFL,MATCH,True,OK,
Kanit,staging/google-fonts/ofl/kanit/Kanit-SemiBold.ttf,67e64baf1a7e6e076435518ff0e6bf25c4d74b98143cd1a2688db906c0abce11,174796,TTF,Kanit,SemiBold,Kanit-SemiBold,600,5,False,False,[],775,725,Version 2.000; ttfautohint (v1.8.3),Copyright 2020 The Kanit Project Authors (https://github.com/cadsondemak/kanit),Katatrad Team,CadsonDemak,"This Font Software is licensed under the SIL Open Font License, Version 1.1. This license is available with a FAQ at: https://scripts.sil.org/OFL",https://scripts.sil.org/OFL,MATCH,True,OK,
Kanit,staging/google-fonts/ofl/kanit/Kanit-SemiBoldItalic.ttf,df1f635f3022306a7f61ed03cdc1a90364f31e19454bd287cffe45f98ca805d0,175508,TTF,Kanit,SemiBold Italic,Kanit-SemiBoldItalic,600,5,True,False,[],775,724,Version 2.000; ttfautohint (v1.8.3),Copyright 2020 The Kanit Project Authors (https://github.com/cadsondemak/kanit),Katatrad Team,CadsonDemak,"This Font Software is licensed under the SIL Open Font License, Version 1.1. This license is available with a FAQ at: https://scripts.sil.org/OFL",https://scripts.sil.org/OFL,MATCH,True,OK,
Kanit,staging/google-fonts/ofl/kanit/Kanit-Thin.ttf,740d8a4d92ddae394d13a3caea845c048b6d62b58f9fb92ed4ac0118ed38c083,160460,TTF,Kanit,Thin,Kanit-Thin,250,5,False,False,[],775,725,Version 2.000; ttfautohint (v1.8.3),Copyright 2020 The Kanit Project Authors (https://github.com/cadsondemak/kanit),Katatrad Team,CadsonDemak,"This Font Software is licensed under the SIL Open Font License, Version 1.1. This license is available with a FAQ at: https://scripts.sil.org/OFL",https://scripts.sil.org/OFL,MATCH,True,OK,
Kanit,staging/google-fonts/ofl/kanit/Kanit-ThinItalic.ttf,6f61a638ba025b495fbf23a05f96af31ae3e9ca710506da123e3d63abdcf7d40,165048,TTF,Kanit,Thin Italic,Kanit-ThinItalic,250,5,True,False,[],775,724,Version 2.000; ttfautohint (v1.8.3),Copyright 2020 The Kanit Project Authors (https://github.com/cadsondemak/kanit),Katatrad Team,CadsonDemak,"This Font Software is licensed under the SIL Open Font License, Version 1.1. This license is available with a FAQ at: https://scripts.sil.org/OFL",https://scripts.sil.org/OFL,MATCH,True,OK,
Work Sans,staging/google-fonts/ofl/worksans/WorkSans-Italic[wght].ttf,0a9f935ea490d3477fc97e40248f356c29bce11a1973939056c4316b122341ec,336756,TTF,Work Sans,Italic,WorkSans-Italic,400,5,True,True,"[{""default"": 400.0, ""max"": 900.0, ""min"": 100.0, ""name"": ""Weight"", ""tag"": ""wght""}]",1229,754,Version 2.012,Copyright 2019 The Work Sans Project Authors (https://github.com/weiweihuanghuang/Work-Sans),Wei Huang,Wei Huang,"This Font Software is licensed under the SIL Open Font License, Version 1.1. This license is available with a FAQ at: http://scripts.sil.org/OFL",http://scripts.sil.org/OFL,MATCH,True,OK,
Work Sans,staging/google-fonts/ofl/worksans/WorkSans[wght].ttf,f50f61f2ba738e239442d40bf1069adb195c224b6a5a73a581fc2f3ed62a9f63,361072,TTF,Work Sans,Regular,WorkSans-Regular,400,5,False,True,"[{""default"": 400.0, ""max"": 900.0, ""min"": 100.0, ""name"": ""Weight"", ""tag"": ""wght""}]",1349,754,Version 2.012,Copyright 2019 The Work Sans Project Authors (https://github.com/weiweihuanghuang/Work-Sans),Wei Huang,Wei Huang,"This Font Software is licensed under the SIL Open Font License, Version 1.1. This license is available with a FAQ at: http://scripts.sil.org/OFL",http://scripts.sil.org/OFL,MATCH,True,OK,
Plus Jakarta Sans,staging/google-fonts/ofl/plusjakartasans/PlusJakartaSans-Italic[wght].ttf,9529eb888668b6a3c6dd75b6341a2fc5263fb6c9e788822e6117c29dd9e8b115,183188,TTF,Plus Jakarta Sans,Italic,PlusJakartaSans-Italic,400,5,True,True,"[{""default"": 400.0, ""max"": 800.0, ""min"": 200.0, ""name"": ""Weight"", ""tag"": ""wght""}]",1188,721,Version 2.071;gftools[0.9.30],Copyright 2020 The Plus Jakarta Sans Project Authors (https://github.com/tokotype/PlusJakartaSans),Gumpita Rahayu,Tokotype,"This Font Software is licensed under the SIL Open Font License, Version 1.1. This license is available with a FAQ at: https://scripts.sil.org/OFL",https://scripts.sil.org/OFL,MATCH,True,OK,
Plus Jakarta Sans,staging/google-fonts/ofl/plusjakartasans/PlusJakartaSans[wght].ttf,89b3fb38aa0d275d7a731d0d817a4f1622b316b4d7fbdedcf02ee9099ff68bc8,176288,TTF,Plus Jakarta Sans,Regular,PlusJakartaSans-Regular,400,5,False,True,"[{""default"": 400.0, ""max"": 800.0, ""min"": 200.0, ""name"": ""Weight"", ""tag"": ""wght""}]",1188,721,Version 2.071;gftools[0.9.30],Copyright 2020 The Plus Jakarta Sans Project Authors (https://github.com/tokotype/PlusJakartaSans),Gumpita Rahayu,Tokotype,"This Font Software is licensed under the SIL Open Font License, Version 1.1. This license is available with a FAQ at: https://scripts.sil.org/OFL",https://scripts.sil.org/OFL,MATCH,True,OK,
Exo 2,staging/google-fonts/ofl/exo2/Exo2-Italic[wght].ttf,bad568cea9ed23d6ae4aea41ad3f7747752952aabdd85d7f01474af392a21b32,302556,TTF,Exo 2,Italic,Exo2-Italic,400,5,True,True,"[{""default"": 400.0, ""max"": 900.0, ""min"": 100.0, ""name"": ""Weight"", ""tag"": ""wght""}]",1032,911,Version 2.010,Copyright 2013 The Exo 2 Project Authors (https://github.com/googlefonts/Exo-2.0),Natanael Gama,Natanael Gama,"This Font Software is licensed under the SIL Open Font License, Version 1.1. This license is available with a FAQ at: https://openfontlicense.org",https://openfontlicense.org,MATCH,True,OK,
Exo 2,staging/google-fonts/ofl/exo2/Exo2[wght].ttf,205a448676a2586f9c57c25f3d5c58ca8db7e6cf5edf7506783a010c6fe2bfb5,303940,TTF,Exo 2,Regular,Exo2-Regular,400,5,False,True,"[{""default"": 400.0, ""max"": 900.0, ""min"": 100.0, ""name"": ""Weight"", ""tag"": ""wght""}]",1033,911,Version 2.010,Copyright 2013 The Exo 2 Project Authors (https://github.com/googlefonts/Exo-2.0),Natanael Gama,Natanael Gama,"This Font Software is licensed under the SIL Open Font License, Version 1.1. This license is available with a FAQ at: https://openfontlicense.org",https://openfontlicense.org,MATCH,True,OK,
Figtree,staging/google-fonts/ofl/figtree/Figtree-Italic[wght].ttf,94dec1f18b9275d69e8b4a91b6514bdc18199048347e1c36e1285b11b0b87653,62632,TTF,Figtree,Light Italic,Figtree-LightItalic,300,5,True,True,"[{""default"": 300.0, ""max"": 900.0, ""min"": 300.0, ""name"": ""Weight"", ""tag"": ""wght""}]",459,391,Version 2.002,Copyright 2022 The Figtree Project Authors (https://github.com/erikdkennedy/figtree),,Erik Kennedy,"This Font Software is licensed under the SIL Open Font License, Version 1.1. This license is available with a FAQ at: https://openfontlicense.org",https://openfontlicense.org,MATCH,True,OK,
Figtree,staging/google-fonts/ofl/figtree/Figtree[wght].ttf,26ad3db9b31ff7dde67a91ff515d022d2f495cd506590699cf264f0bfe6fb714,62712,TTF,Figtree,Light,Figtree-Light,300,5,False,True,"[{""default"": 300.0, ""max"": 900.0, ""min"": 300.0, ""name"": ""Weight"", ""tag"": ""wght""}]",459,391,Version 2.002,Copyright 2022 The Figtree Project Authors (https://github.com/erikdkennedy/figtree),Erik Kennedy,Erik Kennedy,"This Font Software is licensed under the SIL Open Font License, Version 1.1. This license is available with a FAQ at: https://openfontlicense.org",https://openfontlicense.org,MATCH,True,OK,
Zen Kaku Gothic New,staging/google-fonts/ofl/zenkakugothicnew/ZenKakuGothicNew-Black.ttf,795819a979184981842994d8f4eb9e14ce443d687bd5e731d6ca67ded8f92261,2300600,TTF,Zen Kaku Gothic New,Black,ZenKakuGothicNew-Black,900,5,False,False,[],7792,7737,Version 1.002,Copyright 2022 The Zen Project Authors (https://github.com/googlefonts/zen-kakugothic),Yoshimichi Ohira,Positype,"This Font Software is licensed under the SIL Open Font License, Version 1.1. This license is available with a FAQ at: https://scripts.sil.org/OFL",https://scripts.sil.org/OFL,MATCH,True,OK,
Zen Kaku Gothic New,staging/google-fonts/ofl/zenkakugothicnew/ZenKakuGothicNew-Bold.ttf,0081cedabc4921982fcd061f845a005664ac7fb642af2dd34b4007bc63ccd235,2314424,TTF,Zen Kaku Gothic New,Bold,ZenKakuGothicNew-Bold,700,5,False,False,[],7792,7737,Version 1.002,Copyright 2022 The Zen Project Authors (https://github.com/googlefonts/zen-kakugothic),Yoshimichi Ohira,Positype,"This Font Software is licensed under the SIL Open Font License, Version 1.1. This license is available with a FAQ at: https://scripts.sil.org/OFL",https://scripts.sil.org/OFL,MATCH,True,OK,
Zen Kaku Gothic New,staging/google-fonts/ofl/zenkakugothicnew/ZenKakuGothicNew-Light.ttf,ad4e9733f96397ed0c99c295d9b3b56e39a0e0bc02b0ac56ce3ade7793a1eef1,2181020,TTF,Zen Kaku Gothic New,Light,ZenKakuGothicNew-Light,300,5,False,False,[],7792,7737,Version 1.002,Copyright 2022 The Zen Project Authors (https://github.com/googlefonts/zen-kakugothic),Yoshimichi Ohira,Positype,"This Font Software is licensed under the SIL Open Font License, Version 1.1. This license is available with a FAQ at: https://scripts.sil.org/OFL",https://scripts.sil.org/OFL,MATCH,True,OK,
Zen Kaku Gothic New,staging/google-fonts/ofl/zenkakugothicnew/ZenKakuGothicNew-Medium.ttf,651a3f7280b7f36262601ee76d8388a8dc4372dcc67aff025a608939a562b525,2328176,TTF,Zen Kaku Gothic New,Medium,ZenKakuGothicNew-Medium,500,5,False,False,[],7792,7737,Version 1.002,Copyright 2022 The Zen Project Authors (https://github.com/googlefonts/zen-kakugothic),Yoshimichi Ohira,Positype,"This Font Software is licensed under the SIL Open Font License, Version 1.1. This license is available with a FAQ at: https://scripts.sil.org/OFL",https://scripts.sil.org/OFL,MATCH,True,OK,
Zen Kaku Gothic New,staging/google-fonts/ofl/zenkakugothicnew/ZenKakuGothicNew-Regular.ttf,b840cd07a67d89cacca44249ae49aa99ee7640eb5ce623be8d8983d6aabac801,2360248,TTF,Zen Kaku Gothic New,Regular,ZenKakuGothicNew-Regular,400,5,False,False,[],7792,7737,Version 1.002,Copyright 2022 The Zen Project Authors (https://github.com/googlefonts/zen-kakugothic),Yoshimichi Ohira,Positype,"This Font Software is licensed under the SIL Open Font License, Version 1.1. This license is available with a FAQ at: https://scripts.sil.org/OFL",https://scripts.sil.org/OFL,MATCH,True,OK,
Prompt,staging/google-fonts/ofl/prompt/Prompt-Black.ttf,4fbb63f90ce9ea4214461942b521b13f6d2f7194a67de848363d829c3fdf3e66,176388,TTF,Prompt,Black,Prompt-Black,900,5,False,False,[],773,725,Version 1.001,"Copyright (c) 2015, Cadson Demak (info@cadsondemak.com)",Katatrad Team,CadsonDemak,"Copyright (c) 2015, Cadson Demak (info@cadsondemak.com)

This Font Software is licensed under the SIL Open Font License, Version 1.1.
This license is copied below, and is also available with a FAQ at:
http://scripts.sil.org/OFL


-----------------------------------------------------------
SIL OPEN FONT LICENSE Version 1.1 - 26 February 2007
-----------------------------------------------------------

PREAMBLE
The goals of the Open Font License (OFL) are to stimulate worldwide
development of collaborative font projects, to support the font creation
efforts of academic and linguistic communities, and to provide a free and
open framework in which fonts may be shared and improved in partnership
with others.

The OFL allows the licensed fonts to be used, studied, modified and
redistributed freely as long as they are not sold by themselves. The
fonts, including any derivative works, can be bundled, embedded,
redistributed and/or sold with any software provided that any reserved
names are not used by derivative works. The fonts and derivatives,
however, cannot be released under any other type of license. The
requirement for fonts to remain under this license does not apply
to any document created using the fonts or their derivatives.

DEFINITIONS
""Font Software"" refers to the set of files released by the Copyright
Holder(s) under this license and clearly marked as such. This may
include source files, build scripts and documentation.

""Reserved Font Name"" refers to any names specified as such after the
copyright statement(s).

""Original Version"" refers to the collection of Font Software components as
distributed by the Copyright Holder(s).

""Modified Version"" refers to any derivative made by adding to, deleting,
or substituting -- in part or in whole -- any of the components of the
Original Version, by changing formats or by porting the Font Software to a
new environment.

""Author"" refers to any designer, engineer, programmer, technical
writer or other person who contributed to the Font Software.

PERMISSION & CONDITIONS
Permission is hereby granted, free of charge, to any person obtaining
a copy of the Font Software, to use, study, copy, merge, embed, modify,
redistribute, and sell modified and unmodified copies of the Font
Software, subject to the following conditions:

1) Neither the Font Software nor any of its individual components,
in Original or Modified Versions, may be sold by itself.

2) Original or Modified Versions of the Font Software may be bundled,
redistributed and/or sold with any software, provided that each copy
contains the above copyright notice and this license. These can be
included either as stand-alone text files, human-readable headers or
in the appropriate machine-readable metadata fields within text or
binary files as long as those fields can be easily viewed by the user.

3) No Modified Version of the Font Software may use the Reserved Font
Name(s) unless explicit written permission is granted by the corresponding
Copyright Holder. This restriction only applies to the primary font name as
presented to the users.

4) The name(s) of the Copyright Holder(s) or the Author(s) of the Font
Software shall not be used to promote, endorse or advertise any
Modified Version, except to acknowledge the contribution(s) of the
Copyright Holder(s) and the Author(s) or with their explicit written
permission.

5) The Font Software, modified or unmodified, in part or in whole,
must be distributed entirely under this license, and must not be
distributed under any other license. The requirement for fonts to
remain under this license does not apply to any document created
using the Font Software.

TERMINATION
This license becomes null and void if any of the above conditions are
not met.

DISCLAIMER
THE FONT SOFTWARE IS PROVIDED ""AS IS"", WITHOUT WARRANTY OF ANY KIND,
EXPRESS OR IMPLIED, INCLUDING BUT NOT LIMITED TO ANY WARRANTIES OF
MERCHANTABILITY, FITNESS FOR A PARTICULAR PURPOSE AND NONINFRINGEMENT
OF COPYRIGHT, PATENT, TRADEMARK, OR OTHER RIGHT. IN NO EVENT SHALL THE
COPYRIGHT HOLDER BE LIABLE FOR ANY CLAIM, DAMAGES OR OTHER LIABILITY,
INCLUDING ANY GENERAL, SPECIAL, INDIRECT, INCIDENTAL, OR CONSEQUENTIAL
DAMAGES, WHETHER IN AN ACTION OF CONTRACT, TORT OR OTHERWISE, ARISING
FROM, OUT OF THE USE OR INABILITY TO USE THE FONT SOFTWARE OR FROM
OTHER DEALINGS IN THE FONT SOFTWARE.",http://scripts.sil.org/OFL,MATCH,True,OK,
Prompt,staging/google-fonts/ofl/prompt/Prompt-BlackItalic.ttf,b1b27215efa6a451c2a1549c5de4c96bb389cf89e86921b3ee488ddb6702e09a,199068,TTF,Prompt,Black Italic,Prompt-BlackItalic,900,5,True,False,[],773,725,Version 1.001,"Copyright (c) 2015, Cadson Demak (info@cadsondemak.com)",Katatrad Team,CadsonDemak,"Copyright (c) 2015, Cadson Demak (info@cadsondemak.com)

This Font Software is licensed under the SIL Open Font License, Version 1.1.
This license is copied below, and is also available with a FAQ at:
http://scripts.sil.org/OFL


-----------------------------------------------------------
SIL OPEN FONT LICENSE Version 1.1 - 26 February 2007
-----------------------------------------------------------

PREAMBLE
The goals of the Open Font License (OFL) are to stimulate worldwide
development of collaborative font projects, to support the font creation
efforts of academic and linguistic communities, and to provide a free and
open framework in which fonts may be shared and improved in partnership
with others.

The OFL allows the licensed fonts to be used, studied, modified and
redistributed freely as long as they are not sold by themselves. The
fonts, including any derivative works, can be bundled, embedded,
redistributed and/or sold with any software provided that any reserved
names are not used by derivative works. The fonts and derivatives,
however, cannot be released under any other type of license. The
requirement for fonts to remain under this license does not apply
to any document created using the fonts or their derivatives.

DEFINITIONS
""Font Software"" refers to the set of files released by the Copyright
Holder(s) under this license and clearly marked as such. This may
include source files, build scripts and documentation.

""Reserved Font Name"" refers to any names specified as such after the
copyright statement(s).

""Original Version"" refers to the collection of Font Software components as
distributed by the Copyright Holder(s).

""Modified Version"" refers to any derivative made by adding to, deleting,
or substituting -- in part or in whole -- any of the components of the
Original Version, by changing formats or by porting the Font Software to a
new environment.

""Author"" refers to any designer, engineer, programmer, technical
writer or other person who contributed to the Font Software.

PERMISSION & CONDITIONS
Permission is hereby granted, free of charge, to any person obtaining
a copy of the Font Software, to use, study, copy, merge, embed, modify,
redistribute, and sell modified and unmodified copies of the Font
Software, subject to the following conditions:

1) Neither the Font Software nor any of its individual components,
in Original or Modified Versions, may be sold by itself.

2) Original or Modified Versions of the Font Software may be bundled,
redistributed and/or sold with any software, provided that each copy
contains the above copyright notice and this license. These can be
included either as stand-alone text files, human-readable headers or
in the appropriate machine-readable metadata fields within text or
binary files as long as those fields can be easily viewed by the user.

3) No Modified Version of the Font Software may use the Reserved Font
Name(s) unless explicit written permission is granted by the corresponding
Copyright Holder. This restriction only applies to the primary font name as
presented to the users.

4) The name(s) of the Copyright Holder(s) or the Author(s) of the Font
Software shall not be used to promote, endorse or advertise any
Modified Version, except to acknowledge the contribution(s) of the
Copyright Holder(s) and the Author(s) or with their explicit written
permission.

5) The Font Software, modified or unmodified, in part or in whole,
must be distributed entirely under this license, and must not be
distributed under any other license. The requirement for fonts to
remain under this license does not apply to any document created
using the Font Software.

TERMINATION
This license becomes null and void if any of the above conditions are
not met.

DISCLAIMER
THE FONT SOFTWARE IS PROVIDED ""AS IS"", WITHOUT WARRANTY OF ANY KIND,
EXPRESS OR IMPLIED, INCLUDING BUT NOT LIMITED TO ANY WARRANTIES OF
MERCHANTABILITY, FITNESS FOR A PARTICULAR PURPOSE AND NONINFRINGEMENT
OF COPYRIGHT, PATENT, TRADEMARK, OR OTHER RIGHT. IN NO EVENT SHALL THE
COPYRIGHT HOLDER BE LIABLE FOR ANY CLAIM, DAMAGES OR OTHER LIABILITY,
INCLUDING ANY GENERAL, SPECIAL, INDIRECT, INCIDENTAL, OR CONSEQUENTIAL
DAMAGES, WHETHER IN AN ACTION OF CONTRACT, TORT OR OTHERWISE, ARISING
FROM, OUT OF THE USE OR INABILITY TO USE THE FONT SOFTWARE OR FROM
OTHER DEALINGS IN THE FONT SOFTWARE.",http://scripts.sil.org/OFL,MATCH,True,OK,
Prompt,staging/google-fonts/ofl/prompt/Prompt-Bold.ttf,02813ca4f93c1df27e271f10fef3db6e34e66751ae1f4a3ed82ae06cb20150ea,178804,TTF,Prompt,Bold,Prompt-Bold,700,5,False,False,[],773,725,Version 1.001,"Copyright (c) 2015, Cadson Demak (info@cadsondemak.com)",Katatrad Team,CadsonDemak,"Copyright (c) 2015, Cadson Demak (info@cadsondemak.com)

This Font Software is licensed under the SIL Open Font License, Version 1.1.
This license is copied below, and is also available with a FAQ at:
http://scripts.sil.org/OFL


-----------------------------------------------------------
SIL OPEN FONT LICENSE Version 1.1 - 26 February 2007
-----------------------------------------------------------

PREAMBLE
The goals of the Open Font License (OFL) are to stimulate worldwide
development of collaborative font projects, to support the font creation
efforts of academic and linguistic communities, and to provide a free and
open framework in which fonts may be shared and improved in partnership
with others.

The OFL allows the licensed fonts to be used, studied, modified and
redistributed freely as long as they are not sold by themselves. The
fonts, including any derivative works, can be bundled, embedded,
redistributed and/or sold with any software provided that any reserved
names are not used by derivative works. The fonts and derivatives,
however, cannot be released under any other type of license. The
requirement for fonts to remain under this license does not apply
to any document created using the fonts or their derivatives.

DEFINITIONS
""Font Software"" refers to the set of files released by the Copyright
Holder(s) under this license and clearly marked as such. This may
include source files, build scripts and documentation.

""Reserved Font Name"" refers to any names specified as such after the
copyright statement(s).

""Original Version"" refers to the collection of Font Software components as
distributed by the Copyright Holder(s).

""Modified Version"" refers to any derivative made by adding to, deleting,
or substituting -- in part or in whole -- any of the components of the
Original Version, by changing formats or by porting the Font Software to a
new environment.

""Author"" refers to any designer, engineer, programmer, technical
writer or other person who contributed to the Font Software.

PERMISSION & CONDITIONS
Permission is hereby granted, free of charge, to any person obtaining
a copy of the Font Software, to use, study, copy, merge, embed, modify,
redistribute, and sell modified and unmodified copies of the Font
Software, subject to the following conditions:

1) Neither the Font Software nor any of its individual components,
in Original or Modified Versions, may be sold by itself.

2) Original or Modified Versions of the Font Software may be bundled,
redistributed and/or sold with any software, provided that each copy
contains the above copyright notice and this license. These can be
included either as stand-alone text files, human-readable headers or
in the appropriate machine-readable metadata fields within text or
binary files as long as those fields can be easily viewed by the user.

3) No Modified Version of the Font Software may use the Reserved Font
Name(s) unless explicit written permission is granted by the corresponding
Copyright Holder. This restriction only applies to the primary font name as
presented to the users.

4) The name(s) of the Copyright Holder(s) or the Author(s) of the Font
Software shall not be used to promote, endorse or advertise any
Modified Version, except to acknowledge the contribution(s) of the
Copyright Holder(s) and the Author(s) or with their explicit written
permission.

5) The Font Software, modified or unmodified, in part or in whole,
must be distributed entirely under this license, and must not be
distributed under any other license. The requirement for fonts to
remain under this license does not apply to any document created
using the Font Software.

TERMINATION
This license becomes null and void if any of the above conditions are
not met.

DISCLAIMER
THE FONT SOFTWARE IS PROVIDED ""AS IS"", WITHOUT WARRANTY OF ANY KIND,
EXPRESS OR IMPLIED, INCLUDING BUT NOT LIMITED TO ANY WARRANTIES OF
MERCHANTABILITY, FITNESS FOR A PARTICULAR PURPOSE AND NONINFRINGEMENT
OF COPYRIGHT, PATENT, TRADEMARK, OR OTHER RIGHT. IN NO EVENT SHALL THE
COPYRIGHT HOLDER BE LIABLE FOR ANY CLAIM, DAMAGES OR OTHER LIABILITY,
INCLUDING ANY GENERAL, SPECIAL, INDIRECT, INCIDENTAL, OR CONSEQUENTIAL
DAMAGES, WHETHER IN AN ACTION OF CONTRACT, TORT OR OTHERWISE, ARISING
FROM, OUT OF THE USE OR INABILITY TO USE THE FONT SOFTWARE OR FROM
OTHER DEALINGS IN THE FONT SOFTWARE.",http://scripts.sil.org/OFL,MATCH,True,OK,
Prompt,staging/google-fonts/ofl/prompt/Prompt-BoldItalic.ttf,d1c26068cd1291d238c04a064e169ce867315aab256bf7bd12cbe0969bb36b3a,186428,TTF,Prompt,Bold Italic,Prompt-BoldItalic,700,5,True,False,[],773,725,Version 1.001,"Copyright (c) 2015, Cadson Demak (info@cadsondemak.com)",Katatrad Team,CadsonDemak,"Copyright (c) 2015, Cadson Demak (info@cadsondemak.com)

This Font Software is licensed under the SIL Open Font License, Version 1.1.
This license is copied below, and is also available with a FAQ at:
http://scripts.sil.org/OFL


-----------------------------------------------------------
SIL OPEN FONT LICENSE Version 1.1 - 26 February 2007
-----------------------------------------------------------

PREAMBLE
The goals of the Open Font License (OFL) are to stimulate worldwide
development of collaborative font projects, to support the font creation
efforts of academic and linguistic communities, and to provide a free and
open framework in which fonts may be shared and improved in partnership
with others.

The OFL allows the licensed fonts to be used, studied, modified and
redistributed freely as long as they are not sold by themselves. The
fonts, including any derivative works, can be bundled, embedded,
redistributed and/or sold with any software provided that any reserved
names are not used by derivative works. The fonts and derivatives,
however, cannot be released under any other type of license. The
requirement for fonts to remain under this license does not apply
to any document created using the fonts or their derivatives.

DEFINITIONS
""Font Software"" refers to the set of files released by the Copyright
Holder(s) under this license and clearly marked as such. This may
include source files, build scripts and documentation.

""Reserved Font Name"" refers to any names specified as such after the
copyright statement(s).

""Original Version"" refers to the collection of Font Software components as
distributed by the Copyright Holder(s).

""Modified Version"" refers to any derivative made by adding to, deleting,
or substituting -- in part or in whole -- any of the components of the
Original Version, by changing formats or by porting the Font Software to a
new environment.

""Author"" refers to any designer, engineer, programmer, technical
writer or other person who contributed to the Font Software.

PERMISSION & CONDITIONS
Permission is hereby granted, free of charge, to any person obtaining
a copy of the Font Software, to use, study, copy, merge, embed, modify,
redistribute, and sell modified and unmodified copies of the Font
Software, subject to the following conditions:

1) Neither the Font Software nor any of its individual components,
in Original or Modified Versions, may be sold by itself.

2) Original or Modified Versions of the Font Software may be bundled,
redistributed and/or sold with any software, provided that each copy
contains the above copyright notice and this license. These can be
included either as stand-alone text files, human-readable headers or
in the appropriate machine-readable metadata fields within text or
binary files as long as those fields can be easily viewed by the user.

3) No Modified Version of the Font Software may use the Reserved Font
Name(s) unless explicit written permission is granted by the corresponding
Copyright Holder. This restriction only applies to the primary font name as
presented to the users.

4) The name(s) of the Copyright Holder(s) or the Author(s) of the Font
Software shall not be used to promote, endorse or advertise any
Modified Version, except to acknowledge the contribution(s) of the
Copyright Holder(s) and the Author(s) or with their explicit written
permission.

5) The Font Software, modified or unmodified, in part or in whole,
must be distributed entirely under this license, and must not be
distributed under any other license. The requirement for fonts to
remain under this license does not apply to any document created
using the Font Software.

TERMINATION
This license becomes null and void if any of the above conditions are
not met.

DISCLAIMER
THE FONT SOFTWARE IS PROVIDED ""AS IS"", WITHOUT WARRANTY OF ANY KIND,
EXPRESS OR IMPLIED, INCLUDING BUT NOT LIMITED TO ANY WARRANTIES OF
MERCHANTABILITY, FITNESS FOR A PARTICULAR PURPOSE AND NONINFRINGEMENT
OF COPYRIGHT, PATENT, TRADEMARK, OR OTHER RIGHT. IN NO EVENT SHALL THE
COPYRIGHT HOLDER BE LIABLE FOR ANY CLAIM, DAMAGES OR OTHER LIABILITY,
INCLUDING ANY GENERAL, SPECIAL, INDIRECT, INCIDENTAL, OR CONSEQUENTIAL
DAMAGES, WHETHER IN AN ACTION OF CONTRACT, TORT OR OTHERWISE, ARISING
FROM, OUT OF THE USE OR INABILITY TO USE THE FONT SOFTWARE OR FROM
OTHER DEALINGS IN THE FONT SOFTWARE.",http://scripts.sil.org/OFL,MATCH,True,OK,
Prompt,staging/google-fonts/ofl/prompt/Prompt-ExtraBold.ttf,f19ebea740940d6c6eb080d5ede1c78e5e68bd5b1faa34efbac251bb84740100,176172,TTF,Prompt,ExtraBold,Prompt-ExtraBold,800,5,False,False,[],773,725,Version 1.001,"Copyright (c) 2015, Cadson Demak (info@cadsondemak.com)",Katatrad Team,CadsonDemak,"Copyright (c) 2015, Cadson Demak (info@cadsondemak.com)

This Font Software is licensed under the SIL Open Font License, Version 1.1.
This license is copied below, and is also available with a FAQ at:
http://scripts.sil.org/OFL


-----------------------------------------------------------
SIL OPEN FONT LICENSE Version 1.1 - 26 February 2007
-----------------------------------------------------------

PREAMBLE
The goals of the Open Font License (OFL) are to stimulate worldwide
development of collaborative font projects, to support the font creation
efforts of academic and linguistic communities, and to provide a free and
open framework in which fonts may be shared and improved in partnership
with others.

The OFL allows the licensed fonts to be used, studied, modified and
redistributed freely as long as they are not sold by themselves. The
fonts, including any derivative works, can be bundled, embedded,
redistributed and/or sold with any software provided that any reserved
names are not used by derivative works. The fonts and derivatives,
however, cannot be released under any other type of license. The
requirement for fonts to remain under this license does not apply
to any document created using the fonts or their derivatives.

DEFINITIONS
""Font Software"" refers to the set of files released by the Copyright
Holder(s) under this license and clearly marked as such. This may
include source files, build scripts and documentation.

""Reserved Font Name"" refers to any names specified as such after the
copyright statement(s).

""Original Version"" refers to the collection of Font Software components as
distributed by the Copyright Holder(s).

""Modified Version"" refers to any derivative made by adding to, deleting,
or substituting -- in part or in whole -- any of the components of the
Original Version, by changing formats or by porting the Font Software to a
new environment.

""Author"" refers to any designer, engineer, programmer, technical
writer or other person who contributed to the Font Software.

PERMISSION & CONDITIONS
Permission is hereby granted, free of charge, to any person obtaining
a copy of the Font Software, to use, study, copy, merge, embed, modify,
redistribute, and sell modified and unmodified copies of the Font
Software, subject to the following conditions:

1) Neither the Font Software nor any of its individual components,
in Original or Modified Versions, may be sold by itself.

2) Original or Modified Versions of the Font Software may be bundled,
redistributed and/or sold with any software, provided that each copy
contains the above copyright notice and this license. These can be
included either as stand-alone text files, human-readable headers or
in the appropriate machine-readable metadata fields within text or
binary files as long as those fields can be easily viewed by the user.

3) No Modified Version of the Font Software may use the Reserved Font
Name(s) unless explicit written permission is granted by the corresponding
Copyright Holder. This restriction only applies to the primary font name as
presented to the users.

4) The name(s) of the Copyright Holder(s) or the Author(s) of the Font
Software shall not be used to promote, endorse or advertise any
Modified Version, except to acknowledge the contribution(s) of the
Copyright Holder(s) and the Author(s) or with their explicit written
permission.

5) The Font Software, modified or unmodified, in part or in whole,
must be distributed entirely under this license, and must not be
distributed under any other license. The requirement for fonts to
remain under this license does not apply to any document created
using the Font Software.

TERMINATION
This license becomes null and void if any of the above conditions are
not met.

DISCLAIMER
THE FONT SOFTWARE IS PROVIDED ""AS IS"", WITHOUT WARRANTY OF ANY KIND,
EXPRESS OR IMPLIED, INCLUDING BUT NOT LIMITED TO ANY WARRANTIES OF
MERCHANTABILITY, FITNESS FOR A PARTICULAR PURPOSE AND NONINFRINGEMENT
OF COPYRIGHT, PATENT, TRADEMARK, OR OTHER RIGHT. IN NO EVENT SHALL THE
COPYRIGHT HOLDER BE LIABLE FOR ANY CLAIM, DAMAGES OR OTHER LIABILITY,
INCLUDING ANY GENERAL, SPECIAL, INDIRECT, INCIDENTAL, OR CONSEQUENTIAL
DAMAGES, WHETHER IN AN ACTION OF CONTRACT, TORT OR OTHERWISE, ARISING
FROM, OUT OF THE USE OR INABILITY TO USE THE FONT SOFTWARE OR FROM
OTHER DEALINGS IN THE FONT SOFTWARE.",http://scripts.sil.org/OFL,MATCH,True,OK,
Prompt,staging/google-fonts/ofl/prompt/Prompt-ExtraBoldItalic.ttf,23560ab8e908c1041befa0ac6873fbaa710de6d0ae21bc60c5b2fdedd83eeb86,186668,TTF,Prompt,ExtraBold Italic,Prompt-ExtraBoldItalic,800,5,True,False,[],773,725,Version 1.001,"Copyright (c) 2015, Cadson Demak (info@cadsondemak.com)",Katatrad Team,CadsonDemak,"Copyright (c) 2015, Cadson Demak (info@cadsondemak.com)

This Font Software is licensed under the SIL Open Font License, Version 1.1.
This license is copied below, and is also available with a FAQ at:
http://scripts.sil.org/OFL


-----------------------------------------------------------
SIL OPEN FONT LICENSE Version 1.1 - 26 February 2007
-----------------------------------------------------------

PREAMBLE
The goals of the Open Font License (OFL) are to stimulate worldwide
development of collaborative font projects, to support the font creation
efforts of academic and linguistic communities, and to provide a free and
open framework in which fonts may be shared and improved in partnership
with others.

The OFL allows the licensed fonts to be used, studied, modified and
redistributed freely as long as they are not sold by themselves. The
fonts, including any derivative works, can be bundled, embedded,
redistributed and/or sold with any software provided that any reserved
names are not used by derivative works. The fonts and derivatives,
however, cannot be released under any other type of license. The
requirement for fonts to remain under this license does not apply
to any document created using the fonts or their derivatives.

DEFINITIONS
""Font Software"" refers to the set of files released by the Copyright
Holder(s) under this license and clearly marked as such. This may
include source files, build scripts and documentation.

""Reserved Font Name"" refers to any names specified as such after the
copyright statement(s).

""Original Version"" refers to the collection of Font Software components as
distributed by the Copyright Holder(s).

""Modified Version"" refers to any derivative made by adding to, deleting,
or substituting -- in part or in whole -- any of the components of the
Original Version, by changing formats or by porting the Font Software to a
new environment.

""Author"" refers to any designer, engineer, programmer, technical
writer or other person who contributed to the Font Software.

PERMISSION & CONDITIONS
Permission is hereby granted, free of charge, to any person obtaining
a copy of the Font Software, to use, study, copy, merge, embed, modify,
redistribute, and sell modified and unmodified copies of the Font
Software, subject to the following conditions:

1) Neither the Font Software nor any of its individual components,
in Original or Modified Versions, may be sold by itself.

2) Original or Modified Versions of the Font Software may be bundled,
redistributed and/or sold with any software, provided that each copy
contains the above copyright notice and this license. These can be
included either as stand-alone text files, human-readable headers or
in the appropriate machine-readable metadata fields within text or
binary files as long as those fields can be easily viewed by the user.

3) No Modified Version of the Font Software may use the Reserved Font
Name(s) unless explicit written permission is granted by the corresponding
Copyright Holder. This restriction only applies to the primary font name as
presented to the users.

4) The name(s) of the Copyright Holder(s) or the Author(s) of the Font
Software shall not be used to promote, endorse or advertise any
Modified Version, except to acknowledge the contribution(s) of the
Copyright Holder(s) and the Author(s) or with their explicit written
permission.

5) The Font Software, modified or unmodified, in part or in whole,
must be distributed entirely under this license, and must not be
distributed under any other license. The requirement for fonts to
remain under this license does not apply to any document created
using the Font Software.

TERMINATION
This license becomes null and void if any of the above conditions are
not met.

DISCLAIMER
THE FONT SOFTWARE IS PROVIDED ""AS IS"", WITHOUT WARRANTY OF ANY KIND,
EXPRESS OR IMPLIED, INCLUDING BUT NOT LIMITED TO ANY WARRANTIES OF
MERCHANTABILITY, FITNESS FOR A PARTICULAR PURPOSE AND NONINFRINGEMENT
OF COPYRIGHT, PATENT, TRADEMARK, OR OTHER RIGHT. IN NO EVENT SHALL THE
COPYRIGHT HOLDER BE LIABLE FOR ANY CLAIM, DAMAGES OR OTHER LIABILITY,
INCLUDING ANY GENERAL, SPECIAL, INDIRECT, INCIDENTAL, OR CONSEQUENTIAL
DAMAGES, WHETHER IN AN ACTION OF CONTRACT, TORT OR OTHERWISE, ARISING
FROM, OUT OF THE USE OR INABILITY TO USE THE FONT SOFTWARE OR FROM
OTHER DEALINGS IN THE FONT SOFTWARE.",http://scripts.sil.org/OFL,MATCH,True,OK,
Prompt,staging/google-fonts/ofl/prompt/Prompt-ExtraLight.ttf,5492f48c746a6f725ad21a787bb49ec4e948dbed7a3fa1e357b0efc1eef8d881,163680,TTF,Prompt,ExtraLight,Prompt-ExtraLight,275,5,False,False,[],773,725,Version 1.001,"Copyright (c) 2015, Cadson Demak (info@cadsondemak.com)",Katatrad Team,CadsonDemak,"Copyright (c) 2015, Cadson Demak (info@cadsondemak.com)

This Font Software is licensed under the SIL Open Font License, Version 1.1.
This license is copied below, and is also available with a FAQ at:
http://scripts.sil.org/OFL


-----------------------------------------------------------
SIL OPEN FONT LICENSE Version 1.1 - 26 February 2007
-----------------------------------------------------------

PREAMBLE
The goals of the Open Font License (OFL) are to stimulate worldwide
development of collaborative font projects, to support the font creation
efforts of academic and linguistic communities, and to provide a free and
open framework in which fonts may be shared and improved in partnership
with others.

The OFL allows the licensed fonts to be used, studied, modified and
redistributed freely as long as they are not sold by themselves. The
fonts, including any derivative works, can be bundled, embedded,
redistributed and/or sold with any software provided that any reserved
names are not used by derivative works. The fonts and derivatives,
however, cannot be released under any other type of license. The
requirement for fonts to remain under this license does not apply
to any document created using the fonts or their derivatives.

DEFINITIONS
""Font Software"" refers to the set of files released by the Copyright
Holder(s) under this license and clearly marked as such. This may
include source files, build scripts and documentation.

""Reserved Font Name"" refers to any names specified as such after the
copyright statement(s).

""Original Version"" refers to the collection of Font Software components as
distributed by the Copyright Holder(s).

""Modified Version"" refers to any derivative made by adding to, deleting,
or substituting -- in part or in whole -- any of the components of the
Original Version, by changing formats or by porting the Font Software to a
new environment.

""Author"" refers to any designer, engineer, programmer, technical
writer or other person who contributed to the Font Software.

PERMISSION & CONDITIONS
Permission is hereby granted, free of charge, to any person obtaining
a copy of the Font Software, to use, study, copy, merge, embed, modify,
redistribute, and sell modified and unmodified copies of the Font
Software, subject to the following conditions:

1) Neither the Font Software nor any of its individual components,
in Original or Modified Versions, may be sold by itself.

2) Original or Modified Versions of the Font Software may be bundled,
redistributed and/or sold with any software, provided that each copy
contains the above copyright notice and this license. These can be
included either as stand-alone text files, human-readable headers or
in the appropriate machine-readable metadata fields within text or
binary files as long as those fields can be easily viewed by the user.

3) No Modified Version of the Font Software may use the Reserved Font
Name(s) unless explicit written permission is granted by the corresponding
Copyright Holder. This restriction only applies to the primary font name as
presented to the users.

4) The name(s) of the Copyright Holder(s) or the Author(s) of the Font
Software shall not be used to promote, endorse or advertise any
Modified Version, except to acknowledge the contribution(s) of the
Copyright Holder(s) and the Author(s) or with their explicit written
permission.

5) The Font Software, modified or unmodified, in part or in whole,
must be distributed entirely under this license, and must not be
distributed under any other license. The requirement for fonts to
remain under this license does not apply to any document created
using the Font Software.

TERMINATION
This license becomes null and void if any of the above conditions are
not met.

DISCLAIMER
THE FONT SOFTWARE IS PROVIDED ""AS IS"", WITHOUT WARRANTY OF ANY KIND,
EXPRESS OR IMPLIED, INCLUDING BUT NOT LIMITED TO ANY WARRANTIES OF
MERCHANTABILITY, FITNESS FOR A PARTICULAR PURPOSE AND NONINFRINGEMENT
OF COPYRIGHT, PATENT, TRADEMARK, OR OTHER RIGHT. IN NO EVENT SHALL THE
COPYRIGHT HOLDER BE LIABLE FOR ANY CLAIM, DAMAGES OR OTHER LIABILITY,
INCLUDING ANY GENERAL, SPECIAL, INDIRECT, INCIDENTAL, OR CONSEQUENTIAL
DAMAGES, WHETHER IN AN ACTION OF CONTRACT, TORT OR OTHERWISE, ARISING
FROM, OUT OF THE USE OR INABILITY TO USE THE FONT SOFTWARE OR FROM
OTHER DEALINGS IN THE FONT SOFTWARE.",http://scripts.sil.org/OFL,MATCH,True,OK,
Prompt,staging/google-fonts/ofl/prompt/Prompt-ExtraLightItalic.ttf,19236c1e38938799c326ceb78ad55712b6f13bccacdd0561292a8368803f03b1,175300,TTF,Prompt,ExtraLight Italic,Prompt-ExtraLightItalic,275,5,True,False,[],773,725,Version 1.001,"Copyright (c) 2015, Cadson Demak (info@cadsondemak.com)",Katatrad Team,CadsonDemak,"Copyright (c) 2015, Cadson Demak (info@cadsondemak.com)

This Font Software is licensed under the SIL Open Font License, Version 1.1.
This license is copied below, and is also available with a FAQ at:
http://scripts.sil.org/OFL


-----------------------------------------------------------
SIL OPEN FONT LICENSE Version 1.1 - 26 February 2007
-----------------------------------------------------------

PREAMBLE
The goals of the Open Font License (OFL) are to stimulate worldwide
development of collaborative font projects, to support the font creation
efforts of academic and linguistic communities, and to provide a free and
open framework in which fonts may be shared and improved in partnership
with others.

The OFL allows the licensed fonts to be used, studied, modified and
redistributed freely as long as they are not sold by themselves. The
fonts, including any derivative works, can be bundled, embedded,
redistributed and/or sold with any software provided that any reserved
names are not used by derivative works. The fonts and derivatives,
however, cannot be released under any other type of license. The
requirement for fonts to remain under this license does not apply
to any document created using the fonts or their derivatives.

DEFINITIONS
""Font Software"" refers to the set of files released by the Copyright
Holder(s) under this license and clearly marked as such. This may
include source files, build scripts and documentation.

""Reserved Font Name"" refers to any names specified as such after the
copyright statement(s).

""Original Version"" refers to the collection of Font Software components as
distributed by the Copyright Holder(s).

""Modified Version"" refers to any derivative made by adding to, deleting,
or substituting -- in part or in whole -- any of the components of the
Original Version, by changing formats or by porting the Font Software to a
new environment.

""Author"" refers to any designer, engineer, programmer, technical
writer or other person who contributed to the Font Software.

PERMISSION & CONDITIONS
Permission is hereby granted, free of charge, to any person obtaining
a copy of the Font Software, to use, study, copy, merge, embed, modify,
redistribute, and sell modified and unmodified copies of the Font
Software, subject to the following conditions:

1) Neither the Font Software nor any of its individual components,
in Original or Modified Versions, may be sold by itself.

2) Original or Modified Versions of the Font Software may be bundled,
redistributed and/or sold with any software, provided that each copy
contains the above copyright notice and this license. These can be
included either as stand-alone text files, human-readable headers or
in the appropriate machine-readable metadata fields within text or
binary files as long as those fields can be easily viewed by the user.

3) No Modified Version of the Font Software may use the Reserved Font
Name(s) unless explicit written permission is granted by the corresponding
Copyright Holder. This restriction only applies to the primary font name as
presented to the users.

4) The name(s) of the Copyright Holder(s) or the Author(s) of the Font
Software shall not be used to promote, endorse or advertise any
Modified Version, except to acknowledge the contribution(s) of the
Copyright Holder(s) and the Author(s) or with their explicit written
permission.

5) The Font Software, modified or unmodified, in part or in whole,
must be distributed entirely under this license, and must not be
distributed under any other license. The requirement for fonts to
remain under this license does not apply to any document created
using the Font Software.

TERMINATION
This license becomes null and void if any of the above conditions are
not met.

DISCLAIMER
THE FONT SOFTWARE IS PROVIDED ""AS IS"", WITHOUT WARRANTY OF ANY KIND,
EXPRESS OR IMPLIED, INCLUDING BUT NOT LIMITED TO ANY WARRANTIES OF
MERCHANTABILITY, FITNESS FOR A PARTICULAR PURPOSE AND NONINFRINGEMENT
OF COPYRIGHT, PATENT, TRADEMARK, OR OTHER RIGHT. IN NO EVENT SHALL THE
COPYRIGHT HOLDER BE LIABLE FOR ANY CLAIM, DAMAGES OR OTHER LIABILITY,
INCLUDING ANY GENERAL, SPECIAL, INDIRECT, INCIDENTAL, OR CONSEQUENTIAL
DAMAGES, WHETHER IN AN ACTION OF CONTRACT, TORT OR OTHERWISE, ARISING
FROM, OUT OF THE USE OR INABILITY TO USE THE FONT SOFTWARE OR FROM
OTHER DEALINGS IN THE FONT SOFTWARE.",http://scripts.sil.org/OFL,MATCH,True,OK,
Prompt,staging/google-fonts/ofl/prompt/Prompt-Italic.ttf,c1188176de49e376990dff829c1bc0d686b17df96dd465f9e9368ccb2f2883cd,179208,TTF,Prompt,Italic,Prompt-Italic,400,5,True,False,[],773,725,Version 1.001,"Copyright (c) 2015, Cadson Demak (info@cadsondemak.com)",Katatrad Team,CadsonDemak,"Copyright (c) 2015, Cadson Demak (info@cadsondemak.com)

This Font Software is licensed under the SIL Open Font License, Version 1.1.
This license is copied below, and is also available with a FAQ at:
http://scripts.sil.org/OFL


-----------------------------------------------------------
SIL OPEN FONT LICENSE Version 1.1 - 26 February 2007
-----------------------------------------------------------

PREAMBLE
The goals of the Open Font License (OFL) are to stimulate worldwide
development of collaborative font projects, to support the font creation
efforts of academic and linguistic communities, and to provide a free and
open framework in which fonts may be shared and improved in partnership
with others.

The OFL allows the licensed fonts to be used, studied, modified and
redistributed freely as long as they are not sold by themselves. The
fonts, including any derivative works, can be bundled, embedded,
redistributed and/or sold with any software provided that any reserved
names are not used by derivative works. The fonts and derivatives,
however, cannot be released under any other type of license. The
requirement for fonts to remain under this license does not apply
to any document created using the fonts or their derivatives.

DEFINITIONS
""Font Software"" refers to the set of files released by the Copyright
Holder(s) under this license and clearly marked as such. This may
include source files, build scripts and documentation.

""Reserved Font Name"" refers to any names specified as such after the
copyright statement(s).

""Original Version"" refers to the collection of Font Software components as
distributed by the Copyright Holder(s).

""Modified Version"" refers to any derivative made by adding to, deleting,
or substituting -- in part or in whole -- any of the components of the
Original Version, by changing formats or by porting the Font Software to a
new environment.

""Author"" refers to any designer, engineer, programmer, technical
writer or other person who contributed to the Font Software.

PERMISSION & CONDITIONS
Permission is hereby granted, free of charge, to any person obtaining
a copy of the Font Software, to use, study, copy, merge, embed, modify,
redistribute, and sell modified and unmodified copies of the Font
Software, subject to the following conditions:

1) Neither the Font Software nor any of its individual components,
in Original or Modified Versions, may be sold by itself.

2) Original or Modified Versions of the Font Software may be bundled,
redistributed and/or sold with any software, provided that each copy
contains the above copyright notice and this license. These can be
included either as stand-alone text files, human-readable headers or
in the appropriate machine-readable metadata fields within text or
binary files as long as those fields can be easily viewed by the user.

3) No Modified Version of the Font Software may use the Reserved Font
Name(s) unless explicit written permission is granted by the corresponding
Copyright Holder. This restriction only applies to the primary font name as
presented to the users.

4) The name(s) of the Copyright Holder(s) or the Author(s) of the Font
Software shall not be used to promote, endorse or advertise any
Modified Version, except to acknowledge the contribution(s) of the
Copyright Holder(s) and the Author(s) or with their explicit written
permission.

5) The Font Software, modified or unmodified, in part or in whole,
must be distributed entirely under this license, and must not be
distributed under any other license. The requirement for fonts to
remain under this license does not apply to any document created
using the Font Software.

TERMINATION
This license becomes null and void if any of the above conditions are
not met.

DISCLAIMER
THE FONT SOFTWARE IS PROVIDED ""AS IS"", WITHOUT WARRANTY OF ANY KIND,
EXPRESS OR IMPLIED, INCLUDING BUT NOT LIMITED TO ANY WARRANTIES OF
MERCHANTABILITY, FITNESS FOR A PARTICULAR PURPOSE AND NONINFRINGEMENT
OF COPYRIGHT, PATENT, TRADEMARK, OR OTHER RIGHT. IN NO EVENT SHALL THE
COPYRIGHT HOLDER BE LIABLE FOR ANY CLAIM, DAMAGES OR OTHER LIABILITY,
INCLUDING ANY GENERAL, SPECIAL, INDIRECT, INCIDENTAL, OR CONSEQUENTIAL
DAMAGES, WHETHER IN AN ACTION OF CONTRACT, TORT OR OTHERWISE, ARISING
FROM, OUT OF THE USE OR INABILITY TO USE THE FONT SOFTWARE OR FROM
OTHER DEALINGS IN THE FONT SOFTWARE.",http://scripts.sil.org/OFL,MATCH,True,OK,
Prompt,staging/google-fonts/ofl/prompt/Prompt-Light.ttf,79412cf5ef7f60d7f1dff4e178707b0bc662dd76608697a7a36b4769454f8b82,161980,TTF,Prompt,Light,Prompt-Light,300,5,False,False,[],773,725,Version 1.001,"Copyright (c) 2015, Cadson Demak (info@cadsondemak.com)",Katatrad Team,CadsonDemak,"Copyright (c) 2015, Cadson Demak (info@cadsondemak.com)

This Font Software is licensed under the SIL Open Font License, Version 1.1.
This license is copied below, and is also available with a FAQ at:
http://scripts.sil.org/OFL


-----------------------------------------------------------
SIL OPEN FONT LICENSE Version 1.1 - 26 February 2007
-----------------------------------------------------------

PREAMBLE
The goals of the Open Font License (OFL) are to stimulate worldwide
development of collaborative font projects, to support the font creation
efforts of academic and linguistic communities, and to provide a free and
open framework in which fonts may be shared and improved in partnership
with others.

The OFL allows the licensed fonts to be used, studied, modified and
redistributed freely as long as they are not sold by themselves. The
fonts, including any derivative works, can be bundled, embedded,
redistributed and/or sold with any software provided that any reserved
names are not used by derivative works. The fonts and derivatives,
however, cannot be released under any other type of license. The
requirement for fonts to remain under this license does not apply
to any document created using the fonts or their derivatives.

DEFINITIONS
""Font Software"" refers to the set of files released by the Copyright
Holder(s) under this license and clearly marked as such. This may
include source files, build scripts and documentation.

""Reserved Font Name"" refers to any names specified as such after the
copyright statement(s).

""Original Version"" refers to the collection of Font Software components as
distributed by the Copyright Holder(s).

""Modified Version"" refers to any derivative made by adding to, deleting,
or substituting -- in part or in whole -- any of the components of the
Original Version, by changing formats or by porting the Font Software to a
new environment.

""Author"" refers to any designer, engineer, programmer, technical
writer or other person who contributed to the Font Software.

PERMISSION & CONDITIONS
Permission is hereby granted, free of charge, to any person obtaining
a copy of the Font Software, to use, study, copy, merge, embed, modify,
redistribute, and sell modified and unmodified copies of the Font
Software, subject to the following conditions:

1) Neither the Font Software nor any of its individual components,
in Original or Modified Versions, may be sold by itself.

2) Original or Modified Versions of the Font Software may be bundled,
redistributed and/or sold with any software, provided that each copy
contains the above copyright notice and this license. These can be
included either as stand-alone text files, human-readable headers or
in the appropriate machine-readable metadata fields within text or
binary files as long as those fields can be easily viewed by the user.

3) No Modified Version of the Font Software may use the Reserved Font
Name(s) unless explicit written permission is granted by the corresponding
Copyright Holder. This restriction only applies to the primary font name as
presented to the users.

4) The name(s) of the Copyright Holder(s) or the Author(s) of the Font
Software shall not be used to promote, endorse or advertise any
Modified Version, except to acknowledge the contribution(s) of the
Copyright Holder(s) and the Author(s) or with their explicit written
permission.

5) The Font Software, modified or unmodified, in part or in whole,
must be distributed entirely under this license, and must not be
distributed under any other license. The requirement for fonts to
remain under this license does not apply to any document created
using the Font Software.

TERMINATION
This license becomes null and void if any of the above conditions are
not met.

DISCLAIMER
THE FONT SOFTWARE IS PROVIDED ""AS IS"", WITHOUT WARRANTY OF ANY KIND,
EXPRESS OR IMPLIED, INCLUDING BUT NOT LIMITED TO ANY WARRANTIES OF
MERCHANTABILITY, FITNESS FOR A PARTICULAR PURPOSE AND NONINFRINGEMENT
OF COPYRIGHT, PATENT, TRADEMARK, OR OTHER RIGHT. IN NO EVENT SHALL THE
COPYRIGHT HOLDER BE LIABLE FOR ANY CLAIM, DAMAGES OR OTHER LIABILITY,
INCLUDING ANY GENERAL, SPECIAL, INDIRECT, INCIDENTAL, OR CONSEQUENTIAL
DAMAGES, WHETHER IN AN ACTION OF CONTRACT, TORT OR OTHERWISE, ARISING
FROM, OUT OF THE USE OR INABILITY TO USE THE FONT SOFTWARE OR FROM
OTHER DEALINGS IN THE FONT SOFTWARE.",http://scripts.sil.org/OFL,MATCH,True,OK,
Prompt,staging/google-fonts/ofl/prompt/Prompt-LightItalic.ttf,58a64e6d2d3a2e37f0f488f68995f458a5e2b6c15fa0b2cd07e5b38fb613f45f,173496,TTF,Prompt,Light Italic,Prompt-LightItalic,300,5,True,False,[],773,725,Version 1.001,"Copyright (c) 2015, Cadson Demak (info@cadsondemak.com)",Katatrad Team,CadsonDemak,"Copyright (c) 2015, Cadson Demak (info@cadsondemak.com)

This Font Software is licensed under the SIL Open Font License, Version 1.1.
This license is copied below, and is also available with a FAQ at:
http://scripts.sil.org/OFL


-----------------------------------------------------------
SIL OPEN FONT LICENSE Version 1.1 - 26 February 2007
-----------------------------------------------------------

PREAMBLE
The goals of the Open Font License (OFL) are to stimulate worldwide
development of collaborative font projects, to support the font creation
efforts of academic and linguistic communities, and to provide a free and
open framework in which fonts may be shared and improved in partnership
with others.

The OFL allows the licensed fonts to be used, studied, modified and
redistributed freely as long as they are not sold by themselves. The
fonts, including any derivative works, can be bundled, embedded,
redistributed and/or sold with any software provided that any reserved
names are not used by derivative works. The fonts and derivatives,
however, cannot be released under any other type of license. The
requirement for fonts to remain under this license does not apply
to any document created using the fonts or their derivatives.

DEFINITIONS
""Font Software"" refers to the set of files released by the Copyright
Holder(s) under this license and clearly marked as such. This may
include source files, build scripts and documentation.

""Reserved Font Name"" refers to any names specified as such after the
copyright statement(s).

""Original Version"" refers to the collection of Font Software components as
distributed by the Copyright Holder(s).

""Modified Version"" refers to any derivative made by adding to, deleting,
or substituting -- in part or in whole -- any of the components of the
Original Version, by changing formats or by porting the Font Software to a
new environment.

""Author"" refers to any designer, engineer, programmer, technical
writer or other person who contributed to the Font Software.

PERMISSION & CONDITIONS
Permission is hereby granted, free of charge, to any person obtaining
a copy of the Font Software, to use, study, copy, merge, embed, modify,
redistribute, and sell modified and unmodified copies of the Font
Software, subject to the following conditions:

1) Neither the Font Software nor any of its individual components,
in Original or Modified Versions, may be sold by itself.

2) Original or Modified Versions of the Font Software may be bundled,
redistributed and/or sold with any software, provided that each copy
contains the above copyright notice and this license. These can be
included either as stand-alone text files, human-readable headers or
in the appropriate machine-readable metadata fields within text or
binary files as long as those fields can be easily viewed by the user.

3) No Modified Version of the Font Software may use the Reserved Font
Name(s) unless explicit written permission is granted by the corresponding
Copyright Holder. This restriction only applies to the primary font name as
presented to the users.

4) The name(s) of the Copyright Holder(s) or the Author(s) of the Font
Software shall not be used to promote, endorse or advertise any
Modified Version, except to acknowledge the contribution(s) of the
Copyright Holder(s) and the Author(s) or with their explicit written
permission.

5) The Font Software, modified or unmodified, in part or in whole,
must be distributed entirely under this license, and must not be
distributed under any other license. The requirement for fonts to
remain under this license does not apply to any document created
using the Font Software.

TERMINATION
This license becomes null and void if any of the above conditions are
not met.

DISCLAIMER
THE FONT SOFTWARE IS PROVIDED ""AS IS"", WITHOUT WARRANTY OF ANY KIND,
EXPRESS OR IMPLIED, INCLUDING BUT NOT LIMITED TO ANY WARRANTIES OF
MERCHANTABILITY, FITNESS FOR A PARTICULAR PURPOSE AND NONINFRINGEMENT
OF COPYRIGHT, PATENT, TRADEMARK, OR OTHER RIGHT. IN NO EVENT SHALL THE
COPYRIGHT HOLDER BE LIABLE FOR ANY CLAIM, DAMAGES OR OTHER LIABILITY,
INCLUDING ANY GENERAL, SPECIAL, INDIRECT, INCIDENTAL, OR CONSEQUENTIAL
DAMAGES, WHETHER IN AN ACTION OF CONTRACT, TORT OR OTHERWISE, ARISING
FROM, OUT OF THE USE OR INABILITY TO USE THE FONT SOFTWARE OR FROM
OTHER DEALINGS IN THE FONT SOFTWARE.",http://scripts.sil.org/OFL,MATCH,True,OK,
Prompt,staging/google-fonts/ofl/prompt/Prompt-Medium.ttf,6a42451be692eba473c639f4bcdc6c6d9160a3d632319a64287e3ed1fae15d6b,176444,TTF,Prompt,Medium,Prompt-Medium,500,5,False,False,[],773,725,Version 1.001,"Copyright (c) 2015, Cadson Demak (info@cadsondemak.com)",Katatrad Team,CadsonDemak,"Copyright (c) 2015, Cadson Demak (info@cadsondemak.com)

This Font Software is licensed under the SIL Open Font License, Version 1.1.
This license is copied below, and is also available with a FAQ at:
http://scripts.sil.org/OFL


-----------------------------------------------------------
SIL OPEN FONT LICENSE Version 1.1 - 26 February 2007
-----------------------------------------------------------

PREAMBLE
The goals of the Open Font License (OFL) are to stimulate worldwide
development of collaborative font projects, to support the font creation
efforts of academic and linguistic communities, and to provide a free and
open framework in which fonts may be shared and improved in partnership
with others.

The OFL allows the licensed fonts to be used, studied, modified and
redistributed freely as long as they are not sold by themselves. The
fonts, including any derivative works, can be bundled, embedded,
redistributed and/or sold with any software provided that any reserved
names are not used by derivative works. The fonts and derivatives,
however, cannot be released under any other type of license. The
requirement for fonts to remain under this license does not apply
to any document created using the fonts or their derivatives.

DEFINITIONS
""Font Software"" refers to the set of files released by the Copyright
Holder(s) under this license and clearly marked as such. This may
include source files, build scripts and documentation.

""Reserved Font Name"" refers to any names specified as such after the
copyright statement(s).

""Original Version"" refers to the collection of Font Software components as
distributed by the Copyright Holder(s).

""Modified Version"" refers to any derivative made by adding to, deleting,
or substituting -- in part or in whole -- any of the components of the
Original Version, by changing formats or by porting the Font Software to a
new environment.

""Author"" refers to any designer, engineer, programmer, technical
writer or other person who contributed to the Font Software.

PERMISSION & CONDITIONS
Permission is hereby granted, free of charge, to any person obtaining
a copy of the Font Software, to use, study, copy, merge, embed, modify,
redistribute, and sell modified and unmodified copies of the Font
Software, subject to the following conditions:

1) Neither the Font Software nor any of its individual components,
in Original or Modified Versions, may be sold by itself.

2) Original or Modified Versions of the Font Software may be bundled,
redistributed and/or sold with any software, provided that each copy
contains the above copyright notice and this license. These can be
included either as stand-alone text files, human-readable headers or
in the appropriate machine-readable metadata fields within text or
binary files as long as those fields can be easily viewed by the user.

3) No Modified Version of the Font Software may use the Reserved Font
Name(s) unless explicit written permission is granted by the corresponding
Copyright Holder. This restriction only applies to the primary font name as
presented to the users.

4) The name(s) of the Copyright Holder(s) or the Author(s) of the Font
Software shall not be used to promote, endorse or advertise any
Modified Version, except to acknowledge the contribution(s) of the
Copyright Holder(s) and the Author(s) or with their explicit written
permission.

5) The Font Software, modified or unmodified, in part or in whole,
must be distributed entirely under this license, and must not be
distributed under any other license. The requirement for fonts to
remain under this license does not apply to any document created
using the Font Software.

TERMINATION
This license becomes null and void if any of the above conditions are
not met.

DISCLAIMER
THE FONT SOFTWARE IS PROVIDED ""AS IS"", WITHOUT WARRANTY OF ANY KIND,
EXPRESS OR IMPLIED, INCLUDING BUT NOT LIMITED TO ANY WARRANTIES OF
MERCHANTABILITY, FITNESS FOR A PARTICULAR PURPOSE AND NONINFRINGEMENT
OF COPYRIGHT, PATENT, TRADEMARK, OR OTHER RIGHT. IN NO EVENT SHALL THE
COPYRIGHT HOLDER BE LIABLE FOR ANY CLAIM, DAMAGES OR OTHER LIABILITY,
INCLUDING ANY GENERAL, SPECIAL, INDIRECT, INCIDENTAL, OR CONSEQUENTIAL
DAMAGES, WHETHER IN AN ACTION OF CONTRACT, TORT OR OTHERWISE, ARISING
FROM, OUT OF THE USE OR INABILITY TO USE THE FONT SOFTWARE OR FROM
OTHER DEALINGS IN THE FONT SOFTWARE.",http://scripts.sil.org/OFL,MATCH,True,OK,
Prompt,staging/google-fonts/ofl/prompt/Prompt-MediumItalic.ttf,e2cf416eeb5cd1f2f57ddaab7b05b9dae81178aac8f43bf8a77263f5217a104c,183936,TTF,Prompt,Medium Italic,Prompt-MediumItalic,500,5,True,False,[],773,725,Version 1.001,"Copyright (c) 2015, Cadson Demak (info@cadsondemak.com)",Katatrad Team,CadsonDemak,"Copyright (c) 2015, Cadson Demak (info@cadsondemak.com)

This Font Software is licensed under the SIL Open Font License, Version 1.1.
This license is copied below, and is also available with a FAQ at:
http://scripts.sil.org/OFL


-----------------------------------------------------------
SIL OPEN FONT LICENSE Version 1.1 - 26 February 2007
-----------------------------------------------------------

PREAMBLE
The goals of the Open Font License (OFL) are to stimulate worldwide
development of collaborative font projects, to support the font creation
efforts of academic and linguistic communities, and to provide a free and
open framework in which fonts may be shared and improved in partnership
with others.

The OFL allows the licensed fonts to be used, studied, modified and
redistributed freely as long as they are not sold by themselves. The
fonts, including any derivative works, can be bundled, embedded,
redistributed and/or sold with any software provided that any reserved
names are not used by derivative works. The fonts and derivatives,
however, cannot be released under any other type of license. The
requirement for fonts to remain under this license does not apply
to any document created using the fonts or their derivatives.

DEFINITIONS
""Font Software"" refers to the set of files released by the Copyright
Holder(s) under this license and clearly marked as such. This may
include source files, build scripts and documentation.

""Reserved Font Name"" refers to any names specified as such after the
copyright statement(s).

""Original Version"" refers to the collection of Font Software components as
distributed by the Copyright Holder(s).

""Modified Version"" refers to any derivative made by adding to, deleting,
or substituting -- in part or in whole -- any of the components of the
Original Version, by changing formats or by porting the Font Software to a
new environment.

""Author"" refers to any designer, engineer, programmer, technical
writer or other person who contributed to the Font Software.

PERMISSION & CONDITIONS
Permission is hereby granted, free of charge, to any person obtaining
a copy of the Font Software, to use, study, copy, merge, embed, modify,
redistribute, and sell modified and unmodified copies of the Font
Software, subject to the following conditions:

1) Neither the Font Software nor any of its individual components,
in Original or Modified Versions, may be sold by itself.

2) Original or Modified Versions of the Font Software may be bundled,
redistributed and/or sold with any software, provided that each copy
contains the above copyright notice and this license. These can be
included either as stand-alone text files, human-readable headers or
in the appropriate machine-readable metadata fields within text or
binary files as long as those fields can be easily viewed by the user.

3) No Modified Version of the Font Software may use the Reserved Font
Name(s) unless explicit written permission is granted by the corresponding
Copyright Holder. This restriction only applies to the primary font name as
presented to the users.

4) The name(s) of the Copyright Holder(s) or the Author(s) of the Font
Software shall not be used to promote, endorse or advertise any
Modified Version, except to acknowledge the contribution(s) of the
Copyright Holder(s) and the Author(s) or with their explicit written
permission.

5) The Font Software, modified or unmodified, in part or in whole,
must be distributed entirely under this license, and must not be
distributed under any other license. The requirement for fonts to
remain under this license does not apply to any document created
using the Font Software.

TERMINATION
This license becomes null and void if any of the above conditions are
not met.

DISCLAIMER
THE FONT SOFTWARE IS PROVIDED ""AS IS"", WITHOUT WARRANTY OF ANY KIND,
EXPRESS OR IMPLIED, INCLUDING BUT NOT LIMITED TO ANY WARRANTIES OF
MERCHANTABILITY, FITNESS FOR A PARTICULAR PURPOSE AND NONINFRINGEMENT
OF COPYRIGHT, PATENT, TRADEMARK, OR OTHER RIGHT. IN NO EVENT SHALL THE
COPYRIGHT HOLDER BE LIABLE FOR ANY CLAIM, DAMAGES OR OTHER LIABILITY,
INCLUDING ANY GENERAL, SPECIAL, INDIRECT, INCIDENTAL, OR CONSEQUENTIAL
DAMAGES, WHETHER IN AN ACTION OF CONTRACT, TORT OR OTHERWISE, ARISING
FROM, OUT OF THE USE OR INABILITY TO USE THE FONT SOFTWARE OR FROM
OTHER DEALINGS IN THE FONT SOFTWARE.",http://scripts.sil.org/OFL,MATCH,True,OK,
Prompt,staging/google-fonts/ofl/prompt/Prompt-Regular.ttf,dbd497803cec3caffbc6b7f599ca6fed8beea0ed7e0ad1e098130c5ebbc4fd42,168932,TTF,Prompt,Regular,Prompt-Regular,400,5,False,False,[],773,725,Version 1.001,"Copyright (c) 2015, Cadson Demak (info@cadsondemak.com)",Katatrad Team,CadsonDemak,"Copyright (c) 2015, Cadson Demak (info@cadsondemak.com)

This Font Software is licensed under the SIL Open Font License, Version 1.1.
This license is copied below, and is also available with a FAQ at:
http://scripts.sil.org/OFL


-----------------------------------------------------------
SIL OPEN FONT LICENSE Version 1.1 - 26 February 2007
-----------------------------------------------------------

PREAMBLE
The goals of the Open Font License (OFL) are to stimulate worldwide
development of collaborative font projects, to support the font creation
efforts of academic and linguistic communities, and to provide a free and
open framework in which fonts may be shared and improved in partnership
with others.

The OFL allows the licensed fonts to be used, studied, modified and
redistributed freely as long as they are not sold by themselves. The
fonts, including any derivative works, can be bundled, embedded,
redistributed and/or sold with any software provided that any reserved
names are not used by derivative works. The fonts and derivatives,
however, cannot be released under any other type of license. The
requirement for fonts to remain under this license does not apply
to any document created using the fonts or their derivatives.

DEFINITIONS
""Font Software"" refers to the set of files released by the Copyright
Holder(s) under this license and clearly marked as such. This may
include source files, build scripts and documentation.

""Reserved Font Name"" refers to any names specified as such after the
copyright statement(s).

""Original Version"" refers to the collection of Font Software components as
distributed by the Copyright Holder(s).

""Modified Version"" refers to any derivative made by adding to, deleting,
or substituting -- in part or in whole -- any of the components of the
Original Version, by changing formats or by porting the Font Software to a
new environment.

""Author"" refers to any designer, engineer, programmer, technical
writer or other person who contributed to the Font Software.

PERMISSION & CONDITIONS
Permission is hereby granted, free of charge, to any person obtaining
a copy of the Font Software, to use, study, copy, merge, embed, modify,
redistribute, and sell modified and unmodified copies of the Font
Software, subject to the following conditions:

1) Neither the Font Software nor any of its individual components,
in Original or Modified Versions, may be sold by itself.

2) Original or Modified Versions of the Font Software may be bundled,
redistributed and/or sold with any software, provided that each copy
contains the above copyright notice and this license. These can be
included either as stand-alone text files, human-readable headers or
in the appropriate machine-readable metadata fields within text or
binary files as long as those fields can be easily viewed by the user.

3) No Modified Version of the Font Software may use the Reserved Font
Name(s) unless explicit written permission is granted by the corresponding
Copyright Holder. This restriction only applies to the primary font name as
presented to the users.

4) The name(s) of the Copyright Holder(s) or the Author(s) of the Font
Software shall not be used to promote, endorse or advertise any
Modified Version, except to acknowledge the contribution(s) of the
Copyright Holder(s) and the Author(s) or with their explicit written
permission.

5) The Font Software, modified or unmodified, in part or in whole,
must be distributed entirely under this license, and must not be
distributed under any other license. The requirement for fonts to
remain under this license does not apply to any document created
using the Font Software.

TERMINATION
This license becomes null and void if any of the above conditions are
not met.

DISCLAIMER
THE FONT SOFTWARE IS PROVIDED ""AS IS"", WITHOUT WARRANTY OF ANY KIND,
EXPRESS OR IMPLIED, INCLUDING BUT NOT LIMITED TO ANY WARRANTIES OF
MERCHANTABILITY, FITNESS FOR A PARTICULAR PURPOSE AND NONINFRINGEMENT
OF COPYRIGHT, PATENT, TRADEMARK, OR OTHER RIGHT. IN NO EVENT SHALL THE
COPYRIGHT HOLDER BE LIABLE FOR ANY CLAIM, DAMAGES OR OTHER LIABILITY,
INCLUDING ANY GENERAL, SPECIAL, INDIRECT, INCIDENTAL, OR CONSEQUENTIAL
DAMAGES, WHETHER IN AN ACTION OF CONTRACT, TORT OR OTHERWISE, ARISING
FROM, OUT OF THE USE OR INABILITY TO USE THE FONT SOFTWARE OR FROM
OTHER DEALINGS IN THE FONT SOFTWARE.",http://scripts.sil.org/OFL,MATCH,True,OK,
Prompt,staging/google-fonts/ofl/prompt/Prompt-SemiBold.ttf,3285c9e6a4ebc480a6476a1a26b44d6eb0f9874025fa96e42afd52172b7f02b9,175300,TTF,Prompt,SemiBold,Prompt-SemiBold,600,5,False,False,[],773,725,Version 1.001,"Copyright (c) 2015, Cadson Demak (info@cadsondemak.com)",Katatrad Team,CadsonDemak,"Copyright (c) 2015, Cadson Demak (info@cadsondemak.com)

This Font Software is licensed under the SIL Open Font License, Version 1.1.
This license is copied below, and is also available with a FAQ at:
http://scripts.sil.org/OFL


-----------------------------------------------------------
SIL OPEN FONT LICENSE Version 1.1 - 26 February 2007
-----------------------------------------------------------

PREAMBLE
The goals of the Open Font License (OFL) are to stimulate worldwide
development of collaborative font projects, to support the font creation
efforts of academic and linguistic communities, and to provide a free and
open framework in which fonts may be shared and improved in partnership
with others.

The OFL allows the licensed fonts to be used, studied, modified and
redistributed freely as long as they are not sold by themselves. The
fonts, including any derivative works, can be bundled, embedded,
redistributed and/or sold with any software provided that any reserved
names are not used by derivative works. The fonts and derivatives,
however, cannot be released under any other type of license. The
requirement for fonts to remain under this license does not apply
to any document created using the fonts or their derivatives.

DEFINITIONS
""Font Software"" refers to the set of files released by the Copyright
Holder(s) under this license and clearly marked as such. This may
include source files, build scripts and documentation.

""Reserved Font Name"" refers to any names specified as such after the
copyright statement(s).

""Original Version"" refers to the collection of Font Software components as
distributed by the Copyright Holder(s).

""Modified Version"" refers to any derivative made by adding to, deleting,
or substituting -- in part or in whole -- any of the components of the
Original Version, by changing formats or by porting the Font Software to a
new environment.

""Author"" refers to any designer, engineer, programmer, technical
writer or other person who contributed to the Font Software.

PERMISSION & CONDITIONS
Permission is hereby granted, free of charge, to any person obtaining
a copy of the Font Software, to use, study, copy, merge, embed, modify,
redistribute, and sell modified and unmodified copies of the Font
Software, subject to the following conditions:

1) Neither the Font Software nor any of its individual components,
in Original or Modified Versions, may be sold by itself.

2) Original or Modified Versions of the Font Software may be bundled,
redistributed and/or sold with any software, provided that each copy
contains the above copyright notice and this license. These can be
included either as stand-alone text files, human-readable headers or
in the appropriate machine-readable metadata fields within text or
binary files as long as those fields can be easily viewed by the user.

3) No Modified Version of the Font Software may use the Reserved Font
Name(s) unless explicit written permission is granted by the corresponding
Copyright Holder. This restriction only applies to the primary font name as
presented to the users.

4) The name(s) of the Copyright Holder(s) or the Author(s) of the Font
Software shall not be used to promote, endorse or advertise any
Modified Version, except to acknowledge the contribution(s) of the
Copyright Holder(s) and the Author(s) or with their explicit written
permission.

5) The Font Software, modified or unmodified, in part or in whole,
must be distributed entirely under this license, and must not be
distributed under any other license. The requirement for fonts to
remain under this license does not apply to any document created
using the Font Software.

TERMINATION
This license becomes null and void if any of the above conditions are
not met.

DISCLAIMER
THE FONT SOFTWARE IS PROVIDED ""AS IS"", WITHOUT WARRANTY OF ANY KIND,
EXPRESS OR IMPLIED, INCLUDING BUT NOT LIMITED TO ANY WARRANTIES OF
MERCHANTABILITY, FITNESS FOR A PARTICULAR PURPOSE AND NONINFRINGEMENT
OF COPYRIGHT, PATENT, TRADEMARK, OR OTHER RIGHT. IN NO EVENT SHALL THE
COPYRIGHT HOLDER BE LIABLE FOR ANY CLAIM, DAMAGES OR OTHER LIABILITY,
INCLUDING ANY GENERAL, SPECIAL, INDIRECT, INCIDENTAL, OR CONSEQUENTIAL
DAMAGES, WHETHER IN AN ACTION OF CONTRACT, TORT OR OTHERWISE, ARISING
FROM, OUT OF THE USE OR INABILITY TO USE THE FONT SOFTWARE OR FROM
OTHER DEALINGS IN THE FONT SOFTWARE.",http://scripts.sil.org/OFL,MATCH,True,OK,
Prompt,staging/google-fonts/ofl/prompt/Prompt-SemiBoldItalic.ttf,f01838c433f60813dfbdcd7f2c935169011298f0d621c318ca8e352d776c8354,185108,TTF,Prompt,SemiBold Italic,Prompt-SemiBoldItalic,600,5,True,False,[],773,725,Version 1.001,"Copyright (c) 2015, Cadson Demak (info@cadsondemak.com)",Katatrad Team,CadsonDemak,"Copyright (c) 2015, Cadson Demak (info@cadsondemak.com)

This Font Software is licensed under the SIL Open Font License, Version 1.1.
This license is copied below, and is also available with a FAQ at:
http://scripts.sil.org/OFL


-----------------------------------------------------------
SIL OPEN FONT LICENSE Version 1.1 - 26 February 2007
-----------------------------------------------------------

PREAMBLE
The goals of the Open Font License (OFL) are to stimulate worldwide
development of collaborative font projects, to support the font creation
efforts of academic and linguistic communities, and to provide a free and
open framework in which fonts may be shared and improved in partnership
with others.

The OFL allows the licensed fonts to be used, studied, modified and
redistributed freely as long as they are not sold by themselves. The
fonts, including any derivative works, can be bundled, embedded,
redistributed and/or sold with any software provided that any reserved
names are not used by derivative works. The fonts and derivatives,
however, cannot be released under any other type of license. The
requirement for fonts to remain under this license does not apply
to any document created using the fonts or their derivatives.

DEFINITIONS
""Font Software"" refers to the set of files released by the Copyright
Holder(s) under this license and clearly marked as such. This may
include source files, build scripts and documentation.

""Reserved Font Name"" refers to any names specified as such after the
copyright statement(s).

""Original Version"" refers to the collection of Font Software components as
distributed by the Copyright Holder(s).

""Modified Version"" refers to any derivative made by adding to, deleting,
or substituting -- in part or in whole -- any of the components of the
Original Version, by changing formats or by porting the Font Software to a
new environment.

""Author"" refers to any designer, engineer, programmer, technical
writer or other person who contributed to the Font Software.

PERMISSION & CONDITIONS
Permission is hereby granted, free of charge, to any person obtaining
a copy of the Font Software, to use, study, copy, merge, embed, modify,
redistribute, and sell modified and unmodified copies of the Font
Software, subject to the following conditions:

1) Neither the Font Software nor any of its individual components,
in Original or Modified Versions, may be sold by itself.

2) Original or Modified Versions of the Font Software may be bundled,
redistributed and/or sold with any software, provided that each copy
contains the above copyright notice and this license. These can be
included either as stand-alone text files, human-readable headers or
in the appropriate machine-readable metadata fields within text or
binary files as long as those fields can be easily viewed by the user.

3) No Modified Version of the Font Software may use the Reserved Font
Name(s) unless explicit written permission is granted by the corresponding
Copyright Holder. This restriction only applies to the primary font name as
presented to the users.

4) The name(s) of the Copyright Holder(s) or the Author(s) of the Font
Software shall not be used to promote, endorse or advertise any
Modified Version, except to acknowledge the contribution(s) of the
Copyright Holder(s) and the Author(s) or with their explicit written
permission.

5) The Font Software, modified or unmodified, in part or in whole,
must be distributed entirely under this license, and must not be
distributed under any other license. The requirement for fonts to
remain under this license does not apply to any document created
using the Font Software.

TERMINATION
This license becomes null and void if any of the above conditions are
not met.

DISCLAIMER
THE FONT SOFTWARE IS PROVIDED ""AS IS"", WITHOUT WARRANTY OF ANY KIND,
EXPRESS OR IMPLIED, INCLUDING BUT NOT LIMITED TO ANY WARRANTIES OF
MERCHANTABILITY, FITNESS FOR A PARTICULAR PURPOSE AND NONINFRINGEMENT
OF COPYRIGHT, PATENT, TRADEMARK, OR OTHER RIGHT. IN NO EVENT SHALL THE
COPYRIGHT HOLDER BE LIABLE FOR ANY CLAIM, DAMAGES OR OTHER LIABILITY,
INCLUDING ANY GENERAL, SPECIAL, INDIRECT, INCIDENTAL, OR CONSEQUENTIAL
DAMAGES, WHETHER IN AN ACTION OF CONTRACT, TORT OR OTHERWISE, ARISING
FROM, OUT OF THE USE OR INABILITY TO USE THE FONT SOFTWARE OR FROM
OTHER DEALINGS IN THE FONT SOFTWARE.",http://scripts.sil.org/OFL,MATCH,True,OK,
Prompt,staging/google-fonts/ofl/prompt/Prompt-Thin.ttf,a389f077b15b3eae6681d4824ee04bc081dbe0ebdcc160ab65a3282171608b1e,164456,TTF,Prompt,Thin,Prompt-Thin,250,5,False,False,[],773,725,Version 1.001,"Copyright (c) 2015, Cadson Demak (info@cadsondemak.com)",Katatrad Team,CadsonDemak,"Copyright (c) 2015, Cadson Demak (info@cadsondemak.com)

This Font Software is licensed under the SIL Open Font License, Version 1.1.
This license is copied below, and is also available with a FAQ at:
http://scripts.sil.org/OFL


-----------------------------------------------------------
SIL OPEN FONT LICENSE Version 1.1 - 26 February 2007
-----------------------------------------------------------

PREAMBLE
The goals of the Open Font License (OFL) are to stimulate worldwide
development of collaborative font projects, to support the font creation
efforts of academic and linguistic communities, and to provide a free and
open framework in which fonts may be shared and improved in partnership
with others.

The OFL allows the licensed fonts to be used, studied, modified and
redistributed freely as long as they are not sold by themselves. The
fonts, including any derivative works, can be bundled, embedded,
redistributed and/or sold with any software provided that any reserved
names are not used by derivative works. The fonts and derivatives,
however, cannot be released under any other type of license. The
requirement for fonts to remain under this license does not apply
to any document created using the fonts or their derivatives.

DEFINITIONS
""Font Software"" refers to the set of files released by the Copyright
Holder(s) under this license and clearly marked as such. This may
include source files, build scripts and documentation.

""Reserved Font Name"" refers to any names specified as such after the
copyright statement(s).

""Original Version"" refers to the collection of Font Software components as
distributed by the Copyright Holder(s).

""Modified Version"" refers to any derivative made by adding to, deleting,
or substituting -- in part or in whole -- any of the components of the
Original Version, by changing formats or by porting the Font Software to a
new environment.

""Author"" refers to any designer, engineer, programmer, technical
writer or other person who contributed to the Font Software.

PERMISSION & CONDITIONS
Permission is hereby granted, free of charge, to any person obtaining
a copy of the Font Software, to use, study, copy, merge, embed, modify,
redistribute, and sell modified and unmodified copies of the Font
Software, subject to the following conditions:

1) Neither the Font Software nor any of its individual components,
in Original or Modified Versions, may be sold by itself.

2) Original or Modified Versions of the Font Software may be bundled,
redistributed and/or sold with any software, provided that each copy
contains the above copyright notice and this license. These can be
included either as stand-alone text files, human-readable headers or
in the appropriate machine-readable metadata fields within text or
binary files as long as those fields can be easily viewed by the user.

3) No Modified Version of the Font Software may use the Reserved Font
Name(s) unless explicit written permission is granted by the corresponding
Copyright Holder. This restriction only applies to the primary font name as
presented to the users.

4) The name(s) of the Copyright Holder(s) or the Author(s) of the Font
Software shall not be used to promote, endorse or advertise any
Modified Version, except to acknowledge the contribution(s) of the
Copyright Holder(s) and the Author(s) or with their explicit written
permission.

5) The Font Software, modified or unmodified, in part or in whole,
must be distributed entirely under this license, and must not be
distributed under any other license. The requirement for fonts to
remain under this license does not apply to any document created
using the Font Software.

TERMINATION
This license becomes null and void if any of the above conditions are
not met.

DISCLAIMER
THE FONT SOFTWARE IS PROVIDED ""AS IS"", WITHOUT WARRANTY OF ANY KIND,
EXPRESS OR IMPLIED, INCLUDING BUT NOT LIMITED TO ANY WARRANTIES OF
MERCHANTABILITY, FITNESS FOR A PARTICULAR PURPOSE AND NONINFRINGEMENT
OF COPYRIGHT, PATENT, TRADEMARK, OR OTHER RIGHT. IN NO EVENT SHALL THE
COPYRIGHT HOLDER BE LIABLE FOR ANY CLAIM, DAMAGES OR OTHER LIABILITY,
INCLUDING ANY GENERAL, SPECIAL, INDIRECT, INCIDENTAL, OR CONSEQUENTIAL
DAMAGES, WHETHER IN AN ACTION OF CONTRACT, TORT OR OTHERWISE, ARISING
FROM, OUT OF THE USE OR INABILITY TO USE THE FONT SOFTWARE OR FROM
OTHER DEALINGS IN THE FONT SOFTWARE.",http://scripts.sil.org/OFL,MATCH,True,OK,
Prompt,staging/google-fonts/ofl/prompt/Prompt-ThinItalic.ttf,5c3c28a7210430ff457279b4cb57d0d444d0d0b21d5465e556e6a068a9d8630b,176092,TTF,Prompt,Thin Italic,Prompt-ThinItalic,250,5,True,False,[],773,725,Version 1.001,"Copyright (c) 2015, Cadson Demak (info@cadsondemak.com)",Katatrad Team,CadsonDemak,"Copyright (c) 2015, Cadson Demak (info@cadsondemak.com)

This Font Software is licensed under the SIL Open Font License, Version 1.1.
This license is copied below, and is also available with a FAQ at:
http://scripts.sil.org/OFL


-----------------------------------------------------------
SIL OPEN FONT LICENSE Version 1.1 - 26 February 2007
-----------------------------------------------------------

PREAMBLE
The goals of the Open Font License (OFL) are to stimulate worldwide
development of collaborative font projects, to support the font creation
efforts of academic and linguistic communities, and to provide a free and
open framework in which fonts may be shared and improved in partnership
with others.

The OFL allows the licensed fonts to be used, studied, modified and
redistributed freely as long as they are not sold by themselves. The
fonts, including any derivative works, can be bundled, embedded,
redistributed and/or sold with any software provided that any reserved
names are not used by derivative works. The fonts and derivatives,
however, cannot be released under any other type of license. The
requirement for fonts to remain under this license does not apply
to any document created using the fonts or their derivatives.

DEFINITIONS
""Font Software"" refers to the set of files released by the Copyright
Holder(s) under this license and clearly marked as such. This may
include source files, build scripts and documentation.

""Reserved Font Name"" refers to any names specified as such after the
copyright statement(s).

""Original Version"" refers to the collection of Font Software components as
distributed by the Copyright Holder(s).

""Modified Version"" refers to any derivative made by adding to, deleting,
or substituting -- in part or in whole -- any of the components of the
Original Version, by changing formats or by porting the Font Software to a
new environment.

""Author"" refers to any designer, engineer, programmer, technical
writer or other person who contributed to the Font Software.

PERMISSION & CONDITIONS
Permission is hereby granted, free of charge, to any person obtaining
a copy of the Font Software, to use, study, copy, merge, embed, modify,
redistribute, and sell modified and unmodified copies of the Font
Software, subject to the following conditions:

1) Neither the Font Software nor any of its individual components,
in Original or Modified Versions, may be sold by itself.

2) Original or Modified Versions of the Font Software may be bundled,
redistributed and/or sold with any software, provided that each copy
contains the above copyright notice and this license. These can be
included either as stand-alone text files, human-readable headers or
in the appropriate machine-readable metadata fields within text or
binary files as long as those fields can be easily viewed by the user.

3) No Modified Version of the Font Software may use the Reserved Font
Name(s) unless explicit written permission is granted by the corresponding
Copyright Holder. This restriction only applies to the primary font name as
presented to the users.

4) The name(s) of the Copyright Holder(s) or the Author(s) of the Font
Software shall not be used to promote, endorse or advertise any
Modified Version, except to acknowledge the contribution(s) of the
Copyright Holder(s) and the Author(s) or with their explicit written
permission.

5) The Font Software, modified or unmodified, in part or in whole,
must be distributed entirely under this license, and must not be
distributed under any other license. The requirement for fonts to
remain under this license does not apply to any document created
using the Font Software.

TERMINATION
This license becomes null and void if any of the above conditions are
not met.

DISCLAIMER
THE FONT SOFTWARE IS PROVIDED ""AS IS"", WITHOUT WARRANTY OF ANY KIND,
EXPRESS OR IMPLIED, INCLUDING BUT NOT LIMITED TO ANY WARRANTIES OF
MERCHANTABILITY, FITNESS FOR A PARTICULAR PURPOSE AND NONINFRINGEMENT
OF COPYRIGHT, PATENT, TRADEMARK, OR OTHER RIGHT. IN NO EVENT SHALL THE
COPYRIGHT HOLDER BE LIABLE FOR ANY CLAIM, DAMAGES OR OTHER LIABILITY,
INCLUDING ANY GENERAL, SPECIAL, INDIRECT, INCIDENTAL, OR CONSEQUENTIAL
DAMAGES, WHETHER IN AN ACTION OF CONTRACT, TORT OR OTHERWISE, ARISING
FROM, OUT OF THE USE OR INABILITY TO USE THE FONT SOFTWARE OR FROM
OTHER DEALINGS IN THE FONT SOFTWARE.",http://scripts.sil.org/OFL,MATCH,True,OK,
Bricolage Grotesque,"staging/google-fonts/ofl/bricolagegrotesque/BricolageGrotesque[opsz,wdth,wght].ttf",413e7357809ddd12fd80a96a8a396de0e401638d4acd3cb3e37532f0472ac682,408496,TTF,Bricolage Grotesque,96pt ExtraBold,BricolageGrotesque-96ptExtraBold,800,5,False,True,"[{""default"": 96.0, ""max"": 96.0, ""min"": 12.0, ""name"": ""Optical size"", ""tag"": ""opsz""}, {""default"": 800.0, ""max"": 800.0, ""min"": 200.0, ""name"": ""Weight"", ""tag"": ""wght""}, {""default"": 100.0, ""max"": 100.0, ""min"": 75.0, ""name"": ""Width"", ""tag"": ""wdth""}]",597,527,Version 1.001;gftools[0.9.33.dev8+g029e19f],Copyright 2022 The Bricolage Grotesque Project Authors (https://github.com/ateliertriay/bricolage),Mathieu Triay,Atelier Triay,"This Font Software is licensed under the SIL Open Font License, Version 1.1. This license is available with a FAQ at: https://scripts.sil.org/OFL",https://scripts.sil.org/OFL,MATCH,True,OK,
Barlow,staging/google-fonts/ofl/barlow/Barlow-Black.ttf,fc4f74e8475b181003f7597450c62d630622b417e367a6842972b286c49f9440,111116,TTF,Barlow,Black,Barlow-Black,900,5,False,False,[],694,525,Version 1.408,Copyright 2017 The Barlow Project Authors (https://github.com/jpt/barlow),Jeremy Tribby,Tribby Type,"This Font Software is licensed under the SIL Open Font License, Version 1.1. This license is available with a FAQ at: http://scripts.sil.org/OFL",http://scripts.sil.org/OFL,MATCH,True,OK,
Barlow,staging/google-fonts/ofl/barlow/Barlow-BlackItalic.ttf,109ad3b4fff5bfd338d0fbc908e68d601893b97b9b1d8ae698aaab2209f6a618,114596,TTF,Barlow,Black Italic,Barlow-BlackItalic,900,5,True,False,[],694,525,Version 1.408,Copyright 2017 The Barlow Project Authors (https://github.com/jpt/barlow),Jeremy Tribby,Tribby Type,"This Font Software is licensed under the SIL Open Font License, Version 1.1. This license is available with a FAQ at: http://scripts.sil.org/OFL",http://scripts.sil.org/OFL,MATCH,True,OK,
Barlow,staging/google-fonts/ofl/barlow/Barlow-Bold.ttf,84e6a4d61e7c3e21f3c50ea6a4f7e5303a3467864c038be6ea3759bab8d547f9,108220,TTF,Barlow,Bold,Barlow-Bold,700,5,False,False,[],694,525,Version 1.408,Copyright 2017 The Barlow Project Authors (https://github.com/jpt/barlow),Jeremy Tribby,Tribby Type,"This Font Software is licensed under the SIL Open Font License, Version 1.1. This license is available with a FAQ at: http://scripts.sil.org/OFL",http://scripts.sil.org/OFL,MATCH,True,OK,
Barlow,staging/google-fonts/ofl/barlow/Barlow-BoldItalic.ttf,079dcee4a53544177f3b16354b27b40b521e22861a40084ab4d052f0289ed9e8,111996,TTF,Barlow,Bold Italic,Barlow-BoldItalic,700,5,True,False,[],694,525,Version 1.408,Copyright 2017 The Barlow Project Authors (https://github.com/jpt/barlow),Jeremy Tribby,Tribby Type,"This Font Software is licensed under the SIL Open Font License, Version 1.1. This license is available with a FAQ at: http://scripts.sil.org/OFL",http://scripts.sil.org/OFL,MATCH,True,OK,
Barlow,staging/google-fonts/ofl/barlow/Barlow-ExtraBold.ttf,5234d91030e1bb89525cbaccc4386892c3fe005a0582c705264ce3572d96a1a1,110228,TTF,Barlow,ExtraBold,Barlow-ExtraBold,800,5,False,False,[],694,525,Version 1.408,Copyright 2017 The Barlow Project Authors (https://github.com/jpt/barlow),Jeremy Tribby,Tribby Type,"This Font Software is licensed under the SIL Open Font License, Version 1.1. This license is available with a FAQ at: http://scripts.sil.org/OFL",http://scripts.sil.org/OFL,MATCH,True,OK,
Barlow,staging/google-fonts/ofl/barlow/Barlow-ExtraBoldItalic.ttf,5a78d6f6b7281ac38af2479d87209712457a91478019f9542abfd78fe8bdb332,113112,TTF,Barlow,ExtraBold Italic,Barlow-ExtraBoldItalic,800,5,True,False,[],694,525,Version 1.408,Copyright 2017 The Barlow Project Authors (https://github.com/jpt/barlow),Jeremy Tribby,Tribby Type,"This Font Software is licensed under the SIL Open Font License, Version 1.1. This license is available with a FAQ at: http://scripts.sil.org/OFL",http://scripts.sil.org/OFL,MATCH,True,OK,
Barlow,staging/google-fonts/ofl/barlow/Barlow-ExtraLight.ttf,bd47db14c6305ebb647a3f0c6afc0370ffd4e3368f12405c8cd141683a4c2b05,102504,TTF,Barlow,ExtraLight,Barlow-ExtraLight,275,5,False,False,[],694,525,Version 1.408,Copyright 2017 The Barlow Project Authors (https://github.com/jpt/barlow),Jeremy Tribby,Tribby Type,"This Font Software is licensed under the SIL Open Font License, Version 1.1. This license is available with a FAQ at: http://scripts.sil.org/OFL",http://scripts.sil.org/OFL,MATCH,True,OK,
Barlow,staging/google-fonts/ofl/barlow/Barlow-ExtraLightItalic.ttf,8501cb7dafc8a5941fa559854a2e53ca8220bb27be29071e7b5767240dac177f,107988,TTF,Barlow,ExtraLight Italic,Barlow-ExtraLightItalic,275,5,True,False,[],694,525,Version 1.408,Copyright 2017 The Barlow Project Authors (https://github.com/jpt/barlow),Jeremy Tribby,Tribby Type,"This Font Software is licensed under the SIL Open Font License, Version 1.1. This license is available with a FAQ at: http://scripts.sil.org/OFL",http://scripts.sil.org/OFL,MATCH,True,OK,
Barlow,staging/google-fonts/ofl/barlow/Barlow-Italic.ttf,70cf45c354af39e55082fd506e748cc6a0a1812949875f99ded3f76bf691e4ca,109624,TTF,Barlow,Italic,Barlow-Italic,400,5,True,False,[],694,525,Version 1.408,Copyright 2017 The Barlow Project Authors (https://github.com/jpt/barlow),Jeremy Tribby,Tribby Type,"This Font Software is licensed under the SIL Open Font License, Version 1.1. This license is available with a FAQ at: http://scripts.sil.org/OFL",http://scripts.sil.org/OFL,MATCH,True,OK,
Barlow,staging/google-fonts/ofl/barlow/Barlow-Light.ttf,20b1375c0c6606701867bf34c7cc97f44087850567a36587d25abb9510b183cc,103136,TTF,Barlow,Light,Barlow-Light,300,5,False,False,[],694,525,Version 1.408,Copyright 2017 The Barlow Project Authors (https://github.com/jpt/barlow),Jeremy Tribby,Tribby Type,"This Font Software is licensed under the SIL Open Font License, Version 1.1. This license is available with a FAQ at: http://scripts.sil.org/OFL",http://scripts.sil.org/OFL,MATCH,True,OK,
Barlow,staging/google-fonts/ofl/barlow/Barlow-LightItalic.ttf,567f200fdd53e848cc5966f8bf3fe5aefc6eb5a5f15149a47412777b8cc4c203,108924,TTF,Barlow,Light Italic,Barlow-LightItalic,300,5,True,False,[],694,525,Version 1.408,Copyright 2017 The Barlow Project Authors (https://github.com/jpt/barlow),Jeremy Tribby,Tribby Type,"This Font Software is licensed under the SIL Open Font License, Version 1.1. This license is available with a FAQ at: http://scripts.sil.org/OFL",http://scripts.sil.org/OFL,MATCH,True,OK,
Barlow,staging/google-fonts/ofl/barlow/Barlow-Medium.ttf,f8906f762cb73dca441da034bc363b2d8e2e68bc10d5c05e58717646c20cc4b4,103536,TTF,Barlow,Medium,Barlow-Medium,500,5,False,False,[],694,525,Version 1.408,Copyright 2017 The Barlow Project Authors (https://github.com/jpt/barlow),Jeremy Tribby,Tribby Type,"This Font Software is licensed under the SIL Open Font License, Version 1.1. This license is available with a FAQ at: http://scripts.sil.org/OFL",http://scripts.sil.org/OFL,MATCH,True,OK,
Barlow,staging/google-fonts/ofl/barlow/Barlow-MediumItalic.ttf,dbf6d2df1348c4a91874a15bbe7b3f3d893d491bd2ae73370795afe157c993b9,109184,TTF,Barlow,Medium Italic,Barlow-MediumItalic,500,5,True,False,[],694,525,Version 1.408,Copyright 2017 The Barlow Project Authors (https://github.com/jpt/barlow),Jeremy Tribby,Tribby Type,"This Font Software is licensed under the SIL Open Font License, Version 1.1. This license is available with a FAQ at: http://scripts.sil.org/OFL",http://scripts.sil.org/OFL,MATCH,True,OK,
Barlow,staging/google-fonts/ofl/barlow/Barlow-Regular.ttf,95aa02c7c43096e0dd44d787ba6216864a67157e402adab59b35572e0c1577ea,104068,TTF,Barlow,Regular,Barlow-Regular,400,5,False,False,[],694,525,Version 1.408,Copyright 2017 The Barlow Project Authors (https://github.com/jpt/barlow),Jeremy Tribby,Tribby Type,"This Font Software is licensed under the SIL Open Font License, Version 1.1. This license is available with a FAQ at: http://scripts.sil.org/OFL",http://scripts.sil.org/OFL,MATCH,True,OK,
Barlow,staging/google-fonts/ofl/barlow/Barlow-SemiBold.ttf,86577cb32f8abe3673db53ca0f4221e6856751a4f6730c867e00f720f8bb1fc5,108348,TTF,Barlow,SemiBold,Barlow-SemiBold,600,5,False,False,[],694,525,Version 1.408,Copyright 2017 The Barlow Project Authors (https://github.com/jpt/barlow),Jeremy Tribby,Tribby Type,"This Font Software is licensed under the SIL Open Font License, Version 1.1. This license is available with a FAQ at: http://scripts.sil.org/OFL",http://scripts.sil.org/OFL,MATCH,True,OK,
Barlow,staging/google-fonts/ofl/barlow/Barlow-SemiBoldItalic.ttf,277b45fc0b9f066bf77e88e5d147baae8d1ad7441cedee1dc305fc3dc6e84ce7,111820,TTF,Barlow,SemiBold Italic,Barlow-SemiBoldItalic,600,5,True,False,[],694,525,Version 1.408,Copyright 2017 The Barlow Project Authors (https://github.com/jpt/barlow),Jeremy Tribby,Tribby Type,"This Font Software is licensed under the SIL Open Font License, Version 1.1. This license is available with a FAQ at: http://scripts.sil.org/OFL",http://scripts.sil.org/OFL,MATCH,True,OK,
Barlow,staging/google-fonts/ofl/barlow/Barlow-Thin.ttf,103671e5a8daf1c02ac2cb35c61fa30088e055e5ff718d51b4fb20012581d252,101704,TTF,Barlow,Thin,Barlow-Thin,250,5,False,False,[],694,525,Version 1.408,Copyright 2017 The Barlow Project Authors (https://github.com/jpt/barlow),Jeremy Tribby,Tribby Type,"This Font Software is licensed under the SIL Open Font License, Version 1.1. This license is available with a FAQ at: http://scripts.sil.org/OFL",http://scripts.sil.org/OFL,MATCH,True,OK,
Barlow,staging/google-fonts/ofl/barlow/Barlow-ThinItalic.ttf,4e948103b1bf05649baaea64747e410dc21671ad56eafd5dd3e6f2062b5ff35d,107296,TTF,Barlow,Thin Italic,Barlow-ThinItalic,250,5,True,False,[],694,525,Version 1.408,Copyright 2017 The Barlow Project Authors (https://github.com/jpt/barlow),Jeremy Tribby,Tribby Type,"This Font Software is licensed under the SIL Open Font License, Version 1.1. This license is available with a FAQ at: http://scripts.sil.org/OFL",http://scripts.sil.org/OFL,MATCH,True,OK,
Saira,"staging/google-fonts/ofl/saira/Saira-Italic[wdth,wght].ttf",965972c2543b72948aedb55fae36e23175661d0f9d2d8d7f14a1009e466912f8,534712,TTF,Saira,Thin Italic,Saira-ThinItalic,100,5,True,True,"[{""default"": 100.0, ""max"": 900.0, ""min"": 100.0, ""name"": ""Weight"", ""tag"": ""wght""}, {""default"": 100.0, ""max"": 125.0, ""min"": 50.0, ""name"": ""Width"", ""tag"": ""wdth""}]",898,661,Version 1.101,Copyright 2020 The Saira Project Authors (https://github.com/Omnibus-Type/Saira),Hector Gatti with collaboration of the Omnibus-Type team,Omnibus-Type,"This Font Software is licensed under the SIL Open Font License, Version 1.1. This license is available with a FAQ at: https://scripts.sil.org/OFL",https://scripts.sil.org/OFL,MATCH,True,OK,
Saira,"staging/google-fonts/ofl/saira/Saira[wdth,wght].ttf",9d050fc5a01c85f74c4257c207d50b55d1e40c37308c642f974a2c5003231dde,483700,TTF,Saira,Thin,Saira-Thin,100,5,False,True,"[{""default"": 100.0, ""max"": 900.0, ""min"": 100.0, ""name"": ""Weight"", ""tag"": ""wght""}, {""default"": 100.0, ""max"": 125.0, ""min"": 50.0, ""name"": ""Width"", ""tag"": ""wdth""}]",897,661,Version 1.101,Copyright 2020 The Saira Project Authors (https://github.com/Omnibus-Type/Saira),Hector Gatti with collaboration of the Omnibus-Type team,Omnibus-Type,"This Font Software is licensed under the SIL Open Font License, Version 1.1. This license is available with a FAQ at: https://scripts.sil.org/OFL",https://scripts.sil.org/OFL,MATCH,True,OK,
Gothic A1,staging/google-fonts/ofl/gothica1/GothicA1-Black.ttf,6398ff5c6923c74cb453390892dcb982ec0a6c43b35da8590a8f32702d8c079d,2260752,TTF,Gothic A1,Black,GothicA1-Black,900,5,False,False,[],22711,14721,Version 2.50,"(C) Copyright HanYang I&C Co.,Ltd. All rights reserved.","HanYang I&C Co.,Ltd.","HanYang I&C Co.,Ltd.","This Font Software is licensed under the SIL Open Font License, Version 1.1. This license is available with a FAQ at: http://scripts.sil.org/OFL",http://scripts.sil.org/OFL,MATCH,True,OK,
Gothic A1,staging/google-fonts/ofl/gothica1/GothicA1-Bold.ttf,2e883fa0ae548000996258b4101f2bb732a28b197264f49621a2cb16d6e9f126,2287068,TTF,Gothic A1,Bold,GothicA1-Bold,700,5,False,False,[],22711,14721,Version 2.50,"(C) Copyright HanYang I&C Co.,Ltd. All rights reserved.","HanYang I&C Co.,Ltd.","HanYang I&C Co.,Ltd.","This Font Software is licensed under the SIL Open Font License, Version 1.1. This license is available with a FAQ at: http://scripts.sil.org/OFL",http://scripts.sil.org/OFL,MATCH,True,OK,
Gothic A1,staging/google-fonts/ofl/gothica1/GothicA1-ExtraBold.ttf,37a65353a646fea5a1ac90585d1bb8f9b997ecae0b79c4f1f187566f910e3f9d,2281144,TTF,Gothic A1,ExtraBold,GothicA1-ExtraBold,800,5,False,False,[],22711,14721,Version 2.50,"(C) Copyright HanYang I&C Co.,Ltd. All rights reserved.","HanYang I&C Co.,Ltd.","HanYang I&C Co.,Ltd.","This Font Software is licensed under the SIL Open Font License, Version 1.1. This license is available with a FAQ at: http://scripts.sil.org/OFL",http://scripts.sil.org/OFL,MATCH,True,OK,
Gothic A1,staging/google-fonts/ofl/gothica1/GothicA1-ExtraLight.ttf,3de01e7b6bc0fdd494fa4de0677e67a73a6ae907537bb4c5f355d9c966e2ebfd,2298392,TTF,Gothic A1,ExtraLight,GothicA1-ExtraLight,275,5,False,False,[],22709,14719,Version 2.50,"(C) Copyright HanYang I&C Co.,Ltd. All rights reserved.","HanYang I&C Co.,Ltd.","HanYang I&C Co.,Ltd.","This Font Software is licensed under the SIL Open Font License, Version 1.1. This license is available with a FAQ at: http://scripts.sil.org/OFL",http://scripts.sil.org/OFL,MATCH,True,OK,
Gothic A1,staging/google-fonts/ofl/gothica1/GothicA1-Light.ttf,927826b1e23366327ebe53d4675a87938ee90b77104cb794087b5138588b53f4,2298100,TTF,Gothic A1,Light,GothicA1-Light,300,5,False,False,[],22709,14719,Version 2.50,"(C) Copyright HanYang I&C Co.,Ltd. All rights reserved.","HanYang I&C Co.,Ltd.","HanYang I&C Co.,Ltd.","This Font Software is licensed under the SIL Open Font License, Version 1.1. This license is available with a FAQ at: http://scripts.sil.org/OFL",http://scripts.sil.org/OFL,MATCH,True,OK,
Gothic A1,staging/google-fonts/ofl/gothica1/GothicA1-Medium.ttf,c8a0eb56fa6b13448688fed0799d503fe536a8c6b7acfafdfd580edb9c4c2192,2288824,TTF,Gothic A1,Medium,GothicA1-Medium,500,5,False,False,[],22711,14721,Version 2.50,"(C) Copyright HanYang I&C Co.,Ltd. All rights reserved.","HanYang I&C Co.,Ltd.","HanYang I&C Co.,Ltd.","This Font Software is licensed under the SIL Open Font License, Version 1.1. This license is available with a FAQ at: http://scripts.sil.org/OFL",http://scripts.sil.org/OFL,MATCH,True,OK,
Gothic A1,staging/google-fonts/ofl/gothica1/GothicA1-Regular.ttf,211151bea98098c579610ab1114bb1bfe909057207db561f357b896d076c21ac,2295400,TTF,Gothic A1,Regular,GothicA1-Regular,400,5,False,False,[],22709,14719,Version 2.50,"(C) Copyright HanYang I&C Co.,Ltd. All rights reserved.","HanYang I&C Co.,Ltd.","HanYang I&C Co.,Ltd.","This Font Software is licensed under the SIL Open Font License, Version 1.1. This license is available with a FAQ at: http://scripts.sil.org/OFL",http://scripts.sil.org/OFL,MATCH,True,OK,
Gothic A1,staging/google-fonts/ofl/gothica1/GothicA1-SemiBold.ttf,7ee3063f2d626936d8a59dfa21525e7ed19b4e89e8fbb0ea5a924cad9b0cc1f4,2288560,TTF,Gothic A1,SemiBold,GothicA1-SemiBold,600,5,False,False,[],22710,14720,Version 2.50,"(C) Copyright HanYang I&C Co.,Ltd. All rights reserved.","HanYang I&C Co.,Ltd.","HanYang I&C Co.,Ltd.","This Font Software is licensed under the SIL Open Font License, Version 1.1. This license is available with a FAQ at: http://scripts.sil.org/OFL",http://scripts.sil.org/OFL,MATCH,True,OK,
Gothic A1,staging/google-fonts/ofl/gothica1/GothicA1-Thin.ttf,2caee77c0db6afe1cd759c547537361ce66945e7d6fef0f14a9a35fbb4581bb6,2308312,TTF,Gothic A1,Thin,GothicA1-Thin,250,5,False,False,[],22708,14718,Version 2.50,"(C) Copyright HanYang I&C Co.,Ltd. All rights reserved.","HanYang I&C Co.,Ltd.","HanYang I&C Co.,Ltd.","This Font Software is licensed under the SIL Open Font License, Version 1.1. This license is available with a FAQ at: http://scripts.sil.org/OFL",http://scripts.sil.org/OFL,MATCH,True,OK,
Jost,staging/google-fonts/ofl/jost/Jost-Italic[wght].ttf,15a6f7e3e11f9e8e338a583a6fe03e8f6b1d9ce877efa3fe579282b6c1cb15fe,144388,TTF,Jost,Italic,Jost-Italic,400,5,True,True,"[{""default"": 400.0, ""max"": 900.0, ""min"": 100.0, ""name"": ""Weight"", ""tag"": ""wght""}]",535,524,Version 3.710,Copyright 2020 The Jost Project Authors (https://github.com/indestructible-type/Jost),,,"This Font Software is licensed under the SIL Open Font License, Version 1.1. This license is available with a FAQ at: http://scripts.sil.org/OFL",http://scripts.sil.org/OFL,MATCH,True,OK,
Jost,staging/google-fonts/ofl/jost/Jost[wght].ttf,6343b70971000b04c5d401c96ae08ce371086135e999d5e1e1413039c0213076,134996,TTF,Jost,Regular,Jost-Regular,400,5,False,True,"[{""default"": 400.0, ""max"": 900.0, ""min"": 100.0, ""name"": ""Weight"", ""tag"": ""wght""}]",535,524,Version 3.710,Copyright 2020 The Jost Project Authors (https://github.com/indestructible-type/Jost),,,"This Font Software is licensed under the SIL Open Font License, Version 1.1. This license is available with a FAQ at: http://scripts.sil.org/OFL",http://scripts.sil.org/OFL,MATCH,True,OK,
Archivo,"staging/google-fonts/ofl/archivo/Archivo-Italic[wdth,wght].ttf",305d13b4eb80e62f7d517f78d7c045250d977552a420f2dbed906f314e761305,741368,TTF,Archivo,SemiBold Italic,Archivo-SemiBoldItalic,600,5,True,True,"[{""default"": 600.0, ""max"": 900.0, ""min"": 100.0, ""name"": ""Weight"", ""tag"": ""wght""}, {""default"": 100.0, ""max"": 125.0, ""min"": 62.0, ""name"": ""Width"", ""tag"": ""wdth""}]",832,653,Version 2.001,Copyright 2020 The Archivo Project Authors (https://github.com/Omnibus-Type/Archivo),Hector Gatti,Omnibus-Type,"This Font Software is licensed under the SIL Open Font License, Version 1.1. This license is available with a FAQ at: http://scripts.sil.org/OFL",http://scripts.sil.org/OFL,MATCH,True,OK,
Archivo,"staging/google-fonts/ofl/archivo/Archivo[wdth,wght].ttf",0e094a7d3c7c4c25cf1310c4b30014f1dae9332220b1c2c88f4fa996f0b05053,658596,TTF,Archivo,SemiBold,Archivo-SemiBold,600,5,False,True,"[{""default"": 600.0, ""max"": 900.0, ""min"": 100.0, ""name"": ""Weight"", ""tag"": ""wght""}, {""default"": 100.0, ""max"": 125.0, ""min"": 62.0, ""name"": ""Width"", ""tag"": ""wdth""}]",834,653,Version 2.001,Copyright 2020 The Archivo Project Authors (https://github.com/Omnibus-Type/Archivo),Hector Gatti,Omnibus-Type,"This Font Software is licensed under the SIL Open Font License, Version 1.1. This license is available with a FAQ at: http://scripts.sil.org/OFL",http://scripts.sil.org/OFL,MATCH,True,OK,
Source Serif 4,"staging/google-fonts/ofl/sourceserif4/SourceSerif4-Italic[opsz,wght].ttf",15fbc7e4679489a501998c3669272637a6646388ef7e4bd77eebb5bf967a1f42,855432,TTF,Source Serif 4,Italic,SourceSerif4Italic-Italic,400,5,True,True,"[{""default"": 400.0, ""max"": 900.0, ""min"": 200.0, ""name"": ""Weight"", ""tag"": ""wght""}, {""default"": 20.0, ""max"": 60.0, ""min"": 8.0, ""name"": ""Optical Size"", ""tag"": ""opsz""}]",1093,918,Version 4.004;hotconv 1.0.116;makeotfexe 2.5.65601,"© 2014 - 2021 Adobe Systems Incorporated (http://www.adobe.com/), with Reserved Font Name ‘Source’.",Frank Grießhammer,Adobe Systems Incorporated,"This Font Software is licensed under the SIL Open Font License, Version 1.1. This license is available with a FAQ at: http://scripts.sil.org/OFL. This Font Software is distributed on an ‘AS IS’ BASIS, WITHOUT WARRANTIES OR CONDITIONS OF ANY KIND, either express or implied. See the SIL Open Font License for the specific language, permissions and limitations governing your use of this Font Software.",http://scripts.sil.org/OFL,MATCH,True,OK,
Source Serif 4,"staging/google-fonts/ofl/sourceserif4/SourceSerif4[opsz,wght].ttf",97b2d4da6e3cb494b5a1e66ae176914d852ccabef49e0c02c0df25f3e39aca0b,1209508,TTF,Source Serif 4,Regular,SourceSerif4Roman-Regular,400,5,False,True,"[{""default"": 400.0, ""max"": 900.0, ""min"": 200.0, ""name"": ""Weight"", ""tag"": ""wght""}, {""default"": 20.0, ""max"": 60.0, ""min"": 8.0, ""name"": ""Optical Size"", ""tag"": ""opsz""}]",1463,918,Version 4.004;hotconv 1.0.116;makeotfexe 2.5.65601,"© 2014 - 2021 Adobe Systems Incorporated (http://www.adobe.com/), with Reserved Font Name ‘Source’.",Frank Grießhammer,Adobe Systems Incorporated,"This Font Software is licensed under the SIL Open Font License, Version 1.1. This license is available with a FAQ at: http://scripts.sil.org/OFL. This Font Software is distributed on an ‘AS IS’ BASIS, WITHOUT WARRANTIES OR CONDITIONS OF ANY KIND, either express or implied. See the SIL Open Font License for the specific language, permissions and limitations governing your use of this Font Software.",http://scripts.sil.org/OFL,MATCH,True,OK,
Fraunces,"staging/google-fonts/ofl/fraunces/Fraunces-Italic[SOFT,WONK,opsz,wght].ttf",b24448c43702fac4ee856781d461a0dfba8d8e594b6e8e190234b75fed2c0e01,414904,TTF,Fraunces,Black Italic,Fraunces-9ptBlackItalic,900,5,True,True,"[{""default"": 9.0, ""max"": 144.0, ""min"": 9.0, ""name"": ""Optical Size"", ""tag"": ""opsz""}, {""default"": 900.0, ""max"": 900.0, ""min"": 100.0, ""name"": ""Weight"", ""tag"": ""wght""}, {""default"": 0.0, ""max"": 100.0, ""min"": 0.0, ""name"": ""Softness"", ""tag"": ""SOFT""}, {""default"": 1.0, ""max"": 1.0, ""min"": 0.0, ""name"": ""Wonky"", ""tag"": ""WONK""}]",698,624,Version 1.000;[b76b70a41],Copyright 2020 The Fraunces Project Authors (github.com/undercasetype/Fraunces),,,"This Font Software is licensed under the SIL Open Font License, Version 1.1. This license is available with a FAQ at: https://scripts.sil.org/OFL",https://scripts.sil.org/OFL,MATCH,True,OK,
Fraunces,"staging/google-fonts/ofl/fraunces/Fraunces[SOFT,WONK,opsz,wght].ttf",177ff6c0f14e5550a3c624247cd1189611d4eb65d000b14944c63d967958abbb,360440,TTF,Fraunces,Black,Fraunces-9ptBlack,900,5,False,True,"[{""default"": 9.0, ""max"": 144.0, ""min"": 9.0, ""name"": ""Optical Size"", ""tag"": ""opsz""}, {""default"": 900.0, ""max"": 900.0, ""min"": 100.0, ""name"": ""Weight"", ""tag"": ""wght""}, {""default"": 0.0, ""max"": 100.0, ""min"": 0.0, ""name"": ""Softness"", ""tag"": ""SOFT""}, {""default"": 1.0, ""max"": 1.0, ""min"": 0.0, ""name"": ""Wonky"", ""tag"": ""WONK""}]",698,624,Version 1.000;[b76b70a41],Copyright 2020 The Fraunces Project Authors (github.com/undercasetype/Fraunces),,,"This Font Software is licensed under the SIL Open Font License, Version 1.1. This license is available with a FAQ at: https://scripts.sil.org/OFL",https://scripts.sil.org/OFL,MATCH,True,OK,
Libre Baskerville,staging/google-fonts/ofl/librebaskerville/LibreBaskerville-Italic[wght].ttf,223959683dc73ec4437bd61fabaa4b3f22209e22855ffd3aee36ba61a5116e97,167456,TTF,Libre Baskerville,Italic,LibreBaskerville-Italic,400,5,True,True,"[{""default"": 400.0, ""max"": 700.0, ""min"": 400.0, ""name"": ""Weight"", ""tag"": ""wght""}]",864,789,Version 2.005,Copyright 2012 The Libre Baskerville Project Authors (https://github.com/impallari/Libre-Baskerville),"Pablo Impallari, Rodrigo Fuenzalida","Pablo Impallari, Rodrigo Fuenzalida","This Font Software is licensed under the SIL Open Font License, Version 1.1. This license is available with a FAQ at: https://openfontlicense.org",https://openfontlicense.org,MATCH,True,OK,
Libre Baskerville,staging/google-fonts/ofl/librebaskerville/LibreBaskerville[wght].ttf,05a95421961341c5b2556285e8415df9db27dab4f4abe22b446b3c6a8b916c5d,171900,TTF,Libre Baskerville,Regular,LibreBaskerville-Regular,400,5,False,True,"[{""default"": 400.0, ""max"": 700.0, ""min"": 400.0, ""name"": ""Weight"", ""tag"": ""wght""}]",861,789,Version 2.005,Copyright 2012 The Libre Baskerville Project Authors (https://github.com/impallari/Libre-Baskerville),"Pablo Impallari, Rodrigo Fuenzalida","Pablo Impallari, Rodrigo Fuenzalida","This Font Software is licensed under the SIL Open Font License, Version 1.1. This license is available with a FAQ at: https://openfontlicense.org",https://openfontlicense.org,MATCH,True,OK,
Inconsolata,"staging/google-fonts/ofl/inconsolata/Inconsolata[wdth,wght].ttf",23ded25b447074d00659392bf9b1123d89df55cb07b0ad9bfef3366d199b5fcb,347180,TTF,Inconsolata,Regular,Inconsolata-Regular,400,5,False,True,"[{""default"": 400.0, ""max"": 900.0, ""min"": 200.0, ""name"": ""Weight"", ""tag"": ""wght""}, {""default"": 100.0, ""max"": 200.0, ""min"": 50.0, ""name"": ""Width"", ""tag"": ""wdth""}]",964,882,Version 3.001,Copyright 2006 The Inconsolata Project Authors (https://github.com/cyrealtype/Inconsolata),"Raph Levien, Cyreal, Brenton Simpson","Raph Levien, Cyreal, Google","This Font Software is licensed under the SIL Open Font License, Version 1.1. This license is available with a FAQ at: http://scripts.sil.org/OFL",http://scripts.sil.org/OFL,MATCH,True,OK,
Inconsolata,staging/google-fonts/ofl/inconsolata/static/Inconsolata-Black.ttf,5701e159b01d6a5bfb38f2a122ae42c70b29b6ea91c795c6aa8de767ed95f602,108216,TTF,Inconsolata,Black,Inconsolata-Black,900,5,False,False,[],964,882,Version 3.001; ttfautohint (v1.8.2.53-6de2),Copyright 2006 The Inconsolata Project Authors (https://github.com/cyrealtype/Inconsolata),"Raph Levien, Cyreal, Brenton Simpson","Raph Levien, Cyreal, Google","This Font Software is licensed under the SIL Open Font License, Version 1.1. This license is available with a FAQ at: http://scripts.sil.org/OFL",http://scripts.sil.org/OFL,MATCH,True,OK,
Inconsolata,staging/google-fonts/ofl/inconsolata/static/Inconsolata-Bold.ttf,69deb4d3626bcdce00331458e62de49e0ae58236626841014939dd8c5119abb4,107220,TTF,Inconsolata,Bold,Inconsolata-Bold,700,5,False,False,[],964,882,Version 3.001; ttfautohint (v1.8.2.53-6de2),Copyright 2006 The Inconsolata Project Authors (https://github.com/cyrealtype/Inconsolata),"Raph Levien, Cyreal, Brenton Simpson","Raph Levien, Cyreal, Google","This Font Software is licensed under the SIL Open Font License, Version 1.1. This license is available with a FAQ at: http://scripts.sil.org/OFL",http://scripts.sil.org/OFL,MATCH,True,OK,
Inconsolata,staging/google-fonts/ofl/inconsolata/static/Inconsolata-Condensed.ttf,7081063a7270dc315d46d55564165b2e134b18f5f82e61c7b8693c819a3d4cda,105520,TTF,Inconsolata,Condensed,Inconsolata-Condensed,400,3,False,False,[],964,882,Version 3.000; ttfautohint (v1.8.2.53-6de2),Copyright 2006 The Inconsolata Project Authors (https://github.com/cyrealtype/Inconsolata),"Raph Levien, Cyreal, Brenton Simpson","Raph Levien, Cyreal, Google","This Font Software is licensed under the SIL Open Font License, Version 1.1. This license is available with a FAQ at: http://scripts.sil.org/OFL",http://scripts.sil.org/OFL,MATCH,True,OK,
Inconsolata,staging/google-fonts/ofl/inconsolata/static/Inconsolata-CondensedBlack.ttf,49cd8aeff9b4dc69c65beea80697c3138fa491c42379a5a52cd18018721fcb06,107368,TTF,Inconsolata,Condensed Black,Inconsolata-CondensedBlack,900,3,False,False,[],964,882,Version 3.001; ttfautohint (v1.8.2.53-6de2),Copyright 2006 The Inconsolata Project Authors (https://github.com/cyrealtype/Inconsolata),"Raph Levien, Cyreal, Brenton Simpson","Raph Levien, Cyreal, Google","This Font Software is licensed under the SIL Open Font License, Version 1.1. This license is available with a FAQ at: http://scripts.sil.org/OFL",http://scripts.sil.org/OFL,MATCH,True,OK,
Inconsolata,staging/google-fonts/ofl/inconsolata/static/Inconsolata-CondensedBold.ttf,acd472129a09241a400208d7fef7e78f7cce5e3f914413a7cf2cddcb6651c9a6,106948,TTF,Inconsolata,Condensed Bold,Inconsolata-CondensedBold,700,3,False,False,[],964,882,Version 3.001; ttfautohint (v1.8.2.53-6de2),Copyright 2006 The Inconsolata Project Authors (https://github.com/cyrealtype/Inconsolata),"Raph Levien, Cyreal, Brenton Simpson","Raph Levien, Cyreal, Google","This Font Software is licensed under the SIL Open Font License, Version 1.1. This license is available with a FAQ at: http://scripts.sil.org/OFL",http://scripts.sil.org/OFL,MATCH,True,OK,
Inconsolata,staging/google-fonts/ofl/inconsolata/static/Inconsolata-CondensedExtraBold.ttf,d626cfd949bf815b97241d12b9163d5faefea6ceea1ce90f6ccaad25cf0e5b16,106896,TTF,Inconsolata,Condensed ExtraBold,Inconsolata-CondensedExtraBold,800,3,False,False,[],964,882,Version 3.001; ttfautohint (v1.8.2.53-6de2),Copyright 2006 The Inconsolata Project Authors (https://github.com/cyrealtype/Inconsolata),"Raph Levien, Cyreal, Brenton Simpson","Raph Levien, Cyreal, Google","This Font Software is licensed under the SIL Open Font License, Version 1.1. This license is available with a FAQ at: http://scripts.sil.org/OFL",http://scripts.sil.org/OFL,MATCH,True,OK,
Inconsolata,staging/google-fonts/ofl/inconsolata/static/Inconsolata-CondensedExtraLight.ttf,b06b798f55655635edf2fbc87f6ffef6b44bfc5b91d501077088858196717d66,105484,TTF,Inconsolata,Condensed ExtraLight,Inconsolata-CondensedExtraLight,200,3,False,False,[],964,882,Version 3.001; ttfautohint (v1.8.2.53-6de2),Copyright 2006 The Inconsolata Project Authors (https://github.com/cyrealtype/Inconsolata),"Raph Levien, Cyreal, Brenton Simpson","Raph Levien, Cyreal, Google","This Font Software is licensed under the SIL Open Font License, Version 1.1. This license is available with a FAQ at: http://scripts.sil.org/OFL",http://scripts.sil.org/OFL,MATCH,True,OK,
Inconsolata,staging/google-fonts/ofl/inconsolata/static/Inconsolata-CondensedLight.ttf,46d65353e3d8667b91fce809ec116119965c156a29fe43857dc3cc91ea2d022a,105872,TTF,Inconsolata,Condensed Light,Inconsolata-CondensedLight,300,3,False,False,[],964,882,Version 3.001; ttfautohint (v1.8.2.53-6de2),Copyright 2006 The Inconsolata Project Authors (https://github.com/cyrealtype/Inconsolata),"Raph Levien, Cyreal, Brenton Simpson","Raph Levien, Cyreal, Google","This Font Software is licensed under the SIL Open Font License, Version 1.1. This license is available with a FAQ at: http://scripts.sil.org/OFL",http://scripts.sil.org/OFL,MATCH,True,OK,
Inconsolata,staging/google-fonts/ofl/inconsolata/static/Inconsolata-CondensedMedium.ttf,2cd062269f1d8307900fd5325a52dbfef3380f78b0e8c5d42af56f9399760bf3,106972,TTF,Inconsolata,Condensed Medium,Inconsolata-CondensedMedium,500,3,False,False,[],964,882,Version 3.001; ttfautohint (v1.8.2.53-6de2),Copyright 2006 The Inconsolata Project Authors (https://github.com/cyrealtype/Inconsolata),"Raph Levien, Cyreal, Brenton Simpson","Raph Levien, Cyreal, Google","This Font Software is licensed under the SIL Open Font License, Version 1.1. This license is available with a FAQ at: http://scripts.sil.org/OFL",http://scripts.sil.org/OFL,MATCH,True,OK,
Inconsolata,staging/google-fonts/ofl/inconsolata/static/Inconsolata-CondensedRegular.ttf,a39d4d3a256fb07ee56e2b2e508daf1113e7f09f7f65ba7b012d7781f43a04d3,105580,TTF,Inconsolata,Condensed Regular,Inconsolata-CondensedRegular,400,3,False,False,[],964,882,Version 3.001; ttfautohint (v1.8.2.53-6de2),Copyright 2006 The Inconsolata Project Authors (https://github.com/cyrealtype/Inconsolata),"Raph Levien, Cyreal, Brenton Simpson","Raph Levien, Cyreal, Google","This Font Software is licensed under the SIL Open Font License, Version 1.1. This license is available with a FAQ at: http://scripts.sil.org/OFL",http://scripts.sil.org/OFL,MATCH,True,OK,
Inconsolata,staging/google-fonts/ofl/inconsolata/static/Inconsolata-CondensedSemiBold.ttf,b1fc91734647e062f7887e872402a03f3a6fb85d863ac0b393017c7fe19aac0c,106884,TTF,Inconsolata,Condensed SemiBold,Inconsolata-CondensedSemiBold,600,3,False,False,[],964,882,Version 3.001; ttfautohint (v1.8.2.53-6de2),Copyright 2006 The Inconsolata Project Authors (https://github.com/cyrealtype/Inconsolata),"Raph Levien, Cyreal, Brenton Simpson","Raph Levien, Cyreal, Google","This Font Software is licensed under the SIL Open Font License, Version 1.1. This license is available with a FAQ at: http://scripts.sil.org/OFL",http://scripts.sil.org/OFL,MATCH,True,OK,
Inconsolata,staging/google-fonts/ofl/inconsolata/static/Inconsolata-Expanded.ttf,646e7a3638f02e752a2ba9b153adf91d9b2f8483d7136845641899e556f21a17,106552,TTF,Inconsolata,Expanded,Inconsolata-Expanded,400,7,False,False,[],964,882,Version 3.000; ttfautohint (v1.8.2.53-6de2),Copyright 2006 The Inconsolata Project Authors (https://github.com/cyrealtype/Inconsolata),"Raph Levien, Cyreal, Brenton Simpson","Raph Levien, Cyreal, Google","This Font Software is licensed under the SIL Open Font License, Version 1.1. This license is available with a FAQ at: http://scripts.sil.org/OFL",http://scripts.sil.org/OFL,MATCH,True,OK,
Inconsolata,staging/google-fonts/ofl/inconsolata/static/Inconsolata-ExpandedBlack.ttf,fddf432cc18951741d448259e9eb2aaed2721f40fec9f0522a8d45f9ca8d7588,109872,TTF,Inconsolata,Expanded Black,Inconsolata-ExpandedBlack,900,7,False,False,[],964,882,Version 3.001; ttfautohint (v1.8.2.53-6de2),Copyright 2006 The Inconsolata Project Authors (https://github.com/cyrealtype/Inconsolata),"Raph Levien, Cyreal, Brenton Simpson","Raph Levien, Cyreal, Google","This Font Software is licensed under the SIL Open Font License, Version 1.1. This license is available with a FAQ at: http://scripts.sil.org/OFL",http://scripts.sil.org/OFL,MATCH,True,OK,
Inconsolata,staging/google-fonts/ofl/inconsolata/static/Inconsolata-ExpandedBold.ttf,485c3212650f8799d24e1de42aff3c5e3f36559994c95e8af28afe2965282250,108168,TTF,Inconsolata,Expanded Bold,Inconsolata-ExpandedBold,700,7,False,False,[],964,882,Version 3.001; ttfautohint (v1.8.2.53-6de2),Copyright 2006 The Inconsolata Project Authors (https://github.com/cyrealtype/Inconsolata),"Raph Levien, Cyreal, Brenton Simpson","Raph Levien, Cyreal, Google","This Font Software is licensed under the SIL Open Font License, Version 1.1. This license is available with a FAQ at: http://scripts.sil.org/OFL",http://scripts.sil.org/OFL,MATCH,True,OK,
Inconsolata,staging/google-fonts/ofl/inconsolata/static/Inconsolata-ExpandedExtraBold.ttf,922c0fd9ad333e2f5439c6ebfb05670bd9b9119b1c6091f43292ea9cfd3c27b0,109956,TTF,Inconsolata,Expanded ExtraBold,Inconsolata-ExpandedExtraBold,800,7,False,False,[],964,882,Version 3.001; ttfautohint (v1.8.2.53-6de2),Copyright 2006 The Inconsolata Project Authors (https://github.com/cyrealtype/Inconsolata),"Raph Levien, Cyreal, Brenton Simpson","Raph Levien, Cyreal, Google","This Font Software is licensed under the SIL Open Font License, Version 1.1. This license is available with a FAQ at: http://scripts.sil.org/OFL",http://scripts.sil.org/OFL,MATCH,True,OK,
Inconsolata,staging/google-fonts/ofl/inconsolata/static/Inconsolata-ExpandedExtraLight.ttf,8ca0f89a4e1cf15f8146a5a57d7a6bc8de8ea288aa0cb61aa1a6419768d87ede,107880,TTF,Inconsolata,Expanded ExtraLight,Inconsolata-ExpandedExtraLight,200,7,False,False,[],964,882,Version 3.001; ttfautohint (v1.8.2.53-6de2),Copyright 2006 The Inconsolata Project Authors (https://github.com/cyrealtype/Inconsolata),"Raph Levien, Cyreal, Brenton Simpson","Raph Levien, Cyreal, Google","This Font Software is licensed under the SIL Open Font License, Version 1.1. This license is available with a FAQ at: http://scripts.sil.org/OFL",http://scripts.sil.org/OFL,MATCH,True,OK,
Inconsolata,staging/google-fonts/ofl/inconsolata/static/Inconsolata-ExpandedLight.ttf,4c94c0a95ad9866a1add80fae107522adee5bd4e0bca5234aca85d578e41aa54,107696,TTF,Inconsolata,Expanded Light,Inconsolata-ExpandedLight,300,7,False,False,[],964,882,Version 3.001; ttfautohint (v1.8.2.53-6de2),Copyright 2006 The Inconsolata Project Authors (https://github.com/cyrealtype/Inconsolata),"Raph Levien, Cyreal, Brenton Simpson","Raph Levien, Cyreal, Google","This Font Software is licensed under the SIL Open Font License, Version 1.1. This license is available with a FAQ at: http://scripts.sil.org/OFL",http://scripts.sil.org/OFL,MATCH,True,OK,
Inconsolata,staging/google-fonts/ofl/inconsolata/static/Inconsolata-ExpandedMedium.ttf,68d7059c6a14900a7dff93faaa3e3281f214f52b8c7634f9643d103c63879888,108292,TTF,Inconsolata,Expanded Medium,Inconsolata-ExpandedMedium,500,7,False,False,[],964,882,Version 3.001; ttfautohint (v1.8.2.53-6de2),Copyright 2006 The Inconsolata Project Authors (https://github.com/cyrealtype/Inconsolata),"Raph Levien, Cyreal, Brenton Simpson","Raph Levien, Cyreal, Google","This Font Software is licensed under the SIL Open Font License, Version 1.1. This license is available with a FAQ at: http://scripts.sil.org/OFL",http://scripts.sil.org/OFL,MATCH,True,OK,
Inconsolata,staging/google-fonts/ofl/inconsolata/static/Inconsolata-ExpandedRegular.ttf,d7fba81b7251687d97763d0389268180414f3d7a68738f1c8dc18bba4476bc4b,106612,TTF,Inconsolata,Expanded Regular,Inconsolata-ExpandedRegular,400,7,False,False,[],964,882,Version 3.001; ttfautohint (v1.8.2.53-6de2),Copyright 2006 The Inconsolata Project Authors (https://github.com/cyrealtype/Inconsolata),"Raph Levien, Cyreal, Brenton Simpson","Raph Levien, Cyreal, Google","This Font Software is licensed under the SIL Open Font License, Version 1.1. This license is available with a FAQ at: http://scripts.sil.org/OFL",http://scripts.sil.org/OFL,MATCH,True,OK,
Inconsolata,staging/google-fonts/ofl/inconsolata/static/Inconsolata-ExpandedSemiBold.ttf,78e842416402e84b7de9a8fe8f0a2a07335656342aa7b1ebd177e00299650d85,108204,TTF,Inconsolata,Expanded SemiBold,Inconsolata-ExpandedSemiBold,600,7,False,False,[],964,882,Version 3.001; ttfautohint (v1.8.2.53-6de2),Copyright 2006 The Inconsolata Project Authors (https://github.com/cyrealtype/Inconsolata),"Raph Levien, Cyreal, Brenton Simpson","Raph Levien, Cyreal, Google","This Font Software is licensed under the SIL Open Font License, Version 1.1. This license is available with a FAQ at: http://scripts.sil.org/OFL",http://scripts.sil.org/OFL,MATCH,True,OK,
Inconsolata,staging/google-fonts/ofl/inconsolata/static/Inconsolata-ExtraBold.ttf,73d19da9a44c252275717c475ca74d62a63b7ddd2e0056ab0e6891b45b4bf1f2,107272,TTF,Inconsolata,ExtraBold,Inconsolata-ExtraBold,800,5,False,False,[],964,882,Version 3.001; ttfautohint (v1.8.2.53-6de2),Copyright 2006 The Inconsolata Project Authors (https://github.com/cyrealtype/Inconsolata),"Raph Levien, Cyreal, Brenton Simpson","Raph Levien, Cyreal, Google","This Font Software is licensed under the SIL Open Font License, Version 1.1. This license is available with a FAQ at: http://scripts.sil.org/OFL",http://scripts.sil.org/OFL,MATCH,True,OK,
Inconsolata,staging/google-fonts/ofl/inconsolata/static/Inconsolata-ExtraCondensed.ttf,d2b27d919ca0d954be51279bcb0ef9bba2f78b6f9f739d82423c6b48815dcb92,105408,TTF,Inconsolata,ExtraCondensed,Inconsolata-ExtraCondensed,400,2,False,False,[],964,882,Version 3.000; ttfautohint (v1.8.2.53-6de2),Copyright 2006 The Inconsolata Project Authors (https://github.com/cyrealtype/Inconsolata),"Raph Levien, Cyreal, Brenton Simpson","Raph Levien, Cyreal, Google","This Font Software is licensed under the SIL Open Font License, Version 1.1. This license is available with a FAQ at: http://scripts.sil.org/OFL",http://scripts.sil.org/OFL,MATCH,True,OK,
Inconsolata,staging/google-fonts/ofl/inconsolata/static/Inconsolata-ExtraCondensedBlack.ttf,14daa10ac3d0b2c96461d44645f53c33a14bdc6badeafc277bacd984ad871d60,107020,TTF,Inconsolata,ExtraCondensed Black,Inconsolata-ExtraCondensedBlack,900,2,False,False,[],964,882,Version 3.001; ttfautohint (v1.8.2.53-6de2),Copyright 2006 The Inconsolata Project Authors (https://github.com/cyrealtype/Inconsolata),"Raph Levien, Cyreal, Brenton Simpson","Raph Levien, Cyreal, Google","This Font Software is licensed under the SIL Open Font License, Version 1.1. This license is available with a FAQ at: http://scripts.sil.org/OFL",http://scripts.sil.org/OFL,MATCH,True,OK,
Inconsolata,staging/google-fonts/ofl/inconsolata/static/Inconsolata-ExtraCondensedBold.ttf,9f509b544040c1aae8bf74a27d2cacffbe0b95c7531d28d2ff514c391bd03dec,106964,TTF,Inconsolata,ExtraCondensed Bold,Inconsolata-ExtraCondensedBold,700,2,False,False,[],964,882,Version 3.001; ttfautohint (v1.8.2.53-6de2),Copyright 2006 The Inconsolata Project Authors (https://github.com/cyrealtype/Inconsolata),"Raph Levien, Cyreal, Brenton Simpson","Raph Levien, Cyreal, Google","This Font Software is licensed under the SIL Open Font License, Version 1.1. This license is available with a FAQ at: http://scripts.sil.org/OFL",http://scripts.sil.org/OFL,MATCH,True,OK,
Inconsolata,staging/google-fonts/ofl/inconsolata/static/Inconsolata-ExtraCondensedExtraBold.ttf,992d8ab7e0aafa3166c95b2015a6dc035b622e9dd6a804387fa7657eb2a4fd33,106740,TTF,Inconsolata,ExtraCondensed ExtraBold,Inconsolata-ExtraCondensedExtraBold,800,2,False,False,[],964,882,Version 3.001; ttfautohint (v1.8.2.53-6de2),Copyright 2006 The Inconsolata Project Authors (https://github.com/cyrealtype/Inconsolata),"Raph Levien, Cyreal, Brenton Simpson","Raph Levien, Cyreal, Google","This Font Software is licensed under the SIL Open Font License, Version 1.1. This license is available with a FAQ at: http://scripts.sil.org/OFL",http://scripts.sil.org/OFL,MATCH,True,OK,
Inconsolata,staging/google-fonts/ofl/inconsolata/static/Inconsolata-ExtraCondensedExtraLight.ttf,4dad87033736805e41361fa4db54b45f1e1ce9fdc2c07e14207818762ce7a903,104956,TTF,Inconsolata,ExtraCondensed ExtraLight,Inconsolata-ExtraCondensedExtraLight,200,2,False,False,[],964,882,Version 3.001; ttfautohint (v1.8.2.53-6de2),Copyright 2006 The Inconsolata Project Authors (https://github.com/cyrealtype/Inconsolata),"Raph Levien, Cyreal, Brenton Simpson","Raph Levien, Cyreal, Google","This Font Software is licensed under the SIL Open Font License, Version 1.1. This license is available with a FAQ at: http://scripts.sil.org/OFL",http://scripts.sil.org/OFL,MATCH,True,OK,
Inconsolata,staging/google-fonts/ofl/inconsolata/static/Inconsolata-ExtraCondensedLight.ttf,ea281bb54e770e9a4d9207f9b10874fbe06baaf6b9895f7a8d0286befb86705f,105436,TTF,Inconsolata,ExtraCondensed Light,Inconsolata-ExtraCondensedLight,300,2,False,False,[],964,882,Version 3.001; ttfautohint (v1.8.2.53-6de2),Copyright 2006 The Inconsolata Project Authors (https://github.com/cyrealtype/Inconsolata),"Raph Levien, Cyreal, Brenton Simpson","Raph Levien, Cyreal, Google","This Font Software is licensed under the SIL Open Font License, Version 1.1. This license is available with a FAQ at: http://scripts.sil.org/OFL",http://scripts.sil.org/OFL,MATCH,True,OK,
Inconsolata,staging/google-fonts/ofl/inconsolata/static/Inconsolata-ExtraCondensedMedium.ttf,e04568124e089528221e09ce54fbcce9e9ee4565ef72f52a14aaaa29d0e9c903,106180,TTF,Inconsolata,ExtraCondensed Medium,Inconsolata-ExtraCondensedMedium,500,2,False,False,[],964,882,Version 3.001; ttfautohint (v1.8.2.53-6de2),Copyright 2006 The Inconsolata Project Authors (https://github.com/cyrealtype/Inconsolata),"Raph Levien, Cyreal, Brenton Simpson","Raph Levien, Cyreal, Google","This Font Software is licensed under the SIL Open Font License, Version 1.1. This license is available with a FAQ at: http://scripts.sil.org/OFL",http://scripts.sil.org/OFL,MATCH,True,OK,
Inconsolata,staging/google-fonts/ofl/inconsolata/static/Inconsolata-ExtraCondensedRegular.ttf,4269c8b7f1dbd049d829e428190f5f62c5c0138e02a0be1848574ee63baa290c,105468,TTF,Inconsolata,ExtraCondensed Regular,Inconsolata-ExtraCondensedRegular,400,2,False,False,[],964,882,Version 3.001; ttfautohint (v1.8.2.53-6de2),Copyright 2006 The Inconsolata Project Authors (https://github.com/cyrealtype/Inconsolata),"Raph Levien, Cyreal, Brenton Simpson","Raph Levien, Cyreal, Google","This Font Software is licensed under the SIL Open Font License, Version 1.1. This license is available with a FAQ at: http://scripts.sil.org/OFL",http://scripts.sil.org/OFL,MATCH,True,OK,
Inconsolata,staging/google-fonts/ofl/inconsolata/static/Inconsolata-ExtraCondensedSemiBold.ttf,ded1cb0e1ecc5e5749bd9d0c1cc5a34a86b99408237db2d62216c94c99627ee5,107228,TTF,Inconsolata,ExtraCondensed SemiBold,Inconsolata-ExtraCondensedSemiBold,600,2,False,False,[],964,882,Version 3.001; ttfautohint (v1.8.2.53-6de2),Copyright 2006 The Inconsolata Project Authors (https://github.com/cyrealtype/Inconsolata),"Raph Levien, Cyreal, Brenton Simpson","Raph Levien, Cyreal, Google","This Font Software is licensed under the SIL Open Font License, Version 1.1. This license is available with a FAQ at: http://scripts.sil.org/OFL",http://scripts.sil.org/OFL,MATCH,True,OK,
Inconsolata,staging/google-fonts/ofl/inconsolata/static/Inconsolata-ExtraExpanded.ttf,15a486673b2bac94fe85de0d2770b3167d1acac96c709f1fe1d39171e026a64c,107836,TTF,Inconsolata,ExtraExpanded,Inconsolata-ExtraExpanded,400,8,False,False,[],964,882,Version 3.000; ttfautohint (v1.8.2.53-6de2),Copyright 2006 The Inconsolata Project Authors (https://github.com/cyrealtype/Inconsolata),"Raph Levien, Cyreal, Brenton Simpson","Raph Levien, Cyreal, Google","This Font Software is licensed under the SIL Open Font License, Version 1.1. This license is available with a FAQ at: http://scripts.sil.org/OFL",http://scripts.sil.org/OFL,MATCH,True,OK,
Inconsolata,staging/google-fonts/ofl/inconsolata/static/Inconsolata-ExtraExpandedBlack.ttf,2633c4eb4a568ff2fd8adb422fdada80490c937c581659f80aa5ca8c9ff0f1c2,111232,TTF,Inconsolata,ExtraExpanded Black,Inconsolata-ExtraExpandedBlack,900,8,False,False,[],964,882,Version 3.001; ttfautohint (v1.8.2.53-6de2),Copyright 2006 The Inconsolata Project Authors (https://github.com/cyrealtype/Inconsolata),"Raph Levien, Cyreal, Brenton Simpson","Raph Levien, Cyreal, Google","This Font Software is licensed under the SIL Open Font License, Version 1.1. This license is available with a FAQ at: http://scripts.sil.org/OFL",http://scripts.sil.org/OFL,MATCH,True,OK,
Inconsolata,staging/google-fonts/ofl/inconsolata/static/Inconsolata-ExtraExpandedBold.ttf,77dcc5db5b92701cd89bf9165f369d4e8a5df543cfa1ad7396a5cb86c34f30ba,110348,TTF,Inconsolata,ExtraExpanded Bold,Inconsolata-ExtraExpandedBold,700,8,False,False,[],964,882,Version 3.001; ttfautohint (v1.8.2.53-6de2),Copyright 2006 The Inconsolata Project Authors (https://github.com/cyrealtype/Inconsolata),"Raph Levien, Cyreal, Brenton Simpson","Raph Levien, Cyreal, Google","This Font Software is licensed under the SIL Open Font License, Version 1.1. This license is available with a FAQ at: http://scripts.sil.org/OFL",http://scripts.sil.org/OFL,MATCH,True,OK,
Inconsolata,staging/google-fonts/ofl/inconsolata/static/Inconsolata-ExtraExpandedExtraBold.ttf,a2a109a0c806f569daa141b408727f6577dc945f712e4035edabcf85f127fc8d,110752,TTF,Inconsolata,ExtraExpanded ExtraBold,Inconsolata-ExtraExpandedExtraBold,800,8,False,False,[],964,882,Version 3.001; ttfautohint (v1.8.2.53-6de2),Copyright 2006 The Inconsolata Project Authors (https://github.com/cyrealtype/Inconsolata),"Raph Levien, Cyreal, Brenton Simpson","Raph Levien, Cyreal, Google","This Font Software is licensed under the SIL Open Font License, Version 1.1. This license is available with a FAQ at: http://scripts.sil.org/OFL",http://scripts.sil.org/OFL,MATCH,True,OK,
Inconsolata,staging/google-fonts/ofl/inconsolata/static/Inconsolata-ExtraExpandedExtraLight.ttf,ad61b4aa33f6ffbedbabbe1af4e558d66d9c2d77049a7c8a0a0088467184dbdb,108764,TTF,Inconsolata,ExtraExpanded ExtraLight,Inconsolata-ExtraExpandedExtraLight,200,8,False,False,[],964,882,Version 3.001; ttfautohint (v1.8.2.53-6de2),Copyright 2006 The Inconsolata Project Authors (https://github.com/cyrealtype/Inconsolata),"Raph Levien, Cyreal, Brenton Simpson","Raph Levien, Cyreal, Google","This Font Software is licensed under the SIL Open Font License, Version 1.1. This license is available with a FAQ at: http://scripts.sil.org/OFL",http://scripts.sil.org/OFL,MATCH,True,OK,
Inconsolata,staging/google-fonts/ofl/inconsolata/static/Inconsolata-ExtraExpandedLight.ttf,0aaa55eb294da278cbbd471b9ff5bf959c84f5c57f1a4a45118e835ee7823bd8,109164,TTF,Inconsolata,ExtraExpanded Light,Inconsolata-ExtraExpandedLight,300,8,False,False,[],964,882,Version 3.001; ttfautohint (v1.8.2.53-6de2),Copyright 2006 The Inconsolata Project Authors (https://github.com/cyrealtype/Inconsolata),"Raph Levien, Cyreal, Brenton Simpson","Raph Levien, Cyreal, Google","This Font Software is licensed under the SIL Open Font License, Version 1.1. This license is available with a FAQ at: http://scripts.sil.org/OFL",http://scripts.sil.org/OFL,MATCH,True,OK,
Inconsolata,staging/google-fonts/ofl/inconsolata/static/Inconsolata-ExtraExpandedMedium.ttf,9457025138565506abb68d0f589102ae104b611e9252951f65609f4cfa0126ca,109424,TTF,Inconsolata,ExtraExpanded Medium,Inconsolata-ExtraExpandedMedium,500,8,False,False,[],964,882,Version 3.001; ttfautohint (v1.8.2.53-6de2),Copyright 2006 The Inconsolata Project Authors (https://github.com/cyrealtype/Inconsolata),"Raph Levien, Cyreal, Brenton Simpson","Raph Levien, Cyreal, Google","This Font Software is licensed under the SIL Open Font License, Version 1.1. This license is available with a FAQ at: http://scripts.sil.org/OFL",http://scripts.sil.org/OFL,MATCH,True,OK,
Inconsolata,staging/google-fonts/ofl/inconsolata/static/Inconsolata-ExtraExpandedRegular.ttf,ecf5a274eacd2ccf199bb3d4b8aa927ee49c8c8486b15a930dbe49d398496720,107896,TTF,Inconsolata,ExtraExpanded Regular,Inconsolata-ExtraExpandedRegular,400,8,False,False,[],964,882,Version 3.001; ttfautohint (v1.8.2.53-6de2),Copyright 2006 The Inconsolata Project Authors (https://github.com/cyrealtype/Inconsolata),"Raph Levien, Cyreal, Brenton Simpson","Raph Levien, Cyreal, Google","This Font Software is licensed under the SIL Open Font License, Version 1.1. This license is available with a FAQ at: http://scripts.sil.org/OFL",http://scripts.sil.org/OFL,MATCH,True,OK,
Inconsolata,staging/google-fonts/ofl/inconsolata/static/Inconsolata-ExtraExpandedSemiBold.ttf,4efa5679858c8fff057f6b180531fccf2d8a094d98c2b41beeb43459fe888f36,109516,TTF,Inconsolata,ExtraExpanded SemiBold,Inconsolata-ExtraExpandedSemiBold,600,8,False,False,[],964,882,Version 3.001; ttfautohint (v1.8.2.53-6de2),Copyright 2006 The Inconsolata Project Authors (https://github.com/cyrealtype/Inconsolata),"Raph Levien, Cyreal, Brenton Simpson","Raph Levien, Cyreal, Google","This Font Software is licensed under the SIL Open Font License, Version 1.1. This license is available with a FAQ at: http://scripts.sil.org/OFL",http://scripts.sil.org/OFL,MATCH,True,OK,
Inconsolata,staging/google-fonts/ofl/inconsolata/static/Inconsolata-ExtraLight.ttf,3381c40d3ff8d55f87df62ac3cf3c67a14d744e36bd9d8bb224f8733f1133a96,105732,TTF,Inconsolata,ExtraLight,Inconsolata-ExtraLight,200,5,False,False,[],964,882,Version 3.001; ttfautohint (v1.8.2.53-6de2),Copyright 2006 The Inconsolata Project Authors (https://github.com/cyrealtype/Inconsolata),"Raph Levien, Cyreal, Brenton Simpson","Raph Levien, Cyreal, Google","This Font Software is licensed under the SIL Open Font License, Version 1.1. This license is available with a FAQ at: http://scripts.sil.org/OFL",http://scripts.sil.org/OFL,MATCH,True,OK,
Inconsolata,staging/google-fonts/ofl/inconsolata/static/Inconsolata-Light.ttf,5b56d22fc7e536a3f2932dfa726cccfa12632be6ffdcc2fa97e053af49a4b844,105612,TTF,Inconsolata,Light,Inconsolata-Light,300,5,False,False,[],964,882,Version 3.001; ttfautohint (v1.8.2.53-6de2),Copyright 2006 The Inconsolata Project Authors (https://github.com/cyrealtype/Inconsolata),"Raph Levien, Cyreal, Brenton Simpson","Raph Levien, Cyreal, Google","This Font Software is licensed under the SIL Open Font License, Version 1.1. This license is available with a FAQ at: http://scripts.sil.org/OFL",http://scripts.sil.org/OFL,MATCH,True,OK,
Inconsolata,staging/google-fonts/ofl/inconsolata/static/Inconsolata-Medium.ttf,90ba1a56bdd0bb59747642007703525a3e52fa5d2c78d163705f36a55439dafd,106752,TTF,Inconsolata,Medium,Inconsolata-Medium,500,5,False,False,[],964,882,Version 3.001; ttfautohint (v1.8.2.53-6de2),Copyright 2006 The Inconsolata Project Authors (https://github.com/cyrealtype/Inconsolata),"Raph Levien, Cyreal, Brenton Simpson","Raph Levien, Cyreal, Google","This Font Software is licensed under the SIL Open Font License, Version 1.1. This license is available with a FAQ at: http://scripts.sil.org/OFL",http://scripts.sil.org/OFL,MATCH,True,OK,
Inconsolata,staging/google-fonts/ofl/inconsolata/static/Inconsolata-Regular.ttf,0f11ac40d1618e1aa1adb7322a14980a0b0c943421124022073f83236d15f0d5,105628,TTF,Inconsolata,Regular,Inconsolata-Regular,400,5,False,False,[],964,882,Version 3.001; ttfautohint (v1.8.2.53-6de2),Copyright 2006 The Inconsolata Project Authors (https://github.com/cyrealtype/Inconsolata),"Raph Levien, Cyreal, Brenton Simpson","Raph Levien, Cyreal, Google","This Font Software is licensed under the SIL Open Font License, Version 1.1. This license is available with a FAQ at: http://scripts.sil.org/OFL",http://scripts.sil.org/OFL,MATCH,True,OK,
Inconsolata,staging/google-fonts/ofl/inconsolata/static/Inconsolata-SemiBold.ttf,8152d7cd053dc594e0e85f1e87aa11d062997e67f9f556062af14a89b63f6b10,106836,TTF,Inconsolata,SemiBold,Inconsolata-SemiBold,600,5,False,False,[],964,882,Version 3.001; ttfautohint (v1.8.2.53-6de2),Copyright 2006 The Inconsolata Project Authors (https://github.com/cyrealtype/Inconsolata),"Raph Levien, Cyreal, Brenton Simpson","Raph Levien, Cyreal, Google","This Font Software is licensed under the SIL Open Font License, Version 1.1. This license is available with a FAQ at: http://scripts.sil.org/OFL",http://scripts.sil.org/OFL,MATCH,True,OK,
Inconsolata,staging/google-fonts/ofl/inconsolata/static/Inconsolata-SemiCondensed.ttf,46272ebd698d505d9e7e2ba1a10378a901bcc79d89ce626414abced930ddc7bf,105792,TTF,Inconsolata,SemiCondensed,Inconsolata-SemiCondensed,400,4,False,False,[],964,882,Version 3.000; ttfautohint (v1.8.2.53-6de2),Copyright 2006 The Inconsolata Project Authors (https://github.com/cyrealtype/Inconsolata),"Raph Levien, Cyreal, Brenton Simpson","Raph Levien, Cyreal, Google","This Font Software is licensed under the SIL Open Font License, Version 1.1. This license is available with a FAQ at: http://scripts.sil.org/OFL",http://scripts.sil.org/OFL,MATCH,True,OK,
Inconsolata,staging/google-fonts/ofl/inconsolata/static/Inconsolata-SemiCondensedBlack.ttf,def81f936e70cb75045db6ebc01644886ff49cedde7cb0b03474cd1a47c1ad7d,109008,TTF,Inconsolata,SemiCondensed Black,Inconsolata-SemiCondensedBlack,900,4,False,False,[],964,882,Version 3.001; ttfautohint (v1.8.2.53-6de2),Copyright 2006 The Inconsolata Project Authors (https://github.com/cyrealtype/Inconsolata),"Raph Levien, Cyreal, Brenton Simpson","Raph Levien, Cyreal, Google","This Font Software is licensed under the SIL Open Font License, Version 1.1. This license is available with a FAQ at: http://scripts.sil.org/OFL",http://scripts.sil.org/OFL,MATCH,True,OK,
Inconsolata,staging/google-fonts/ofl/inconsolata/static/Inconsolata-SemiCondensedBold.ttf,dbdfcaaffd648b11c5dcd99a96000d86f73a399196af0f7afb19e61c5bb2296f,107176,TTF,Inconsolata,SemiCondensed Bold,Inconsolata-SemiCondensedBold,700,4,False,False,[],964,882,Version 3.001; ttfautohint (v1.8.2.53-6de2),Copyright 2006 The Inconsolata Project Authors (https://github.com/cyrealtype/Inconsolata),"Raph Levien, Cyreal, Brenton Simpson","Raph Levien, Cyreal, Google","This Font Software is licensed under the SIL Open Font License, Version 1.1. This license is available with a FAQ at: http://scripts.sil.org/OFL",http://scripts.sil.org/OFL,MATCH,True,OK,
Inconsolata,staging/google-fonts/ofl/inconsolata/static/Inconsolata-SemiCondensedExtraBold.ttf,955178e05dd0881488a957adab7f887ae5af681de61289478eb94662f1432f95,107660,TTF,Inconsolata,SemiCondensed ExtraBold,Inconsolata-SemiCondensedExtraBold,800,4,False,False,[],964,882,Version 3.001; ttfautohint (v1.8.2.53-6de2),Copyright 2006 The Inconsolata Project Authors (https://github.com/cyrealtype/Inconsolata),"Raph Levien, Cyreal, Brenton Simpson","Raph Levien, Cyreal, Google","This Font Software is licensed under the SIL Open Font License, Version 1.1. This license is available with a FAQ at: http://scripts.sil.org/OFL",http://scripts.sil.org/OFL,MATCH,True,OK,
Inconsolata,staging/google-fonts/ofl/inconsolata/static/Inconsolata-SemiCondensedExtraLight.ttf,f73e213ca50b52fc03151ce1a700e6d981799a081ad17bbe47d7dadb6d1cfbc5,106216,TTF,Inconsolata,SemiCondensed ExtraLight,Inconsolata-SemiCondensedExtraLight,200,4,False,False,[],964,882,Version 3.001; ttfautohint (v1.8.2.53-6de2),Copyright 2006 The Inconsolata Project Authors (https://github.com/cyrealtype/Inconsolata),"Raph Levien, Cyreal, Brenton Simpson","Raph Levien, Cyreal, Google","This Font Software is licensed under the SIL Open Font License, Version 1.1. This license is available with a FAQ at: http://scripts.sil.org/OFL",http://scripts.sil.org/OFL,MATCH,True,OK,
Inconsolata,staging/google-fonts/ofl/inconsolata/static/Inconsolata-SemiCondensedLight.ttf,92c86a7337d044354c37feae2e9cd7044bef07da0164aa0f5294702513299245,106452,TTF,Inconsolata,SemiCondensed Light,Inconsolata-SemiCondensedLight,300,4,False,False,[],964,882,Version 3.001; ttfautohint (v1.8.2.53-6de2),Copyright 2006 The Inconsolata Project Authors (https://github.com/cyrealtype/Inconsolata),"Raph Levien, Cyreal, Brenton Simpson","Raph Levien, Cyreal, Google","This Font Software is licensed under the SIL Open Font License, Version 1.1. This license is available with a FAQ at: http://scripts.sil.org/OFL",http://scripts.sil.org/OFL,MATCH,True,OK,
Inconsolata,staging/google-fonts/ofl/inconsolata/static/Inconsolata-SemiCondensedMedium.ttf,9368a59b13922f3df38a812f9b70810cb5b70af246960cecbe481e6e6aaec7bc,107324,TTF,Inconsolata,SemiCondensed Medium,Inconsolata-SemiCondensedMedium,500,4,False,False,[],964,882,Version 3.001; ttfautohint (v1.8.2.53-6de2),Copyright 2006 The Inconsolata Project Authors (https://github.com/cyrealtype/Inconsolata),"Raph Levien, Cyreal, Brenton Simpson","Raph Levien, Cyreal, Google","This Font Software is licensed under the SIL Open Font License, Version 1.1. This license is available with a FAQ at: http://scripts.sil.org/OFL",http://scripts.sil.org/OFL,MATCH,True,OK,
Inconsolata,staging/google-fonts/ofl/inconsolata/static/Inconsolata-SemiCondensedRegular.ttf,51104b9071e0fe9abdfafe2a0fe86caed59e6804ebf80f59de4bc15768708b14,105852,TTF,Inconsolata,SemiCondensed Regular,Inconsolata-SemiCondensedRegular,400,4,False,False,[],964,882,Version 3.001; ttfautohint (v1.8.2.53-6de2),Copyright 2006 The Inconsolata Project Authors (https://github.com/cyrealtype/Inconsolata),"Raph Levien, Cyreal, Brenton Simpson","Raph Levien, Cyreal, Google","This Font Software is licensed under the SIL Open Font License, Version 1.1. This license is available with a FAQ at: http://scripts.sil.org/OFL",http://scripts.sil.org/OFL,MATCH,True,OK,
Inconsolata,staging/google-fonts/ofl/inconsolata/static/Inconsolata-SemiCondensedSemiBold.ttf,3abc7ef31d04a901d90e3d53a508355833b2b0e6fb5a6fa7e2817f6214825747,106732,TTF,Inconsolata,SemiCondensed SemiBold,Inconsolata-SemiCondensedSemiBold,600,4,False,False,[],964,882,Version 3.001; ttfautohint (v1.8.2.53-6de2),Copyright 2006 The Inconsolata Project Authors (https://github.com/cyrealtype/Inconsolata),"Raph Levien, Cyreal, Brenton Simpson","Raph Levien, Cyreal, Google","This Font Software is licensed under the SIL Open Font License, Version 1.1. This license is available with a FAQ at: http://scripts.sil.org/OFL",http://scripts.sil.org/OFL,MATCH,True,OK,
Inconsolata,staging/google-fonts/ofl/inconsolata/static/Inconsolata-SemiExpanded.ttf,164455b92f2bd549b28cbcb344d97ff17f79f520654b19f653f9edf46a13c913,106228,TTF,Inconsolata,SemiExpanded,Inconsolata-SemiExpanded,400,6,False,False,[],964,882,Version 3.000; ttfautohint (v1.8.2.53-6de2),Copyright 2006 The Inconsolata Project Authors (https://github.com/cyrealtype/Inconsolata),"Raph Levien, Cyreal, Brenton Simpson","Raph Levien, Cyreal, Google","This Font Software is licensed under the SIL Open Font License, Version 1.1. This license is available with a FAQ at: http://scripts.sil.org/OFL",http://scripts.sil.org/OFL,MATCH,True,OK,
Inconsolata,staging/google-fonts/ofl/inconsolata/static/Inconsolata-SemiExpandedBlack.ttf,7c1a6ee7d1cbec716304eee8e8f2ff7a68b64236508aa68bdb514323498189bc,109792,TTF,Inconsolata,SemiExpanded Black,Inconsolata-SemiExpandedBlack,900,6,False,False,[],964,882,Version 3.001; ttfautohint (v1.8.2.53-6de2),Copyright 2006 The Inconsolata Project Authors (https://github.com/cyrealtype/Inconsolata),"Raph Levien, Cyreal, Brenton Simpson","Raph Levien, Cyreal, Google","This Font Software is licensed under the SIL Open Font License, Version 1.1. This license is available with a FAQ at: http://scripts.sil.org/OFL",http://scripts.sil.org/OFL,MATCH,True,OK,
Inconsolata,staging/google-fonts/ofl/inconsolata/static/Inconsolata-SemiExpandedBold.ttf,05ba7a06a4da343ebad20a46c290202494c39d41c83b9acd941306722c6528b0,108012,TTF,Inconsolata,SemiExpanded Bold,Inconsolata-SemiExpandedBold,700,6,False,False,[],964,882,Version 3.001; ttfautohint (v1.8.2.53-6de2),Copyright 2006 The Inconsolata Project Authors (https://github.com/cyrealtype/Inconsolata),"Raph Levien, Cyreal, Brenton Simpson","Raph Levien, Cyreal, Google","This Font Software is licensed under the SIL Open Font License, Version 1.1. This license is available with a FAQ at: http://scripts.sil.org/OFL",http://scripts.sil.org/OFL,MATCH,True,OK,
Inconsolata,staging/google-fonts/ofl/inconsolata/static/Inconsolata-SemiExpandedExtraBold.ttf,715a7cd18b9d69c8b5ac14868fb7ab2a6c22f0c16d8054b019edaa45d2204387,108584,TTF,Inconsolata,SemiExpanded ExtraBold,Inconsolata-SemiExpandedExtraBold,800,6,False,False,[],964,882,Version 3.001; ttfautohint (v1.8.2.53-6de2),Copyright 2006 The Inconsolata Project Authors (https://github.com/cyrealtype/Inconsolata),"Raph Levien, Cyreal, Brenton Simpson","Raph Levien, Cyreal, Google","This Font Software is licensed under the SIL Open Font License, Version 1.1. This license is available with a FAQ at: http://scripts.sil.org/OFL",http://scripts.sil.org/OFL,MATCH,True,OK,
Inconsolata,staging/google-fonts/ofl/inconsolata/static/Inconsolata-SemiExpandedExtraLight.ttf,e40da2d88c25538a4759296cc03cb379730f36e082fd8d3ad607f6bde01dda5b,107636,TTF,Inconsolata,SemiExpanded ExtraLight,Inconsolata-SemiExpandedExtraLight,200,6,False,False,[],964,882,Version 3.001; ttfautohint (v1.8.2.53-6de2),Copyright 2006 The Inconsolata Project Authors (https://github.com/cyrealtype/Inconsolata),"Raph Levien, Cyreal, Brenton Simpson","Raph Levien, Cyreal, Google","This Font Software is licensed under the SIL Open Font License, Version 1.1. This license is available with a FAQ at: http://scripts.sil.org/OFL",http://scripts.sil.org/OFL,MATCH,True,OK,
Inconsolata,staging/google-fonts/ofl/inconsolata/static/Inconsolata-SemiExpandedLight.ttf,d4cb892fe2777bad10e78200306140bfc119ae128c94d077eaa8363e1d1468d9,106344,TTF,Inconsolata,SemiExpanded Light,Inconsolata-SemiExpandedLight,300,6,False,False,[],964,882,Version 3.001; ttfautohint (v1.8.2.53-6de2),Copyright 2006 The Inconsolata Project Authors (https://github.com/cyrealtype/Inconsolata),"Raph Levien, Cyreal, Brenton Simpson","Raph Levien, Cyreal, Google","This Font Software is licensed under the SIL Open Font License, Version 1.1. This license is available with a FAQ at: http://scripts.sil.org/OFL",http://scripts.sil.org/OFL,MATCH,True,OK,
Inconsolata,staging/google-fonts/ofl/inconsolata/static/Inconsolata-SemiExpandedMedium.ttf,c43a3d361f9d653fd13cff4db39dde52001a5640370ddd5041693556e5a99982,107516,TTF,Inconsolata,SemiExpanded Medium,Inconsolata-SemiExpandedMedium,500,6,False,False,[],964,882,Version 3.001; ttfautohint (v1.8.2.53-6de2),Copyright 2006 The Inconsolata Project Authors (https://github.com/cyrealtype/Inconsolata),"Raph Levien, Cyreal, Brenton Simpson","Raph Levien, Cyreal, Google","This Font Software is licensed under the SIL Open Font License, Version 1.1. This license is available with a FAQ at: http://scripts.sil.org/OFL",http://scripts.sil.org/OFL,MATCH,True,OK,
Inconsolata,staging/google-fonts/ofl/inconsolata/static/Inconsolata-SemiExpandedRegular.ttf,067b9f8aa2f00e301513f92e80e31c5ba670b4b401273d0ae9c0078dd83bc354,106288,TTF,Inconsolata,SemiExpanded Regular,Inconsolata-SemiExpandedRegular,400,6,False,False,[],964,882,Version 3.001; ttfautohint (v1.8.2.53-6de2),Copyright 2006 The Inconsolata Project Authors (https://github.com/cyrealtype/Inconsolata),"Raph Levien, Cyreal, Brenton Simpson","Raph Levien, Cyreal, Google","This Font Software is licensed under the SIL Open Font License, Version 1.1. This license is available with a FAQ at: http://scripts.sil.org/OFL",http://scripts.sil.org/OFL,MATCH,True,OK,
Inconsolata,staging/google-fonts/ofl/inconsolata/static/Inconsolata-SemiExpandedSemiBold.ttf,1c4df85f9677d899623fd863665201ccc0496e68577b247e91f955eb705ec9a1,108116,TTF,Inconsolata,SemiExpanded SemiBold,Inconsolata-SemiExpandedSemiBold,600,6,False,False,[],964,882,Version 3.001; ttfautohint (v1.8.2.53-6de2),Copyright 2006 The Inconsolata Project Authors (https://github.com/cyrealtype/Inconsolata),"Raph Levien, Cyreal, Brenton Simpson","Raph Levien, Cyreal, Google","This Font Software is licensed under the SIL Open Font License, Version 1.1. This license is available with a FAQ at: http://scripts.sil.org/OFL",http://scripts.sil.org/OFL,MATCH,True,OK,
Inconsolata,staging/google-fonts/ofl/inconsolata/static/Inconsolata-UltraCondensed.ttf,6217bb5b5b736ca4e4d0d15389bbc5f1a82f86d6f02a83045e0d20ce7ea847ab,105064,TTF,Inconsolata,UltraCondensed,Inconsolata-UltraCondensed,400,1,False,False,[],964,882,Version 3.000; ttfautohint (v1.8.2.53-6de2),Copyright 2006 The Inconsolata Project Authors (https://github.com/cyrealtype/Inconsolata),"Raph Levien, Cyreal, Brenton Simpson","Raph Levien, Cyreal, Google","This Font Software is licensed under the SIL Open Font License, Version 1.1. This license is available with a FAQ at: http://scripts.sil.org/OFL",http://scripts.sil.org/OFL,MATCH,True,OK,
Inconsolata,staging/google-fonts/ofl/inconsolata/static/Inconsolata-UltraCondensedBlack.ttf,49edf48e1769f295e45cd80b58e57f45afa584d82545919c8d01acfff8e29b2d,107048,TTF,Inconsolata,UltraCondensed Black,Inconsolata-UltraCondensedBlack,900,1,False,False,[],964,882,Version 3.001; ttfautohint (v1.8.2.53-6de2),Copyright 2006 The Inconsolata Project Authors (https://github.com/cyrealtype/Inconsolata),"Raph Levien, Cyreal, Brenton Simpson","Raph Levien, Cyreal, Google","This Font Software is licensed under the SIL Open Font License, Version 1.1. This license is available with a FAQ at: http://scripts.sil.org/OFL",http://scripts.sil.org/OFL,MATCH,True,OK,
Inconsolata,staging/google-fonts/ofl/inconsolata/static/Inconsolata-UltraCondensedBold.ttf,610e095be10f841c4f3ed0e97948224091a91609f86c3a3e5ba0f73b79344ad3,106308,TTF,Inconsolata,UltraCondensed Bold,Inconsolata-UltraCondensedBold,700,1,False,False,[],964,882,Version 3.001; ttfautohint (v1.8.2.53-6de2),Copyright 2006 The Inconsolata Project Authors (https://github.com/cyrealtype/Inconsolata),"Raph Levien, Cyreal, Brenton Simpson","Raph Levien, Cyreal, Google","This Font Software is licensed under the SIL Open Font License, Version 1.1. This license is available with a FAQ at: http://scripts.sil.org/OFL",http://scripts.sil.org/OFL,MATCH,True,OK,
Inconsolata,staging/google-fonts/ofl/inconsolata/static/Inconsolata-UltraCondensedExtraBold.ttf,da9cf89a50e9222ddb3e7865b7d6b7b8b138d3d6913e8ceb1792d80fab26dba7,106632,TTF,Inconsolata,UltraCondensed ExtraBold,Inconsolata-UltraCondensedExtraBold,800,1,False,False,[],964,882,Version 3.001; ttfautohint (v1.8.2.53-6de2),Copyright 2006 The Inconsolata Project Authors (https://github.com/cyrealtype/Inconsolata),"Raph Levien, Cyreal, Brenton Simpson","Raph Levien, Cyreal, Google","This Font Software is licensed under the SIL Open Font License, Version 1.1. This license is available with a FAQ at: http://scripts.sil.org/OFL",http://scripts.sil.org/OFL,MATCH,True,OK,
Inconsolata,staging/google-fonts/ofl/inconsolata/static/Inconsolata-UltraCondensedExtraLight.ttf,0bc0e24c64f1e49de708271812e776902ca1a7ff87c30b1641fd61a4aca7e6c6,105040,TTF,Inconsolata,UltraCondensed ExtraLight,Inconsolata-UltraCondensedExtraLight,200,1,False,False,[],964,882,Version 3.001; ttfautohint (v1.8.2.53-6de2),Copyright 2006 The Inconsolata Project Authors (https://github.com/cyrealtype/Inconsolata),"Raph Levien, Cyreal, Brenton Simpson","Raph Levien, Cyreal, Google","This Font Software is licensed under the SIL Open Font License, Version 1.1. This license is available with a FAQ at: http://scripts.sil.org/OFL",http://scripts.sil.org/OFL,MATCH,True,OK,
Inconsolata,staging/google-fonts/ofl/inconsolata/static/Inconsolata-UltraCondensedLight.ttf,a27f3c8e1bc7e82b6b682fc47e429322c90e61f987ebd23a53a381023d79a860,105136,TTF,Inconsolata,UltraCondensed Light,Inconsolata-UltraCondensedLight,300,1,False,False,[],964,882,Version 3.001; ttfautohint (v1.8.2.53-6de2),Copyright 2006 The Inconsolata Project Authors (https://github.com/cyrealtype/Inconsolata),"Raph Levien, Cyreal, Brenton Simpson","Raph Levien, Cyreal, Google","This Font Software is licensed under the SIL Open Font License, Version 1.1. This license is available with a FAQ at: http://scripts.sil.org/OFL",http://scripts.sil.org/OFL,MATCH,True,OK,
Inconsolata,staging/google-fonts/ofl/inconsolata/static/Inconsolata-UltraCondensedMedium.ttf,e0066b07f09a5c6f03d06d6754de575e0a726fb570e50715d2114af0175fa1e1,106236,TTF,Inconsolata,UltraCondensed Medium,Inconsolata-UltraCondensedMedium,500,1,False,False,[],964,882,Version 3.001; ttfautohint (v1.8.2.53-6de2),Copyright 2006 The Inconsolata Project Authors (https://github.com/cyrealtype/Inconsolata),"Raph Levien, Cyreal, Brenton Simpson","Raph Levien, Cyreal, Google","This Font Software is licensed under the SIL Open Font License, Version 1.1. This license is available with a FAQ at: http://scripts.sil.org/OFL",http://scripts.sil.org/OFL,MATCH,True,OK,
Inconsolata,staging/google-fonts/ofl/inconsolata/static/Inconsolata-UltraCondensedRegular.ttf,debdb46c1224a421252349fc7616a63cc226b27625fce4807b8b144f2f79e3b8,105124,TTF,Inconsolata,UltraCondensed Regular,Inconsolata-UltraCondensedRegular,400,1,False,False,[],964,882,Version 3.001; ttfautohint (v1.8.2.53-6de2),Copyright 2006 The Inconsolata Project Authors (https://github.com/cyrealtype/Inconsolata),"Raph Levien, Cyreal, Brenton Simpson","Raph Levien, Cyreal, Google","This Font Software is licensed under the SIL Open Font License, Version 1.1. This license is available with a FAQ at: http://scripts.sil.org/OFL",http://scripts.sil.org/OFL,MATCH,True,OK,
Inconsolata,staging/google-fonts/ofl/inconsolata/static/Inconsolata-UltraCondensedSemiBold.ttf,fee862ba03134a0bfe6d009f5b556263c9a89426378b12ff3b9c6f9a1bebcd0d,106260,TTF,Inconsolata,UltraCondensed SemiBold,Inconsolata-UltraCondensedSemiBold,600,1,False,False,[],964,882,Version 3.001; ttfautohint (v1.8.2.53-6de2),Copyright 2006 The Inconsolata Project Authors (https://github.com/cyrealtype/Inconsolata),"Raph Levien, Cyreal, Brenton Simpson","Raph Levien, Cyreal, Google","This Font Software is licensed under the SIL Open Font License, Version 1.1. This license is available with a FAQ at: http://scripts.sil.org/OFL",http://scripts.sil.org/OFL,MATCH,True,OK,
Inconsolata,staging/google-fonts/ofl/inconsolata/static/Inconsolata-UltraExpanded.ttf,d22fc9e8c4bc7048939a3b63a6f9456f99836d976214d7dc1c70b514af158477,109516,TTF,Inconsolata,UltraExpanded,Inconsolata-UltraExpanded,400,9,False,False,[],964,882,Version 3.000; ttfautohint (v1.8.2.53-6de2),Copyright 2006 The Inconsolata Project Authors (https://github.com/cyrealtype/Inconsolata),"Raph Levien, Cyreal, Brenton Simpson","Raph Levien, Cyreal, Google","This Font Software is licensed under the SIL Open Font License, Version 1.1. This license is available with a FAQ at: http://scripts.sil.org/OFL",http://scripts.sil.org/OFL,MATCH,True,OK,
Inconsolata,staging/google-fonts/ofl/inconsolata/static/Inconsolata-UltraExpandedBlack.ttf,94545e831016c53034ef8f4adc4869085cc7e18b3aec90e9ddd9b345bac38133,111876,TTF,Inconsolata,UltraExpanded Black,Inconsolata-UltraExpandedBlack,900,9,False,False,[],964,882,Version 3.001; ttfautohint (v1.8.2.53-6de2),Copyright 2006 The Inconsolata Project Authors (https://github.com/cyrealtype/Inconsolata),"Raph Levien, Cyreal, Brenton Simpson","Raph Levien, Cyreal, Google","This Font Software is licensed under the SIL Open Font License, Version 1.1. This license is available with a FAQ at: http://scripts.sil.org/OFL",http://scripts.sil.org/OFL,MATCH,True,OK,
Inconsolata,staging/google-fonts/ofl/inconsolata/static/Inconsolata-UltraExpandedBold.ttf,c5cba54b5a01bd992a6dca29100e9f7ab64bd1a2ad4e56a634f062f694df057b,111816,TTF,Inconsolata,UltraExpanded Bold,Inconsolata-UltraExpandedBold,700,9,False,False,[],964,882,Version 3.001; ttfautohint (v1.8.2.53-6de2),Copyright 2006 The Inconsolata Project Authors (https://github.com/cyrealtype/Inconsolata),"Raph Levien, Cyreal, Brenton Simpson","Raph Levien, Cyreal, Google","This Font Software is licensed under the SIL Open Font License, Version 1.1. This license is available with a FAQ at: http://scripts.sil.org/OFL",http://scripts.sil.org/OFL,MATCH,True,OK,
Inconsolata,staging/google-fonts/ofl/inconsolata/static/Inconsolata-UltraExpandedExtraBold.ttf,1a04f8b6e49dd8d9c9d0e7dbd9f259402874231c685fd9a6f9c3fafe51c1b7bc,111860,TTF,Inconsolata,UltraExpanded ExtraBold,Inconsolata-UltraExpandedExtraBold,800,9,False,False,[],964,882,Version 3.001; ttfautohint (v1.8.2.53-6de2),Copyright 2006 The Inconsolata Project Authors (https://github.com/cyrealtype/Inconsolata),"Raph Levien, Cyreal, Brenton Simpson","Raph Levien, Cyreal, Google","This Font Software is licensed under the SIL Open Font License, Version 1.1. This license is available with a FAQ at: http://scripts.sil.org/OFL",http://scripts.sil.org/OFL,MATCH,True,OK,
Inconsolata,staging/google-fonts/ofl/inconsolata/static/Inconsolata-UltraExpandedExtraLight.ttf,37746ae2ac1d34483c438caa77cb90c15150e941d71f840c4ba37ced788647f4,110040,TTF,Inconsolata,UltraExpanded ExtraLight,Inconsolata-UltraExpandedExtraLight,200,9,False,False,[],964,882,Version 3.001; ttfautohint (v1.8.2.53-6de2),Copyright 2006 The Inconsolata Project Authors (https://github.com/cyrealtype/Inconsolata),"Raph Levien, Cyreal, Brenton Simpson","Raph Levien, Cyreal, Google","This Font Software is licensed under the SIL Open Font License, Version 1.1. This license is available with a FAQ at: http://scripts.sil.org/OFL",http://scripts.sil.org/OFL,MATCH,True,OK,
Inconsolata,staging/google-fonts/ofl/inconsolata/static/Inconsolata-UltraExpandedLight.ttf,519ac560160459169a98f687ea94991ed4a389d3bed2c7460e1385920878d92b,110512,TTF,Inconsolata,UltraExpanded Light,Inconsolata-UltraExpandedLight,300,9,False,False,[],964,882,Version 3.001; ttfautohint (v1.8.2.53-6de2),Copyright 2006 The Inconsolata Project Authors (https://github.com/cyrealtype/Inconsolata),"Raph Levien, Cyreal, Brenton Simpson","Raph Levien, Cyreal, Google","This Font Software is licensed under the SIL Open Font License, Version 1.1. This license is available with a FAQ at: http://scripts.sil.org/OFL",http://scripts.sil.org/OFL,MATCH,True,OK,
Inconsolata,staging/google-fonts/ofl/inconsolata/static/Inconsolata-UltraExpandedMedium.ttf,a782104f93cfa0b63b8138ef6120a386c0de1563f990d16f2f3635d486e98679,110728,TTF,Inconsolata,UltraExpanded Medium,Inconsolata-UltraExpandedMedium,500,9,False,False,[],964,882,Version 3.001; ttfautohint (v1.8.2.53-6de2),Copyright 2006 The Inconsolata Project Authors (https://github.com/cyrealtype/Inconsolata),"Raph Levien, Cyreal, Brenton Simpson","Raph Levien, Cyreal, Google","This Font Software is licensed under the SIL Open Font License, Version 1.1. This license is available with a FAQ at: http://scripts.sil.org/OFL",http://scripts.sil.org/OFL,MATCH,True,OK,
Inconsolata,staging/google-fonts/ofl/inconsolata/static/Inconsolata-UltraExpandedRegular.ttf,87bb05e16dae37220a57268a65f0a2f0bdf438360db5c3efe5ede2477e9ab6b8,109576,TTF,Inconsolata,UltraExpanded Regular,Inconsolata-UltraExpandedRegular,400,9,False,False,[],964,882,Version 3.001; ttfautohint (v1.8.2.53-6de2),Copyright 2006 The Inconsolata Project Authors (https://github.com/cyrealtype/Inconsolata),"Raph Levien, Cyreal, Brenton Simpson","Raph Levien, Cyreal, Google","This Font Software is licensed under the SIL Open Font License, Version 1.1. This license is available with a FAQ at: http://scripts.sil.org/OFL",http://scripts.sil.org/OFL,MATCH,True,OK,
Inconsolata,staging/google-fonts/ofl/inconsolata/static/Inconsolata-UltraExpandedSemiBold.ttf,3a70e658df8e3b80ebc393643baf4d725b75b7884504bcd9b82b717c2a1bb874,111508,TTF,Inconsolata,UltraExpanded SemiBold,Inconsolata-UltraExpandedSemiBold,600,9,False,False,[],964,882,Version 3.001; ttfautohint (v1.8.2.53-6de2),Copyright 2006 The Inconsolata Project Authors (https://github.com/cyrealtype/Inconsolata),"Raph Levien, Cyreal, Brenton Simpson","Raph Levien, Cyreal, Google","This Font Software is licensed under the SIL Open Font License, Version 1.1. This license is available with a FAQ at: http://scripts.sil.org/OFL",http://scripts.sil.org/OFL,MATCH,True,OK,
Inconsolata,staging/google-fonts/ofl/inconsolata/static/Ligconsolata-Bold.ttf,148a64b395b3e04905c6127222771b2ae258389b6b9e4f81f70d999d6af94074,107160,TTF,Ligconsolata,Bold,Ligconsolata-Bold,700,5,False,False,[],964,882,Version 3.001; ttfautohint (v1.8.2.53-6de2),Copyright 2006 The Inconsolata Project Authors (https://github.com/cyrealtype/Inconsolata),"Raph Levien, Cyreal, Brenton Simpson","Raph Levien, Cyreal, Google","This Font Software is licensed under the SIL Open Font License, Version 1.1. This license is available with a FAQ at: http://scripts.sil.org/OFL",http://scripts.sil.org/OFL,MATCH,True,OK,
Inconsolata,staging/google-fonts/ofl/inconsolata/static/Ligconsolata-Regular.ttf,cae4f3856fdaef071f35860af6db44b146edbf7cde7d7a144dc930d400b4e914,105636,TTF,Ligconsolata,Regular,Ligconsolata-Regular,400,5,False,False,[],964,882,Version 3.001; ttfautohint (v1.8.2.53-6de2),Copyright 2006 The Inconsolata Project Authors (https://github.com/cyrealtype/Inconsolata),"Raph Levien, Cyreal, Brenton Simpson","Raph Levien, Cyreal, Google","This Font Software is licensed under the SIL Open Font License, Version 1.1. This license is available with a FAQ at: http://scripts.sil.org/OFL",http://scripts.sil.org/OFL,MATCH,True,OK,
Zen Maru Gothic,staging/google-fonts/ofl/zenmarugothic/ZenMaruGothic-Black.ttf,6bd74fe76cd39ee0ec18775c3661d845343fb3f6f8fa09a3076638417baf741f,3710324,TTF,Zen Maru Gothic,Black,ZenMaruGothic-Black,900,5,False,False,[],7864,7812,Version 1.001,Copyright 2021 The Zen Maru Gothic Authors (https://github.com/googlefonts/zen-marugothic),Yoshimichi Ohira,Positype,"This Font Software is licensed under the SIL Open Font License, Version 1.1. This license is available with a FAQ at: https://scripts.sil.org/OFL",https://scripts.sil.org/OFL,MATCH,True,OK,
Zen Maru Gothic,staging/google-fonts/ofl/zenmarugothic/ZenMaruGothic-Bold.ttf,fe24426b9c8b5523a0146a8235c8674eccf0493af354a53ec895c3596d9eb745,3779008,TTF,Zen Maru Gothic,Bold,ZenMaruGothic-Bold,700,5,False,False,[],7864,7812,Version 1.001,Copyright 2021 The Zen Maru Gothic Authors (https://github.com/googlefonts/zen-marugothic),Yoshimichi Ohira,Positype,"This Font Software is licensed under the SIL Open Font License, Version 1.1. This license is available with a FAQ at: https://scripts.sil.org/OFL",https://scripts.sil.org/OFL,MATCH,True,OK,
Zen Maru Gothic,staging/google-fonts/ofl/zenmarugothic/ZenMaruGothic-Light.ttf,c4e6fa10ff517df37cb0c13038fe2813f3c47afe6577fa4a5573200e4508b2c1,3723392,TTF,Zen Maru Gothic,Light,ZenMaruGothic-Light,300,5,False,False,[],7864,7812,Version 1.001,Copyright 2021 The Zen Maru Gothic Authors (https://github.com/googlefonts/zen-marugothic),Yoshimichi Ohira,Positype,"This Font Software is licensed under the SIL Open Font License, Version 1.1. This license is available with a FAQ at: https://scripts.sil.org/OFL",https://scripts.sil.org/OFL,MATCH,True,OK,
Zen Maru Gothic,staging/google-fonts/ofl/zenmarugothic/ZenMaruGothic-Medium.ttf,3cfdb98a13571ede17fcc769f5093a97c38b80a7b9b2ab754a26b4d822092b3b,3810988,TTF,Zen Maru Gothic,Medium,ZenMaruGothic-Medium,500,5,False,False,[],7864,7812,Version 1.001,Copyright 2021 The Zen Maru Gothic Authors (https://github.com/googlefonts/zen-marugothic),Yoshimichi Ohira,Positype,"This Font Software is licensed under the SIL Open Font License, Version 1.1. This license is available with a FAQ at: https://scripts.sil.org/OFL",https://scripts.sil.org/OFL,MATCH,True,OK,
Zen Maru Gothic,staging/google-fonts/ofl/zenmarugothic/ZenMaruGothic-Regular.ttf,a0c0b53543e0993ae2225e629c833f3d51495ad31720694ff112ce4ce11111ef,3832756,TTF,Zen Maru Gothic,Regular,ZenMaruGothic-Regular,400,5,False,False,[],7864,7812,Version 1.002,Copyright 2021 The Zen Maru Gothic Authors (https://github.com/googlefonts/zen-marugothic),Yoshimichi Ohira,Positype,"This Font Software is licensed under the SIL Open Font License, Version 1.1. This license is available with a FAQ at: https://scripts.sil.org/OFL",https://scripts.sil.org/OFL,MATCH,True,OK,
Geist Mono,staging/google-fonts/ofl/geistmono/GeistMono-Italic[wght].ttf,70c15be47d55f637197f7e38570dbca16b35777ea647dc3598f61bf3961d2b0d,182656,TTF,Geist Mono,Italic,GeistMono-Italic,400,5,True,True,"[{""default"": 400.0, ""max"": 900.0, ""min"": 100.0, ""name"": ""Weight"", ""tag"": ""wght""}]",1148,889,Version 1.701,Copyright 2024 The Geist Project Authors (https://github.com/vercel/geist-font.git),"Basement.studio, Andrés Briganti, Mateo Zaragoza","Basement.studio, Vercel, Andrés Briganti, Guido Ferreyra, Mateo Zaragoza","This Font Software is licensed under the SIL Open Font License, Version 1.1. This license is available with a FAQ at: https://openfontlicense.org",https://openfontlicense.org,MATCH,True,OK,
Geist Mono,staging/google-fonts/ofl/geistmono/GeistMono[wght].ttf,d00e590b8eb3a59acc329b2d044fd143ae935090b7da33199ebee27cc7de8196,171948,TTF,Geist Mono,Regular,GeistMono-Regular,400,5,False,True,"[{""default"": 400.0, ""max"": 900.0, ""min"": 100.0, ""name"": ""Weight"", ""tag"": ""wght""}]",1159,889,Version 1.701,Copyright 2024 The Geist Project Authors (https://github.com/vercel/geist-font.git),"Basement.studio, Andrés Briganti, Mateo Zaragoza","Basement.studio, Vercel, Andrés Briganti, Guido Ferreyra, Mateo Zaragoza","This Font Software is licensed under the SIL Open Font License, Version 1.1. This license is available with a FAQ at: https://openfontlicense.org",https://openfontlicense.org,MATCH,True,OK,
Comfortaa,staging/google-fonts/ofl/comfortaa/Comfortaa[wght].ttf,0fc3f45dc48b614db9c39181502544b37217ecbf8bee2fb35886992bc96c5bd3,201756,TTF,Comfortaa,Regular,Comfortaa-Regular,400,5,False,True,"[{""default"": 400.0, ""max"": 700.0, ""min"": 300.0, ""name"": ""Weight"", ""tag"": ""wght""}]",874,850,Version 3.105,"Copyright 2011 The Comfortaa Project Authors (https://github.com/alexeiva/comfortaa), with Reserved Font Name ""Comfortaa"".",Johan Aakerlund,Johan Aakerlund,"This Font Software is licensed under the SIL Open Font License, Version 1.1. This license is available with a FAQ at: http://scripts.sil.org/OFL",http://scripts.sil.org/OFL,MATCH,True,OK,
Noto Sans HK,staging/google-fonts/ofl/notosanshk/NotoSansHK[wght].ttf,76098ee78ec234cd4f8c950742b3f766fea2f8b43d5180d901048f4fc86c6849,11905808,TTF,Noto Sans HK,Thin,NotoSansHK-Thin,100,5,False,True,"[{""default"": 100.0, ""max"": 900.0, ""min"": 100.0, ""name"": ""Weight"", ""tag"": ""wght""}]",20940,20755,Version 2.004-H2;hotconv 1.0.118;makeotfexe 2.5.65603,"(c) 2014-2021 Adobe (http://www.adobe.com/), with Reserved Font Name 'Source'.","Ryoko NISHIZUKA 西塚涼子 (kana, bopomofo & ideographs); Paul D. Hunt (Latin, Greek & Cyrillic); Sandoll Communications 산돌커뮤니케이션, Soo-young JANG 장수영 & Joo-yeon KANG 강주연 (hangul elements, letters & syllables)",Adobe,"This Font Software is licensed under the SIL Open Font License, Version 1.1. This license is available with a FAQ at: https://scripts.sil.org/OFL",http://scripts.sil.org/OFL,MATCH,True,OK,
LINE Seed JP,staging/google-fonts/ofl/lineseedjp/LINESeedJP-Bold.ttf,67aec2dc10b3ad210d6f7d53b33bbfea42ea28e32fa3834624eee699a638d5ff,3786144,TTF,LINE Seed JP,Bold,LINESeedJP-Bold,700,5,False,False,[],9225,8341,Version 1.010,© LY Corporation,LY Corporation & Fontrix & Fontworks,,"This Font Software is licensed under the SIL Open Font License, Version 1.1. This license is available with a FAQ at: https://openfontlicense.org",https://openfontlicense.org,MATCH,True,OK,
LINE Seed JP,staging/google-fonts/ofl/lineseedjp/LINESeedJP-ExtraBold.ttf,e310cf97ddae9e9deb15f769fd2f68a2ff24bd0a19953c5191df941cc7952c95,3603732,TTF,LINE Seed JP,ExtraBold,LINESeedJP-ExtraBold,800,5,False,False,[],9225,8341,Version 1.015,© LY Corporation,LY Corporation & Fontrix & Fontworks,,"This Font Software is licensed under the SIL Open Font License, Version 1.1. This license is available with a FAQ at: https://openfontlicense.org",https://openfontlicense.org,MATCH,True,OK,
LINE Seed JP,staging/google-fonts/ofl/lineseedjp/LINESeedJP-Regular.ttf,04a6c0077ddb8ba5af3638bd76b4600708dde7b38df047b40fbe6f3af358d3c3,3673280,TTF,LINE Seed JP,Regular,LINESeedJP-Regular,400,5,False,False,[],9225,8341,Version 1.003,© LY Corporation,LY Corporation & Fontrix & Fontworks,,"This Font Software is licensed under the SIL Open Font License, Version 1.1. This license is available with a FAQ at: https://openfontlicense.org",https://openfontlicense.org,MATCH,True,OK,
LINE Seed JP,staging/google-fonts/ofl/lineseedjp/LINESeedJP-Thin.ttf,e59cfc7cde710b0968e850b5fae4714d719e39d9bb731f7aa8c957f661c6bbec,3747104,TTF,LINE Seed JP,Thin,LINESeedJP-Thin,100,5,False,False,[],9225,8341,Version 1.008,© LY Corporation,LY Corporation & Fontrix & Fontworks,,"This Font Software is licensed under the SIL Open Font License, Version 1.1. This license is available with a FAQ at: https://openfontlicense.org",https://openfontlicense.org,MATCH,True,OK,
Spectral,staging/google-fonts/ofl/spectral/Spectral-Bold.ttf,70ddb1ec6ae3b0b8d0c79231f670de786978f19baeba2130757526e407aebf9b,273220,TTF,Spectral,Bold,Spectral-Bold,700,5,False,False,[],1480,878,Version 2.005; ttfautohint (v1.8.4.7-5d5b),Copyright 2017 The Spectral Project Authors (https://github.com/productiontype/Spectral),Jean-Baptiste Levee,Production Type,"This Font Software is licensed under the SIL Open Font License, Version 1.1. This license is available with a FAQ at: https://openfontlicense.org",https://openfontlicense.org,MATCH,True,OK,
Spectral,staging/google-fonts/ofl/spectral/Spectral-BoldItalic.ttf,709fa4f2da9be216fd52125db2d6caa4f90150f48de1a453c9ecf91117ab49b6,284356,TTF,Spectral,Bold Italic,Spectral-BoldItalic,700,5,True,False,[],1480,878,Version 2.005; ttfautohint (v1.8.4.7-5d5b),Copyright 2017 The Spectral Project Authors (https://github.com/productiontype/Spectral),Jean-Baptiste Levee,Production Type,"This Font Software is licensed under the SIL Open Font License, Version 1.1. This license is available with a FAQ at: https://openfontlicense.org",https://openfontlicense.org,MATCH,True,OK,
Spectral,staging/google-fonts/ofl/spectral/Spectral-ExtraBold.ttf,af3f8513db8d047ebecb1682b5e04dfc12ec7e6b51b71654d4d348f12a5e6b5a,260528,TTF,Spectral,ExtraBold,Spectral-ExtraBold,800,5,False,False,[],1480,878,Version 2.005; ttfautohint (v1.8.4.7-5d5b),Copyright 2017 The Spectral Project Authors (https://github.com/productiontype/Spectral),Jean-Baptiste Levee,Production Type,"This Font Software is licensed under the SIL Open Font License, Version 1.1. This license is available with a FAQ at: https://openfontlicense.org",https://openfontlicense.org,MATCH,True,OK,
Spectral,staging/google-fonts/ofl/spectral/Spectral-ExtraBoldItalic.ttf,680ba360e376759b54f33154a89e3c75842d4cf8faa498a717c3e1a65a93305a,273528,TTF,Spectral,ExtraBold Italic,Spectral-ExtraBoldItalic,800,5,True,False,[],1480,878,Version 2.005; ttfautohint (v1.8.4.7-5d5b),Copyright 2017 The Spectral Project Authors (https://github.com/productiontype/Spectral),Jean-Baptiste Levee,Production Type,"This Font Software is licensed under the SIL Open Font License, Version 1.1. This license is available with a FAQ at: https://openfontlicense.org",https://openfontlicense.org,MATCH,True,OK,
Spectral,staging/google-fonts/ofl/spectral/Spectral-ExtraLight.ttf,5d852db897fd7ad5ce640a6e88f1cd70eac75777c541d02d86749af8d4797ff1,244808,TTF,Spectral,ExtraLight,Spectral-ExtraLight,200,5,False,False,[],1480,878,Version 2.005; ttfautohint (v1.8.4.7-5d5b),Copyright 2017 The Spectral Project Authors (https://github.com/productiontype/Spectral),Jean-Baptiste Levee,Production Type,"This Font Software is licensed under the SIL Open Font License, Version 1.1. This license is available with a FAQ at: https://openfontlicense.org",https://openfontlicense.org,MATCH,True,OK,
Spectral,staging/google-fonts/ofl/spectral/Spectral-ExtraLightItalic.ttf,492e823b5d8d67d2f18fe06938d84e8decee24b1790d4c6ebdade3cbd1b83b44,267536,TTF,Spectral,ExtraLight Italic,Spectral-ExtraLightItalic,200,5,True,False,[],1480,878,Version 2.005; ttfautohint (v1.8.4.7-5d5b),Copyright 2017 The Spectral Project Authors (https://github.com/productiontype/Spectral),Jean-Baptiste Levee,Production Type,"This Font Software is licensed under the SIL Open Font License, Version 1.1. This license is available with a FAQ at: https://openfontlicense.org",https://openfontlicense.org,MATCH,True,OK,
Spectral,staging/google-fonts/ofl/spectral/Spectral-Italic.ttf,7ec97244259db4008c4b1224c7914e5371c797c0044af9d85c2d761ba0e5f787,270468,TTF,Spectral,Italic,Spectral-Italic,400,5,True,False,[],1480,878,Version 2.005; ttfautohint (v1.8.4.7-5d5b),Copyright 2017 The Spectral Project Authors (https://github.com/productiontype/Spectral),Jean-Baptiste Levee,Production Type,"This Font Software is licensed under the SIL Open Font License, Version 1.1. This license is available with a FAQ at: https://openfontlicense.org",https://openfontlicense.org,MATCH,True,OK,
Spectral,staging/google-fonts/ofl/spectral/Spectral-Light.ttf,a2a530303d326473b69ab7863b879e9203ec747e51d5fa7c7b19e0e975e00740,269312,TTF,Spectral,Light,Spectral-Light,300,5,False,False,[],1480,878,Version 2.005; ttfautohint (v1.8.4.7-5d5b),Copyright 2017 The Spectral Project Authors (https://github.com/productiontype/Spectral),Jean-Baptiste Levee,Production Type,"This Font Software is licensed under the SIL Open Font License, Version 1.1. This license is available with a FAQ at: https://openfontlicense.org",https://openfontlicense.org,MATCH,True,OK,
Spectral,staging/google-fonts/ofl/spectral/Spectral-LightItalic.ttf,4cb424aeb1d6b822e9ce6213789afeabd403c6765fc7339e184c27ae4d6a6b01,282836,TTF,Spectral,Light Italic,Spectral-LightItalic,300,5,True,False,[],1480,878,Version 2.005; ttfautohint (v1.8.4.7-5d5b),Copyright 2017 The Spectral Project Authors (https://github.com/productiontype/Spectral),Jean-Baptiste Levee,Production Type,"This Font Software is licensed under the SIL Open Font License, Version 1.1. This license is available with a FAQ at: https://openfontlicense.org",https://openfontlicense.org,MATCH,True,OK,
Spectral,staging/google-fonts/ofl/spectral/Spectral-Medium.ttf,f385bc588599c879112272711d4acecc126674009d747a27284f59e93a240e83,272920,TTF,Spectral,Medium,Spectral-Medium,500,5,False,False,[],1480,878,Version 2.005; ttfautohint (v1.8.4.7-5d5b),Copyright 2017 The Spectral Project Authors (https://github.com/productiontype/Spectral),Jean-Baptiste Levee,Production Type,"This Font Software is licensed under the SIL Open Font License, Version 1.1. This license is available with a FAQ at: https://openfontlicense.org",https://openfontlicense.org,MATCH,True,OK,
Spectral,staging/google-fonts/ofl/spectral/Spectral-MediumItalic.ttf,82388c41e76d6417ce9947418fa2cda1ed99f24d4ff295b2f05572178127663f,284312,TTF,Spectral,Medium Italic,Spectral-MediumItalic,500,5,True,False,[],1480,878,Version 2.005; ttfautohint (v1.8.4.7-5d5b),Copyright 2017 The Spectral Project Authors (https://github.com/productiontype/Spectral),Jean-Baptiste Levee,Production Type,"This Font Software is licensed under the SIL Open Font License, Version 1.1. This license is available with a FAQ at: https://openfontlicense.org",https://openfontlicense.org,MATCH,True,OK,
Spectral,staging/google-fonts/ofl/spectral/Spectral-Regular.ttf,c89021dc20720c8d0dcf40b0b2f6e00c13665fa8041717f581396f51b8c78f5d,261088,TTF,Spectral,Regular,Spectral-Regular,400,5,False,False,[],1480,878,Version 2.005; ttfautohint (v1.8.4.7-5d5b),Copyright 2017 The Spectral Project Authors (https://github.com/productiontype/Spectral),Jean-Baptiste Levee,Production Type,"This Font Software is licensed under the SIL Open Font License, Version 1.1. This license is available with a FAQ at: https://openfontlicense.org",https://openfontlicense.org,MATCH,True,OK,
Spectral,staging/google-fonts/ofl/spectral/Spectral-SemiBold.ttf,5f86915a744832ecf6e4a17ab04bea091b9fa992ef5164ff65ae34c1da2fe94b,273068,TTF,Spectral,SemiBold,Spectral-SemiBold,600,5,False,False,[],1480,878,Version 2.005; ttfautohint (v1.8.4.7-5d5b),Copyright 2017 The Spectral Project Authors (https://github.com/productiontype/Spectral),Jean-Baptiste Levee,Production Type,"This Font Software is licensed under the SIL Open Font License, Version 1.1. This license is available with a FAQ at: https://openfontlicense.org",https://openfontlicense.org,MATCH,True,OK,
Spectral,staging/google-fonts/ofl/spectral/Spectral-SemiBoldItalic.ttf,46ad3a9f93b98dc2dbdeee265e76eb846c5be912aa8f09f42e3692706c6f563b,284032,TTF,Spectral,SemiBold Italic,Spectral-SemiBoldItalic,600,5,True,False,[],1480,878,Version 2.005; ttfautohint (v1.8.4.7-5d5b),Copyright 2017 The Spectral Project Authors (https://github.com/productiontype/Spectral),Jean-Baptiste Levee,Production Type,"This Font Software is licensed under the SIL Open Font License, Version 1.1. This license is available with a FAQ at: https://openfontlicense.org",https://openfontlicense.org,MATCH,True,OK,
Cormorant,staging/google-fonts/ofl/cormorant/Cormorant-Italic[wght].ttf,2c4e1c43fa126b51a84160815b9264af442c6c531d13bfd3c1723703cd489dd2,350096,TTF,Cormorant,Light Italic,Cormorant-LightItalic,300,5,True,True,"[{""default"": 300.0, ""max"": 700.0, ""min"": 300.0, ""name"": ""Weight"", ""tag"": ""wght""}]",1890,977,Version 4.000,Copyright 2015 The Cormorant Project Authors (github.com/CatharsisFonts/Cormorant),Christian Thalmann (Catharsis Fonts),Catharsis Fonts,"This Font Software is licensed under the SIL Open Font License, Version 1.1. This license is available with a FAQ at: http://scripts.sil.org/OFL",https://scripts.sil.org/OFL,MATCH,True,OK,
Cormorant,staging/google-fonts/ofl/cormorant/Cormorant[wght].ttf,8f12cb21f05b61649192eaff13eeeb1b5619bc524feeae672fb916974259a076,572892,TTF,Cormorant,Light,Cormorant-Light,300,5,False,True,"[{""default"": 300.0, ""max"": 700.0, ""min"": 300.0, ""name"": ""Weight"", ""tag"": ""wght""}]",3237,972,Version 4.000,Copyright 2015 The Cormorant Project Authors (github.com/CatharsisFonts/Cormorant),Christian Thalmann (Catharsis Fonts),Catharsis Fonts,"This Font Software is licensed under the SIL Open Font License, Version 1.1. This license is available with a FAQ at: http://scripts.sil.org/OFL",https://scripts.sil.org/OFL,MATCH,True,OK,
IBM Plex Serif,staging/google-fonts/ofl/ibmplexserif/IBMPlexSerif-Bold.ttf,534c02c295999dd86e770457ece1d43db0de9256dd98bf741426f63ae904209e,163800,TTF,IBM Plex Serif,Bold,IBMPlexSerif-Bold,700,5,False,False,[],836,754,Version 2.6,Copyright 2020 IBM Corp. All rights reserved.,"Mike Abbink, Paul van der Laan, Pieter van Rosmalen",Bold Monday,"This Font Software is licensed under the SIL Open Font License, Version 1.1. This license is available with a FAQ at: http://scripts.sil.org/OFL",http://scripts.sil.org/OFL,MATCH,True,OK,
IBM Plex Serif,staging/google-fonts/ofl/ibmplexserif/IBMPlexSerif-BoldItalic.ttf,2a32b76ac19c1942bf5942dbbd2a1566e5f1ae9833e421ebcf36d3522715e153,173032,TTF,IBM Plex Serif,Bold Italic,IBMPlexSerif-BoldItalic,700,5,True,False,[],836,754,Version 2.6,Copyright 2020 IBM Corp. All rights reserved.,"Mike Abbink, Paul van der Laan, Pieter van Rosmalen",Bold Monday,"This Font Software is licensed under the SIL Open Font License, Version 1.1. This license is available with a FAQ at: http://scripts.sil.org/OFL",http://scripts.sil.org/OFL,MATCH,True,OK,
IBM Plex Serif,staging/google-fonts/ofl/ibmplexserif/IBMPlexSerif-ExtraLight.ttf,e70801926e16dd77c41f4a7c1099f6bab7140f489f03fb80856ec678820be60d,163956,TTF,IBM Plex Serif,ExtraLight,IBMPlexSerif-ExtraLight,200,5,False,False,[],836,754,Version 2.6,Copyright 2020 IBM Corp. All rights reserved.,"Mike Abbink, Paul van der Laan, Pieter van Rosmalen",Bold Monday,"This Font Software is licensed under the SIL Open Font License, Version 1.1. This license is available with a FAQ at: http://scripts.sil.org/OFL",http://scripts.sil.org/OFL,MATCH,True,OK,
IBM Plex Serif,staging/google-fonts/ofl/ibmplexserif/IBMPlexSerif-ExtraLightItalic.ttf,f45aca4b4a1402c0c07c4a4665b278eb01aced90b6b719af29e8ae1a2a8bdc43,172260,TTF,IBM Plex Serif,ExtraLight Italic,IBMPlexSerif-ExtraLightItalic,200,5,True,False,[],836,754,Version 2.6,Copyright 2020 IBM Corp. All rights reserved.,"Mike Abbink, Paul van der Laan, Pieter van Rosmalen",Bold Monday,"This Font Software is licensed under the SIL Open Font License, Version 1.1. This license is available with a FAQ at: http://scripts.sil.org/OFL",http://scripts.sil.org/OFL,MATCH,True,OK,
IBM Plex Serif,staging/google-fonts/ofl/ibmplexserif/IBMPlexSerif-Italic.ttf,4b75b38be4673527231f49c48818d090c913d5042dd5c747b525bf6185d29ecb,173004,TTF,IBM Plex Serif,Italic,IBMPlexSerif-Italic,400,5,True,False,[],836,754,Version 2.6,Copyright 2020 IBM Corp. All rights reserved.,"Mike Abbink, Paul van der Laan, Pieter van Rosmalen",Bold Monday,"This Font Software is licensed under the SIL Open Font License, Version 1.1. This license is available with a FAQ at: http://scripts.sil.org/OFL",http://scripts.sil.org/OFL,MATCH,True,OK,
IBM Plex Serif,staging/google-fonts/ofl/ibmplexserif/IBMPlexSerif-Light.ttf,698bad1d5e52004cb1d504249bd704cf0aed03740d7ef22d7a533db2bc020f69,162748,TTF,IBM Plex Serif,Light,IBMPlexSerif-Light,300,5,False,False,[],836,754,Version 2.6,Copyright 2020 IBM Corp. All rights reserved.,"Mike Abbink, Paul van der Laan, Pieter van Rosmalen",Bold Monday,"This Font Software is licensed under the SIL Open Font License, Version 1.1. This license is available with a FAQ at: http://scripts.sil.org/OFL",http://scripts.sil.org/OFL,MATCH,True,OK,
IBM Plex Serif,staging/google-fonts/ofl/ibmplexserif/IBMPlexSerif-LightItalic.ttf,f4e4364e8fb60d9a0a4ed41e5bbe757672b042cdf2a963215035951782de8060,171364,TTF,IBM Plex Serif,Light Italic,IBMPlexSerif-LightItalic,300,5,True,False,[],836,754,Version 2.6,Copyright 2020 IBM Corp. All rights reserved.,"Mike Abbink, Paul van der Laan, Pieter van Rosmalen",Bold Monday,"This Font Software is licensed under the SIL Open Font License, Version 1.1. This license is available with a FAQ at: http://scripts.sil.org/OFL",http://scripts.sil.org/OFL,MATCH,True,OK,
IBM Plex Serif,staging/google-fonts/ofl/ibmplexserif/IBMPlexSerif-Medium.ttf,32925e73e5b4a441df9d23e847f2b8c4046c1fc3db094e90bad8883157811509,164104,TTF,IBM Plex Serif,Medium,IBMPlexSerif-Medium,500,5,False,False,[],836,754,Version 2.6,Copyright 2020 IBM Corp. All rights reserved.,"Mike Abbink, Paul van der Laan, Pieter van Rosmalen",Bold Monday,"This Font Software is licensed under the SIL Open Font License, Version 1.1. This license is available with a FAQ at: http://scripts.sil.org/OFL",http://scripts.sil.org/OFL,MATCH,True,OK,
IBM Plex Serif,staging/google-fonts/ofl/ibmplexserif/IBMPlexSerif-MediumItalic.ttf,a3b5c5b291db0b88abf833bd02864adcaa4ba994d9f7d9b790f552e2fd0cbabd,173212,TTF,IBM Plex Serif,Medium Italic,IBMPlexSerif-MediumItalic,500,5,True,False,[],836,754,Version 2.6,Copyright 2020 IBM Corp. All rights reserved.,"Mike Abbink, Paul van der Laan, Pieter van Rosmalen",Bold Monday,"This Font Software is licensed under the SIL Open Font License, Version 1.1. This license is available with a FAQ at: http://scripts.sil.org/OFL",http://scripts.sil.org/OFL,MATCH,True,OK,
IBM Plex Serif,staging/google-fonts/ofl/ibmplexserif/IBMPlexSerif-Regular.ttf,e882efa9c41949a528ac2369079ec5ef050c1c996bbd0bacce3c3326d44cf80d,163068,TTF,IBM Plex Serif,Regular,IBMPlexSerif-Regular,400,5,False,False,[],836,754,Version 2.6,Copyright 2020 IBM Corp. All rights reserved.,"Mike Abbink, Paul van der Laan, Pieter van Rosmalen",Bold Monday,"This Font Software is licensed under the SIL Open Font License, Version 1.1. This license is available with a FAQ at: http://scripts.sil.org/OFL",http://scripts.sil.org/OFL,MATCH,True,OK,
IBM Plex Serif,staging/google-fonts/ofl/ibmplexserif/IBMPlexSerif-SemiBold.ttf,27ce4d105591b48f666b228e1e399838a704594efea22b730000951bea700a60,164528,TTF,IBM Plex Serif,SemiBold,IBMPlexSerif-SemiBold,600,5,False,False,[],836,754,Version 2.6,Copyright 2020 IBM Corp. All rights reserved.,"Mike Abbink, Paul van der Laan, Pieter van Rosmalen",Bold Monday,"This Font Software is licensed under the SIL Open Font License, Version 1.1. This license is available with a FAQ at: http://scripts.sil.org/OFL",http://scripts.sil.org/OFL,MATCH,True,OK,
IBM Plex Serif,staging/google-fonts/ofl/ibmplexserif/IBMPlexSerif-SemiBoldItalic.ttf,15f4e3974b83b2459a6a1b252caa356a9a11316deeba45adbc89b46fb4aab820,173748,TTF,IBM Plex Serif,SemiBold Italic,IBMPlexSerif-SemiBoldItalic,600,5,True,False,[],836,754,Version 2.6,Copyright 2020 IBM Corp. All rights reserved.,"Mike Abbink, Paul van der Laan, Pieter van Rosmalen",Bold Monday,"This Font Software is licensed under the SIL Open Font License, Version 1.1. This license is available with a FAQ at: http://scripts.sil.org/OFL",http://scripts.sil.org/OFL,MATCH,True,OK,
IBM Plex Serif,staging/google-fonts/ofl/ibmplexserif/IBMPlexSerif-Thin.ttf,1b4df73116dad2432f2d13337ae347fff71a03b8c1ba2b3e1c06cc98aadba72b,161232,TTF,IBM Plex Serif,Thin,IBMPlexSerif-Thin,100,5,False,False,[],836,754,Version 2.6,Copyright 2020 IBM Corp. All rights reserved.,"Mike Abbink, Paul van der Laan, Pieter van Rosmalen",Bold Monday,"This Font Software is licensed under the SIL Open Font License, Version 1.1. This license is available with a FAQ at: http://scripts.sil.org/OFL",http://scripts.sil.org/OFL,MATCH,True,OK,
IBM Plex Serif,staging/google-fonts/ofl/ibmplexserif/IBMPlexSerif-ThinItalic.ttf,772397765d3842e375712a277609783dc1c753653157de3c807c5390d6a1513d,168660,TTF,IBM Plex Serif,Thin Italic,IBMPlexSerif-ThinItalic,100,5,True,False,[],836,754,Version 2.6,Copyright 2020 IBM Corp. All rights reserved.,"Mike Abbink, Paul van der Laan, Pieter van Rosmalen",Bold Monday,"This Font Software is licensed under the SIL Open Font License, Version 1.1. This license is available with a FAQ at: http://scripts.sil.org/OFL",http://scripts.sil.org/OFL,MATCH,True,OK,
Nanum Myeongjo,staging/google-fonts/ofl/nanummyeongjo/NanumMyeongjo-Bold.ttf,bc9ed8e60d93fe6db054b8fb988481b625f2eef8cb2317ad0e9834681b8fe3f3,3074720,TTF,NanumMyeongjo,Bold,NanumMyeongjoBold,700,5,False,False,[],14695,11882,Version 2.032;PS 1;hotconv 1.0.56;makeotf.lib2.0.21325,Copyright © 2010 NHN Corporation. All rights reserved. Font designed by FONTRIX.,"Yong-rak, Park; Ji-hee, Yoon",NHN Corporation,NHN Corporation,http://www.nhncorp.com,UNRECOGNIZED,False,OK,
Nanum Myeongjo,staging/google-fonts/ofl/nanummyeongjo/NanumMyeongjo-ExtraBold.ttf,60c0077fce069ba90ae97c0a3679f6eb3712e0ca637bdd0c15b72d335ec46db7,3180888,TTF,NanumMyeongjo,ExtraBold,NanumMyeongjoExtraBold,800,5,False,False,[],14697,11884,Version 2.032;PS 1;hotconv 1.0.56;makeotf.lib2.0.21325,Copyright © 2010 NHN Corporation. All rights reserved. Font designed by FONTRIX.,"Yong-rak, Park; Ji-hee, Yoon",NHN Corporation,NHN Corporation,http://www.nhncorp.com,UNRECOGNIZED,False,OK,
Nanum Myeongjo,staging/google-fonts/ofl/nanummyeongjo/NanumMyeongjo-Regular.ttf,7ed9e8653a8ed04285d51dc343ffea6eb3d9c73afc27383ea8929ee4ffd03205,3058408,TTF,NanumMyeongjo,Regular,NanumMyeongjo,400,5,False,False,[],14695,11882,Version 2.032;PS 1;hotconv 1.0.56;makeotf.lib2.0.21325,Copyright © 2010 NHN Corporation. All rights reserved. Font designed by FONTRIX.,"Yong-rak, Park; Ji-hee, Yoon",NHN Corporation,NHN Corporation,http://www.nhncorp.com,UNRECOGNIZED,False,OK,
Vollkorn,staging/google-fonts/ofl/vollkorn/Vollkorn-Italic[wght].ttf,cd947ae49b5d46e812d8d09434fbe8ec452286cd5557ef6a762a3562e2c8d300,441264,TTF,Vollkorn,Italic,Vollkorn-Italic,400,5,True,True,"[{""default"": 400.0, ""max"": 900.0, ""min"": 400.0, ""name"": ""Weight"", ""tag"": ""wght""}]",1835,1242,Version 5.001,Copyright 2018 The Vollkorn Project Authors (https://github.com/FAlthausen/Vollkorn-Typeface),Friedrich Althausen,Friedrich Althausen,"This Font Software is licensed under the SIL Open Font License, Version 1.1. This license is available with a FAQ at: http://scripts.sil.org/OFL",http://scripts.sil.org/OFL,MATCH,True,OK,
Vollkorn,staging/google-fonts/ofl/vollkorn/Vollkorn[wght].ttf,4ebef434f76f80286204840354a84db79a0dc3c87deeeb791e015b70b2ade49d,577864,TTF,Vollkorn,Regular,Vollkorn-Regular,400,5,False,True,"[{""default"": 400.0, ""max"": 900.0, ""min"": 400.0, ""name"": ""Weight"", ""tag"": ""wght""}]",2303,1242,Version 5.001,Copyright 2018 The Vollkorn Project Authors (https://github.com/FAlthausen/Vollkorn-Typeface),Friedrich Althausen,Friedrich Althausen,"This Font Software is licensed under the SIL Open Font License, Version 1.1. This license is available with a FAQ at: http://scripts.sil.org/OFL",http://scripts.sil.org/OFL,MATCH,True,OK,
Newsreader,"staging/google-fonts/ofl/newsreader/Newsreader-Italic[opsz,wght].ttf",796668611f80b64d5adf182fde3b6f29ed83b4e7cbec7b96937e84ac01364792,495684,TTF,Newsreader,Italic,Newsreader16pt-Italic,400,5,True,True,"[{""default"": 400.0, ""max"": 800.0, ""min"": 200.0, ""name"": ""Weight"", ""tag"": ""wght""}, {""default"": 18.0, ""max"": 72.0, ""min"": 6.0, ""name"": ""Optical Size"", ""tag"": ""opsz""}]",658,564,Version 1.003,Copyright 2020 The Newsreader Project Authors (http://github.com/productiontype/Newsreader),Hugues Gentile,Production Type,"This Font Software is licensed under the SIL Open Font License, Version 1.1. This license is available with a FAQ at: http://scripts.sil.org/OFL",http://scripts.sil.org/OFL,MATCH,True,OK,
Newsreader,"staging/google-fonts/ofl/newsreader/Newsreader[opsz,wght].ttf",8a08d13f8a6c0d51be379a60af84f945f65369a67e509ee3c3bdcc421254d7c1,451664,TTF,Newsreader,Regular,Newsreader16pt-Regular,400,5,False,True,"[{""default"": 400.0, ""max"": 800.0, ""min"": 200.0, ""name"": ""Weight"", ""tag"": ""wght""}, {""default"": 18.0, ""max"": 72.0, ""min"": 6.0, ""name"": ""Optical Size"", ""tag"": ""opsz""}]",658,564,Version 1.003,Copyright 2020 The Newsreader Project Authors (http://github.com/productiontype/Newsreader),Hugues Gentile,Production Type,"This Font Software is licensed under the SIL Open Font License, Version 1.1. This license is available with a FAQ at: http://scripts.sil.org/OFL",http://scripts.sil.org/OFL,MATCH,True,OK,
Roboto Serif,"staging/google-fonts/ofl/robotoserif/RobotoSerif-Italic[GRAD,opsz,wdth,wght].ttf",695ffbe6bfd0893a8de90b1ea13632e7e838bc7427b818584e1daf82b36b99de,4680368,TTF,Roboto Serif,20pt Italic,RobotoSerif-20ptItalic,400,5,True,True,"[{""default"": 100.0, ""max"": 150.0, ""min"": 50.0, ""name"": ""Width"", ""tag"": ""wdth""}, {""default"": 20.0, ""max"": 144.0, ""min"": 8.0, ""name"": ""Optical Size"", ""tag"": ""opsz""}, {""default"": 400.0, ""max"": 900.0, ""min"": 100.0, ""name"": ""Weight"", ""tag"": ""wght""}, {""default"": 0.0, ""max"": 100.0, ""min"": -50.0, ""name"": ""Grade"", ""tag"": ""GRAD""}]",1243,919,Version 1.008,Copyright 2020 The Roboto Serif Project Authors (https://github.com/googlefonts/RobotoSerif),Greg Gazdowicz,Commercial Type,"This Font Software is licensed under the SIL Open Font License, Version 1.1. This license is available with a FAQ at: https://scripts.sil.org/OFL",http://scripts.sil.org/OFL,MATCH,True,OK,
Roboto Serif,"staging/google-fonts/ofl/robotoserif/RobotoSerif[GRAD,opsz,wdth,wght].ttf",351ced75f3851806aa6d846b669361521eb1925cfc530396df9c1a1b77061ddb,3944924,TTF,Roboto Serif,20pt Regular,RobotoSerif-20ptRegular,400,5,False,True,"[{""default"": 100.0, ""max"": 150.0, ""min"": 50.0, ""name"": ""Width"", ""tag"": ""wdth""}, {""default"": 20.0, ""max"": 144.0, ""min"": 8.0, ""name"": ""Optical Size"", ""tag"": ""opsz""}, {""default"": 400.0, ""max"": 900.0, ""min"": 100.0, ""name"": ""Weight"", ""tag"": ""wght""}, {""default"": 0.0, ""max"": 100.0, ""min"": -50.0, ""name"": ""Grade"", ""tag"": ""GRAD""}]",1264,919,Version 1.008,Copyright 2020 The Roboto Serif Project Authors (https://github.com/googlefonts/RobotoSerif),Greg Gazdowicz,Commercial Type,"This Font Software is licensed under the SIL Open Font License, Version 1.1. This license is available with a FAQ at: https://scripts.sil.org/OFL",http://scripts.sil.org/OFL,MATCH,True,OK,
Shippori Mincho,staging/google-fonts/ofl/shipporimincho/ShipporiMincho-Bold.ttf,63bc4eddc74793f671c3ab827c5175e773ffbe569d0bf50ee65375ea9e3bc286,8563788,TTF,Shippori Mincho,Bold,ShipporiMincho-Bold,700,5,False,False,[],16359,15363,Version 3.110; ttfautohint (v1.8.3),Copyright 2021 The Shippori Mincho Project Authors (https://github.com/fontdasu/ShipporiMincho),FONTDASU,FONTDASU / Google Inc. / but / Adobe,"This Font Software is licensed under the SIL Open Font License, Version 1.1. This license is available with a FAQ at: https://scripts.sil.org/OFL",https://scripts.sil.org/OFL,MATCH,True,OK,
Shippori Mincho,staging/google-fonts/ofl/shipporimincho/ShipporiMincho-ExtraBold.ttf,bdb787644b4b347e9a7efdd576f0d16ee4528cc9b5c86d23e06fa1a14ae0444c,8563208,TTF,Shippori Mincho,ExtraBold,ShipporiMincho-ExtraBold,800,5,False,False,[],16359,15363,Version 3.110; ttfautohint (v1.8.3),Copyright 2021 The Shippori Mincho Project Authors (https://github.com/fontdasu/ShipporiMincho),FONTDASU,FONTDASU / Google Inc. / but / Adobe,"This Font Software is licensed under the SIL Open Font License, Version 1.1. This license is available with a FAQ at: https://scripts.sil.org/OFL",https://scripts.sil.org/OFL,MATCH,True,OK,
Shippori Mincho,staging/google-fonts/ofl/shipporimincho/ShipporiMincho-Medium.ttf,700e505afc4cded2338eba29478a041e04c1c2ea5114fbb3e0b04e76c302c5d8,8678848,TTF,Shippori Mincho,Medium,ShipporiMincho-Medium,500,5,False,False,[],16359,15363,Version 3.110; ttfautohint (v1.8.3),Copyright 2021 The Shippori Mincho Project Authors (https://github.com/fontdasu/ShipporiMincho),FONTDASU,FONTDASU / Google Inc. / but / Adobe,"This Font Software is licensed under the SIL Open Font License, Version 1.1. This license is available with a FAQ at: https://scripts.sil.org/OFL",https://scripts.sil.org/OFL,MATCH,True,OK,
Shippori Mincho,staging/google-fonts/ofl/shipporimincho/ShipporiMincho-Regular.ttf,769b5269f0f9bc6534b352c0e6bd856a566e03ff788f107191c2d835863570b2,8677284,TTF,Shippori Mincho,Regular,ShipporiMincho-Regular,400,5,False,False,[],16359,15363,Version 3.110; ttfautohint (v1.8.3),Copyright 2021 The Shippori Mincho Project Authors (https://github.com/fontdasu/ShipporiMincho),FONTDASU,FONTDASU / Google Inc. / but / Adobe,"This Font Software is licensed under the SIL Open Font License, Version 1.1. This license is available with a FAQ at: https://scripts.sil.org/OFL",https://scripts.sil.org/OFL,MATCH,True,OK,
Shippori Mincho,staging/google-fonts/ofl/shipporimincho/ShipporiMincho-SemiBold.ttf,bc7925544894a91466449adb73c6d943f50c3e53eb1c74d0673fe2dbafcd4d2d,8650032,TTF,Shippori Mincho,SemiBold,ShipporiMincho-SemiBold,600,5,False,False,[],16359,15363,Version 3.110; ttfautohint (v1.8.3),Copyright 2021 The Shippori Mincho Project Authors (https://github.com/fontdasu/ShipporiMincho),FONTDASU,FONTDASU / Google Inc. / but / Adobe,"This Font Software is licensed under the SIL Open Font License, Version 1.1. This license is available with a FAQ at: https://scripts.sil.org/OFL",https://scripts.sil.org/OFL,MATCH,True,OK,
Bodoni Moda,"staging/google-fonts/ofl/bodonimoda/BodoniModa-Italic[opsz,wght].ttf",dfff1619f8f6871c6372f8855b67211f9a73b4e93d45aca868cd8f46a48622de,176300,TTF,Bodoni Moda,Italic,BodoniModa-Italic,400,5,True,True,"[{""default"": 400.0, ""max"": 900.0, ""min"": 400.0, ""name"": ""Weight"", ""tag"": ""wght""}, {""default"": 11.0, ""max"": 96.0, ""min"": 6.0, ""name"": ""Optical size"", ""tag"": ""opsz""}]",563,428,Version 2.005,Copyright 2020 The Bodoni Moda Project Authors (https://github.com/indestructible-type/Bodoni),Owen Earl,indestructible type,"This Font Software is licensed under the SIL Open Font License, Version 1.1. This license is available with a FAQ at: https://scripts.sil.org/OFL",https://scripts.sil.org/OFL,MATCH,True,OK,
Bodoni Moda,"staging/google-fonts/ofl/bodonimoda/BodoniModa[opsz,wght].ttf",550f5e34ee0a828d7941b1fe9bc58b34e5260d3f33a61532e6d0a0114e79a5cf,162104,TTF,Bodoni Moda,Regular,BodoniModa-Regular,400,5,False,True,"[{""default"": 400.0, ""max"": 900.0, ""min"": 400.0, ""name"": ""Weight"", ""tag"": ""wght""}, {""default"": 11.0, ""max"": 96.0, ""min"": 6.0, ""name"": ""Optical size"", ""tag"": ""opsz""}]",563,428,Version 2.005,Copyright 2020 The Bodoni Moda Project Authors (https://github.com/indestructible-type/Bodoni),Owen Earl,indestructible type,"This Font Software is licensed under the SIL Open Font License, Version 1.1. This license is available with a FAQ at: https://scripts.sil.org/OFL",https://scripts.sil.org/OFL,MATCH,True,OK,
PT Serif,staging/google-fonts/ofl/ptserif/PT_Serif-Web-Bold.ttf,038ba7336bd7ea14f12ad155bed51a4345cac5153275d521dec3ba04021c526e,339996,TTF,PT Serif,Bold,PTSerif-Bold,700,5,False,False,[],719,723,Version 1.000W OFL,Copyright © 2010 ParaType Ltd. All rights reserved.,"A.Korolkova, O.Umpeleva, V.Yefimov",ParaType Ltd,"Copyright (c) 2010, ParaType Ltd. (http://www.paratype.com/public), with Reserved Font Names ""PT Sans"", ""PT Serif"" and ""ParaType"".

This Font Software is licensed under the Open Font License, Version 1.1 This license is copied below, and is also available with a FAQ at: http://scripts.sil.org/OFL

-----------------------------------------------------------
SIL OPEN FONT LICENSE Version 1.1 - 26 February 2007
-----------------------------------------------------------

PREAMBLE
The goals of the Open Font License (OFL) are to stimulate worldwide development of collaborative font projects, to support the font creation efforts of academic and linguistic communities, and to provide a free and open framework in which fonts may be shared and improved in partnership with others.

The OFL allows the licensed fonts to be used, studied, modified and redistributed freely as long as they are not sold by themselves. The fonts, including any derivative works, can be bundled, embedded, redistributed and/or sold with any software provided that any reserved names are not used by derivative works. The fonts and derivatives, however, cannot be released under any other type of license. The requirement for fonts to remain under this license does not apply to any document created using the fonts or their derivatives.

DEFINITIONS
""Font Software"" refers to the set of files released by the Copyright Holder(s) under this license and clearly marked as such. This may include source files, build scripts and documentation.

""Reserved Font Name"" refers to any names specified as such after the copyright statement(s).

""Original Version"" refers to the collection of Font Software components as distributed by the Copyright Holder(s).

""Modified Version"" refers to any derivative made by adding to, deleting, or substituting -- in part or in whole -- any of the components of the Original Version, by changing formats or by porting the Font Software to a new environment.

""Author"" refers to any designer, engineer, programmer, technical writer or other person who contributed to the Font Software.

PERMISSION & CONDITIONS
Permission is hereby granted, free of charge, to any person obtaining a copy of the Font Software, to use, study, copy, merge, embed, modify, redistribute, and sell modified and unmodified copies of the Font Software, subject to the following conditions:

1) Neither the Font Software nor any of its individual components, in Original or Modified Versions, may be sold by itself.

2) Original or Modified Versions of the Font Software may be bundled, redistributed and/or sold with any software, provided that each copy contains the above copyright notice and this license. These can be included either as stand-alone text files, human-readable headers or in the appropriate machine-readable metadata fields within text or binary files as long as those fields can be easily viewed by the user.

3) No Modified Version of the Font Software may use the Reserved Font Name(s) unless explicit written permission is granted by the corresponding Copyright Holder. This restriction only applies to the primary font name as presented to the users.

4) The name(s) of the Copyright Holder(s) or the Author(s) of the Font Software shall not be used to promote, endorse or advertise any Modified Version, except to acknowledge the contribution(s) of the Copyright Holder(s) and the Author(s) or with their explicit written
permission.

5) The Font Software, modified or unmodified, in part or in whole, must be distributed entirely under this license, and must not be distributed under any other license. The requirement for fonts to remain under this license does not apply to any document created using the Font Software.

TERMINATION
This license becomes null and void if any of the above conditions are not met.

DISCLAIMER
THE FONT SOFTWARE IS PROVIDED ""AS IS"", WITHOUT WARRANTY OF ANY KIND, EXPRESS OR IMPLIED, INCLUDING BUT NOT LIMITED TO ANY WARRANTIES OF MERCHANTABILITY, FITNESS FOR A PARTICULAR PURPOSE AND NONINFRINGEMENT OF COPYRIGHT, PATENT, TRADEMARK, OR OTHER RIGHT. IN NO EVENT SHALL THE COPYRIGHT HOLDER BE LIABLE FOR ANY CLAIM, DAMAGES OR OTHER LIABILITY, INCLUDING ANY GENERAL, SPECIAL, INDIRECT, INCIDENTAL, OR CONSEQUENTIAL DAMAGES, WHETHER IN AN ACTION OF CONTRACT, TORT OR OTHERWISE, ARISING FROM, OUT OF THE USE OR INABILITY TO USE THE FONT SOFTWARE OR FROM OTHER DEALINGS IN THE FONT SOFTWARE.
",http://scripts.sil.org/OFL_web,MATCH,True,OK,
PT Serif,staging/google-fonts/ofl/ptserif/PT_Serif-Web-BoldItalic.ttf,f003788ba08981eb0988b3557a6f224a53dab49c20e283e8b74d5af3c466f8be,337580,TTF,PT Serif,Bold Italic,PTSerif-BoldItalic,700,5,True,False,[],719,723,Version 1.000W OFL,Copyright © 2010 ParaType Ltd. All rights reserved.,"A.Korolkova, O.Umpeleva, V.Yefimov",ParaType Ltd,"Copyright (c) 2010, ParaType Ltd. (http://www.paratype.com/public), with Reserved Font Names ""PT Sans"", ""PT Serif"" and ""ParaType"".

This Font Software is licensed under the Open Font License, Version 1.1 This license is copied below, and is also available with a FAQ at: http://scripts.sil.org/OFL

-----------------------------------------------------------
SIL OPEN FONT LICENSE Version 1.1 - 26 February 2007
-----------------------------------------------------------

PREAMBLE
The goals of the Open Font License (OFL) are to stimulate worldwide development of collaborative font projects, to support the font creation efforts of academic and linguistic communities, and to provide a free and open framework in which fonts may be shared and improved in partnership with others.

The OFL allows the licensed fonts to be used, studied, modified and redistributed freely as long as they are not sold by themselves. The fonts, including any derivative works, can be bundled, embedded, redistributed and/or sold with any software provided that any reserved names are not used by derivative works. The fonts and derivatives, however, cannot be released under any other type of license. The requirement for fonts to remain under this license does not apply to any document created using the fonts or their derivatives.

DEFINITIONS
""Font Software"" refers to the set of files released by the Copyright Holder(s) under this license and clearly marked as such. This may include source files, build scripts and documentation.

""Reserved Font Name"" refers to any names specified as such after the copyright statement(s).

""Original Version"" refers to the collection of Font Software components as distributed by the Copyright Holder(s).

""Modified Version"" refers to any derivative made by adding to, deleting, or substituting -- in part or in whole -- any of the components of the Original Version, by changing formats or by porting the Font Software to a new environment.

""Author"" refers to any designer, engineer, programmer, technical writer or other person who contributed to the Font Software.

PERMISSION & CONDITIONS
Permission is hereby granted, free of charge, to any person obtaining a copy of the Font Software, to use, study, copy, merge, embed, modify, redistribute, and sell modified and unmodified copies of the Font Software, subject to the following conditions:

1) Neither the Font Software nor any of its individual components, in Original or Modified Versions, may be sold by itself.

2) Original or Modified Versions of the Font Software may be bundled, redistributed and/or sold with any software, provided that each copy contains the above copyright notice and this license. These can be included either as stand-alone text files, human-readable headers or in the appropriate machine-readable metadata fields within text or binary files as long as those fields can be easily viewed by the user.

3) No Modified Version of the Font Software may use the Reserved Font Name(s) unless explicit written permission is granted by the corresponding Copyright Holder. This restriction only applies to the primary font name as presented to the users.

4) The name(s) of the Copyright Holder(s) or the Author(s) of the Font Software shall not be used to promote, endorse or advertise any Modified Version, except to acknowledge the contribution(s) of the Copyright Holder(s) and the Author(s) or with their explicit written
permission.

5) The Font Software, modified or unmodified, in part or in whole, must be distributed entirely under this license, and must not be distributed under any other license. The requirement for fonts to remain under this license does not apply to any document created using the Font Software.

TERMINATION
This license becomes null and void if any of the above conditions are not met.

DISCLAIMER
THE FONT SOFTWARE IS PROVIDED ""AS IS"", WITHOUT WARRANTY OF ANY KIND, EXPRESS OR IMPLIED, INCLUDING BUT NOT LIMITED TO ANY WARRANTIES OF MERCHANTABILITY, FITNESS FOR A PARTICULAR PURPOSE AND NONINFRINGEMENT OF COPYRIGHT, PATENT, TRADEMARK, OR OTHER RIGHT. IN NO EVENT SHALL THE COPYRIGHT HOLDER BE LIABLE FOR ANY CLAIM, DAMAGES OR OTHER LIABILITY, INCLUDING ANY GENERAL, SPECIAL, INDIRECT, INCIDENTAL, OR CONSEQUENTIAL DAMAGES, WHETHER IN AN ACTION OF CONTRACT, TORT OR OTHERWISE, ARISING FROM, OUT OF THE USE OR INABILITY TO USE THE FONT SOFTWARE OR FROM OTHER DEALINGS IN THE FONT SOFTWARE.
",http://scripts.sil.org/OFL_web,MATCH,True,OK,
PT Serif,staging/google-fonts/ofl/ptserif/PT_Serif-Web-Italic.ttf,f57e95ff9dc85691a3b2e193f2028db36f6663939a46c0fc4f286d618b80b7ce,375356,TTF,PT Serif,Italic,PTSerif-Italic,400,5,True,False,[],719,720,Version 1.000W OFL,Copyright © 2010 ParaType Ltd. All rights reserved.,"A.Korolkova, O.Umpeleva, V.Yefimov",ParaType Ltd,"Copyright (c) 2010, ParaType Ltd. (http://www.paratype.com/public), with Reserved Font Names ""PT Sans"", ""PT Serif"" and ""ParaType"".

This Font Software is licensed under the Open Font License, Version 1.1 This license is copied below, and is also available with a FAQ at: http://scripts.sil.org/OFL

-----------------------------------------------------------
SIL OPEN FONT LICENSE Version 1.1 - 26 February 2007
-----------------------------------------------------------

PREAMBLE
The goals of the Open Font License (OFL) are to stimulate worldwide development of collaborative font projects, to support the font creation efforts of academic and linguistic communities, and to provide a free and open framework in which fonts may be shared and improved in partnership with others.

The OFL allows the licensed fonts to be used, studied, modified and redistributed freely as long as they are not sold by themselves. The fonts, including any derivative works, can be bundled, embedded, redistributed and/or sold with any software provided that any reserved names are not used by derivative works. The fonts and derivatives, however, cannot be released under any other type of license. The requirement for fonts to remain under this license does not apply to any document created using the fonts or their derivatives.

DEFINITIONS
""Font Software"" refers to the set of files released by the Copyright Holder(s) under this license and clearly marked as such. This may include source files, build scripts and documentation.

""Reserved Font Name"" refers to any names specified as such after the copyright statement(s).

""Original Version"" refers to the collection of Font Software components as distributed by the Copyright Holder(s).

""Modified Version"" refers to any derivative made by adding to, deleting, or substituting -- in part or in whole -- any of the components of the Original Version, by changing formats or by porting the Font Software to a new environment.

""Author"" refers to any designer, engineer, programmer, technical writer or other person who contributed to the Font Software.

PERMISSION & CONDITIONS
Permission is hereby granted, free of charge, to any person obtaining a copy of the Font Software, to use, study, copy, merge, embed, modify, redistribute, and sell modified and unmodified copies of the Font Software, subject to the following conditions:

1) Neither the Font Software nor any of its individual components, in Original or Modified Versions, may be sold by itself.

2) Original or Modified Versions of the Font Software may be bundled, redistributed and/or sold with any software, provided that each copy contains the above copyright notice and this license. These can be included either as stand-alone text files, human-readable headers or in the appropriate machine-readable metadata fields within text or binary files as long as those fields can be easily viewed by the user.

3) No Modified Version of the Font Software may use the Reserved Font Name(s) unless explicit written permission is granted by the corresponding Copyright Holder. This restriction only applies to the primary font name as presented to the users.

4) The name(s) of the Copyright Holder(s) or the Author(s) of the Font Software shall not be used to promote, endorse or advertise any Modified Version, except to acknowledge the contribution(s) of the Copyright Holder(s) and the Author(s) or with their explicit written
permission.

5) The Font Software, modified or unmodified, in part or in whole, must be distributed entirely under this license, and must not be distributed under any other license. The requirement for fonts to remain under this license does not apply to any document created using the Font Software.

TERMINATION
This license becomes null and void if any of the above conditions are not met.

DISCLAIMER
THE FONT SOFTWARE IS PROVIDED ""AS IS"", WITHOUT WARRANTY OF ANY KIND, EXPRESS OR IMPLIED, INCLUDING BUT NOT LIMITED TO ANY WARRANTIES OF MERCHANTABILITY, FITNESS FOR A PARTICULAR PURPOSE AND NONINFRINGEMENT OF COPYRIGHT, PATENT, TRADEMARK, OR OTHER RIGHT. IN NO EVENT SHALL THE COPYRIGHT HOLDER BE LIABLE FOR ANY CLAIM, DAMAGES OR OTHER LIABILITY, INCLUDING ANY GENERAL, SPECIAL, INDIRECT, INCIDENTAL, OR CONSEQUENTIAL DAMAGES, WHETHER IN AN ACTION OF CONTRACT, TORT OR OTHERWISE, ARISING FROM, OUT OF THE USE OR INABILITY TO USE THE FONT SOFTWARE OR FROM OTHER DEALINGS IN THE FONT SOFTWARE.
",http://scripts.sil.org/OFL_web,MATCH,True,OK,
PT Serif,staging/google-fonts/ofl/ptserif/PT_Serif-Web-Regular.ttf,a4951fade06ff8f09b7673aa81ffb65a8cd409e24d3289a6dc670bc4dda2557a,359048,TTF,PT Serif,Regular,PTSerif-Regular,400,5,False,False,[],719,717,Version 1.000W OFL,Copyright © 2010 ParaType Ltd. All rights reserved.,"A.Korolkova, O.Umpeleva, V.Yefimov",ParaType Ltd,"Copyright (c) 2010, ParaType Ltd. (http://www.paratype.com/public), with Reserved Font Names ""PT Sans"", ""PT Serif"" and ""ParaType"".

This Font Software is licensed under the Open Font License, Version 1.1 This license is copied below, and is also available with a FAQ at: http://scripts.sil.org/OFL

-----------------------------------------------------------
SIL OPEN FONT LICENSE Version 1.1 - 26 February 2007
-----------------------------------------------------------

PREAMBLE
The goals of the Open Font License (OFL) are to stimulate worldwide development of collaborative font projects, to support the font creation efforts of academic and linguistic communities, and to provide a free and open framework in which fonts may be shared and improved in partnership with others.

The OFL allows the licensed fonts to be used, studied, modified and redistributed freely as long as they are not sold by themselves. The fonts, including any derivative works, can be bundled, embedded, redistributed and/or sold with any software provided that any reserved names are not used by derivative works. The fonts and derivatives, however, cannot be released under any other type of license. The requirement for fonts to remain under this license does not apply to any document created using the fonts or their derivatives.

DEFINITIONS
""Font Software"" refers to the set of files released by the Copyright Holder(s) under this license and clearly marked as such. This may include source files, build scripts and documentation.

""Reserved Font Name"" refers to any names specified as such after the copyright statement(s).

""Original Version"" refers to the collection of Font Software components as distributed by the Copyright Holder(s).

""Modified Version"" refers to any derivative made by adding to, deleting, or substituting -- in part or in whole -- any of the components of the Original Version, by changing formats or by porting the Font Software to a new environment.

""Author"" refers to any designer, engineer, programmer, technical writer or other person who contributed to the Font Software.

PERMISSION & CONDITIONS
Permission is hereby granted, free of charge, to any person obtaining a copy of the Font Software, to use, study, copy, merge, embed, modify, redistribute, and sell modified and unmodified copies of the Font Software, subject to the following conditions:

1) Neither the Font Software nor any of its individual components, in Original or Modified Versions, may be sold by itself.

2) Original or Modified Versions of the Font Software may be bundled, redistributed and/or sold with any software, provided that each copy contains the above copyright notice and this license. These can be included either as stand-alone text files, human-readable headers or in the appropriate machine-readable metadata fields within text or binary files as long as those fields can be easily viewed by the user.

3) No Modified Version of the Font Software may use the Reserved Font Name(s) unless explicit written permission is granted by the corresponding Copyright Holder. This restriction only applies to the primary font name as presented to the users.

4) The name(s) of the Copyright Holder(s) or the Author(s) of the Font Software shall not be used to promote, endorse or advertise any Modified Version, except to acknowledge the contribution(s) of the Copyright Holder(s) and the Author(s) or with their explicit written
permission.

5) The Font Software, modified or unmodified, in part or in whole, must be distributed entirely under this license, and must not be distributed under any other license. The requirement for fonts to remain under this license does not apply to any document created using the Font Software.

TERMINATION
This license becomes null and void if any of the above conditions are not met.

DISCLAIMER
THE FONT SOFTWARE IS PROVIDED ""AS IS"", WITHOUT WARRANTY OF ANY KIND, EXPRESS OR IMPLIED, INCLUDING BUT NOT LIMITED TO ANY WARRANTIES OF MERCHANTABILITY, FITNESS FOR A PARTICULAR PURPOSE AND NONINFRINGEMENT OF COPYRIGHT, PATENT, TRADEMARK, OR OTHER RIGHT. IN NO EVENT SHALL THE COPYRIGHT HOLDER BE LIABLE FOR ANY CLAIM, DAMAGES OR OTHER LIABILITY, INCLUDING ANY GENERAL, SPECIAL, INDIRECT, INCIDENTAL, OR CONSEQUENTIAL DAMAGES, WHETHER IN AN ACTION OF CONTRACT, TORT OR OTHERWISE, ARISING FROM, OUT OF THE USE OR INABILITY TO USE THE FONT SOFTWARE OR FROM OTHER DEALINGS IN THE FONT SOFTWARE.
",http://scripts.sil.org/OFL_web,MATCH,True,OK,
Literata,"staging/google-fonts/ofl/literata/Literata-Italic[opsz,wght].ttf",d483dfaeba9cbf4ce71d32a52ee65df82f7e35b15fff8d1011cdb242d1fcd465,902728,TTF,Literata,Italic,Literata-Italic,400,5,True,True,"[{""default"": 12.0, ""max"": 72.0, ""min"": 7.0, ""name"": ""Optical size"", ""tag"": ""opsz""}, {""default"": 400.0, ""max"": 900.0, ""min"": 200.0, ""name"": ""Weight"", ""tag"": ""wght""}]",1769,1163,Version 3.103;gftools[0.9.29],Copyright 2017 The Literata Project Authors (https://github.com/googlefonts/literata),Latin by Veronika Burian and Jose Scaglione. Greek by Irene Vlachou. Cyrillic by Vera Evstafieva,TypeTogether,"This Font Software is licensed under the SIL Open Font License, Version 1.1. This license is available with a FAQ at: https://scripts.sil.org/OFL",https://scripts.sil.org/OFL,MATCH,True,OK,
Literata,"staging/google-fonts/ofl/literata/Literata[opsz,wght].ttf",b41138c9373112f32abb589cc22e8674b06ed4048b0c513be922bdd26f274440,955132,TTF,Literata,Regular,Literata-Regular,400,5,False,True,"[{""default"": 12.0, ""max"": 72.0, ""min"": 7.0, ""name"": ""Optical size"", ""tag"": ""opsz""}, {""default"": 400.0, ""max"": 900.0, ""min"": 200.0, ""name"": ""Weight"", ""tag"": ""wght""}]",1789,1163,Version 3.103;gftools[0.9.29],Copyright 2017 The Literata Project Authors (https://github.com/googlefonts/literata),Latin by Veronika Burian and Jose Scaglione. Greek by Irene Vlachou. Cyrillic by Vera Evstafieva.,TypeTogether,"This Font Software is licensed under the SIL Open Font License, Version 1.1. This license is available with a FAQ at: https://scripts.sil.org/OFL",https://scripts.sil.org/OFL,MATCH,True,OK,
Dancing Script,staging/google-fonts/ofl/dancingscript/DancingScript[wght].ttf,21808625578fe8d8cd10cb684be546dca077b27cd03a53a2f1ec11dc743c924c,133636,TTF,Dancing Script,Regular,DancingScript-Regular,400,5,False,True,"[{""default"": 400.0, ""max"": 700.0, ""min"": 400.0, ""name"": ""Weight"", ""tag"": ""wght""}]",643,559,Version 2.001,"Copyright 2016 The Dancing Script Project Authors (https://github.com/googlefonts/DancingScript), with Reserved Font Name ""Dancing Script"".",Pablo Impallari,Pablo Impallari,"This Font Software is licensed under the SIL Open Font License, Version 1.1. This license is available with a FAQ at: http://scripts.sil.org/OFL",http://scripts.sil.org/OFL,MATCH,True,OK,
M PLUS U,staging/google-fonts/ofl/mplusu/MPLUSU[wght].ttf,b8a7510c3cf3d1e330018eed21b6b603122d6eb724e9d1d5b9a91ba4013c3019,4207732,TTF,M PLUS U,Thin,MPLUSU-Thin,100,5,False,True,"[{""default"": 100.0, ""max"": 900.0, ""min"": 100.0, ""name"": ""Weight"", ""tag"": ""wght""}]",6969,6613,Version 1.000,Copyright 2025 The M+ FONTS Project Authors (https://github.com/coz-m/MPLUS_FONTS),Coji Morishita,UNDERFOREST DESIGN,"This Font Software is licensed under the SIL Open Font License, Version 1.1. This license is available with a FAQ at: https://openfontlicense.org",https://openfontlicense.org,MATCH,True,OK,
Playfair,"staging/google-fonts/ofl/playfair/Playfair-Italic[opsz,wdth,wght].ttf",ae0d7a72a93804925040c277b4cd7e0607f48bb68dbbce70e3da6b5949f911ca,1783732,TTF,Playfair,5pt SemiExpanded Light Italic,Playfair-5ptSemiExpandedLightItalic,300,6,True,True,"[{""default"": 5.0, ""max"": 1200.0, ""min"": 5.0, ""name"": ""Optical size"", ""tag"": ""opsz""}, {""default"": 112.5, ""max"": 112.5, ""min"": 87.5, ""name"": ""Width"", ""tag"": ""wdth""}, {""default"": 300.0, ""max"": 900.0, ""min"": 300.0, ""name"": ""Weight"", ""tag"": ""wght""}]",2326,1112,Version 2.203,Copyright 2005 The Playfair Project Authors (https://github.com/googlefonts/Playfair),Claus Eggers Sørensen,Claus Eggers Sørensen,"This Font Software is licensed under the SIL Open Font License, Version 1.1. This license is available with a FAQ at: https://openfontlicense.org",https://openfontlicense.org,MATCH,True,OK,
Playfair,"staging/google-fonts/ofl/playfair/Playfair[opsz,wdth,wght].ttf",33cfecbc9948cf9eafe54dc9f36d19a03b393cf12221b20be235926d1ca1db61,1776724,TTF,Playfair,5pt SemiExpanded Light,Playfair-5ptSemiExpandedLight,300,6,False,True,"[{""default"": 5.0, ""max"": 1200.0, ""min"": 5.0, ""name"": ""Optical size"", ""tag"": ""opsz""}, {""default"": 112.5, ""max"": 112.5, ""min"": 87.5, ""name"": ""Width"", ""tag"": ""wdth""}, {""default"": 300.0, ""max"": 900.0, ""min"": 300.0, ""name"": ""Weight"", ""tag"": ""wght""}]",2316,1110,Version 2.203,Copyright 2005 The Playfair Project Authors (https://github.com/clauseggers/Playfair),Claus Eggers Sørensen,Claus Eggers Sørensen,"This Font Software is licensed under the SIL Open Font License, Version 1.1. This license is available with a FAQ at: https://openfontlicense.org",https://openfontlicense.org,MATCH,True,OK,
Zilla Slab,staging/google-fonts/ofl/zillaslab/ZillaSlab-Bold.ttf,4ec3a04a4eef37074b42ef542e4d874e13646668cfe65256e0bf100441cf8719,273044,TTF,Zilla Slab,Bold,ZillaSlab-Bold,700,5,False,False,[],1056,513,Version 1.1; 2017; ttfautohint (v1.6),"Copyright 2017, The Mozilla Foundation",Typotheque.com,Typotheque type foundry,"Licensed under the Open Font License, version 1.1 or later.",http://scripts.sil.org/OFL,MATCH,True,OK,
Zilla Slab,staging/google-fonts/ofl/zillaslab/ZillaSlab-BoldItalic.ttf,7951036c92de71e3c88ea01abe031d5bdaddf4639022a3e1cb92322f2e88d2cf,280236,TTF,Zilla Slab,Bold Italic,ZillaSlab-BoldItalic,700,5,True,False,[],1055,513,Version 1.1; 2017; ttfautohint (v1.6),"Copyright 2017, The Mozilla Foundation",Typotheque.com,Typotheque type foundry,"Licensed under the Open Font License, version 1.1 or later.",http://scripts.sil.org/OFL,MATCH,True,OK,
Zilla Slab,staging/google-fonts/ofl/zillaslab/ZillaSlab-Italic.ttf,ff0cd7a2f0db59d017d51b4ed9003f58bf21ae218ab2a965aa3bc1dd894c152b,277732,TTF,Zilla Slab,Italic,ZillaSlab-Italic,400,5,True,False,[],1056,513,Version 1.1; 2017; ttfautohint (v1.6),"Copyright 2017, The Mozilla Foundation",Typotheque.com,Typotheque type foundry,"Licensed under the Open Font License, version 1.1 or later.",http://scripts.sil.org/OFL,MATCH,True,OK,
Zilla Slab,staging/google-fonts/ofl/zillaslab/ZillaSlab-Light.ttf,4c3dfcd4a5bb71ee28b6c2ec8e8bfec720f619bc00e12a13a88f0f233af7f851,265056,TTF,Zilla Slab,Light,ZillaSlab-Light,300,5,False,False,[],1056,515,Version 1.1; 2017; ttfautohint (v1.6),"Copyright 2017, The Mozilla Foundation",Typotheque.com,Typotheque type foundry,,,MISSING,False,OK,
Zilla Slab,staging/google-fonts/ofl/zillaslab/ZillaSlab-LightItalic.ttf,899c8f381f7b82a78fd5ac458405b6c212ad25bc11447f235aa097f3faf34b9e,270260,TTF,Zilla Slab,Light Italic,ZillaSlab-LightItalic,300,5,True,False,[],1055,513,Version 1.1; 2017; ttfautohint (v1.6),"Copyright 2017, The Mozilla Foundation",Typotheque.com,Typotheque type foundry,"Licensed under the Open Font License, version 1.1 or later.",http://scripts.sil.org/OFL,MATCH,True,OK,
Zilla Slab,staging/google-fonts/ofl/zillaslab/ZillaSlab-Medium.ttf,d344b0f60cd5fb2d34c4168d2811ba684163e5665e20cccbcfb6ac822d84a500,268184,TTF,Zilla Slab,Medium,ZillaSlab-Medium,500,5,False,False,[],1056,513,Version 1.1; 2017; ttfautohint (v1.6),"Copyright 2017, The Mozilla Foundation",Typotheque.com,Typotheque type foundry,"Licensed under the Open Font License, version 1.1 or later.",http://scripts.sil.org/OFL,MATCH,True,OK,
Zilla Slab,staging/google-fonts/ofl/zillaslab/ZillaSlab-MediumItalic.ttf,de6be2985329891035a3b3863a325a82a918a2018650c3b43fa5c4ae14815f58,276812,TTF,Zilla Slab,Medium Italic,ZillaSlab-MediumItalic,500,5,True,False,[],1055,513,Version 1.1; 2017; ttfautohint (v1.6),"Copyright 2017, The Mozilla Foundation",Typotheque.com,Typotheque type foundry,"Licensed under the Open Font License, version 1.1 or later.",http://scripts.sil.org/OFL,MATCH,True,OK,
Zilla Slab,staging/google-fonts/ofl/zillaslab/ZillaSlab-Regular.ttf,41a4626844da9216b031308d4423045c765fe4231d99862d85d7d74509d37703,270104,TTF,Zilla Slab,Regular,ZillaSlab-Regular,400,5,False,False,[],1056,513,Version 1.1; 2017; ttfautohint (v1.6),"Copyright 2017, The Mozilla Foundation",Typotheque.com,Typotheque type foundry,"Licensed under the Open Font License, version 1.1 or later.",http://scripts.sil.org/OFL,MATCH,True,OK,
Zilla Slab,staging/google-fonts/ofl/zillaslab/ZillaSlab-SemiBold.ttf,aafcb295b88d520357db1ecf9a1c3167055e87e9ddf5f63e560cbd139ec2805e,270088,TTF,Zilla Slab,SemiBold,ZillaSlab-SemiBold,600,5,False,False,[],1056,513,Version 1.1; 2017; ttfautohint (v1.6),"Copyright 2017, The Mozilla Foundation",Typotheque.com,Typotheque type foundry,"Licensed under the Open Font License, version 1.1 or later.",http://scripts.sil.org/OFL,MATCH,True,OK,
Zilla Slab,staging/google-fonts/ofl/zillaslab/ZillaSlab-SemiBoldItalic.ttf,23815b73da57186d64adc71cdab4cd2bbd9be21f71efdce60d9676638f070e2f,277604,TTF,Zilla Slab,SemiBold Italic,ZillaSlab-SemiBoldItalic,600,5,True,False,[],1056,513,Version 1.1; 2017; ttfautohint (v1.6),"Copyright 2017, The Mozilla Foundation",Typotheque.com,Typotheque type foundry,"Licensed under the Open Font License, version 1.1 or later.",http://scripts.sil.org/OFL,MATCH,True,OK,
Zen Old Mincho,staging/google-fonts/ofl/zenoldmincho/ZenOldMincho-Black.ttf,84a80d8bca79d7d9478935045b216ed003ad40fdea5fd9116d524eb26e872cdc,5416348,TTF,Zen Old Mincho,Black,ZenOldMincho-Black,900,5,False,False,[],7866,7815,Version 1.500,Copyright 2021 The Zen Old Mincho Project Authors (https://github.com/googlefonts/zen-oldmincho),Yoshimichi Ohira,Positype,"This Font Software is licensed under the SIL Open Font License, Version 1.1. This license is available with a FAQ at: https://scripts.sil.org/OFL",https://scripts.sil.org/OFL,MATCH,True,OK,
Zen Old Mincho,staging/google-fonts/ofl/zenoldmincho/ZenOldMincho-Bold.ttf,d6b95c1ff45c8dac153d28961e4c37d7d03b648330c71f884d124dc652a13c0d,5436460,TTF,Zen Old Mincho,Bold,ZenOldMincho-Bold,700,5,False,False,[],7866,7815,Version 1.500,Copyright 2021 The Zen Old Mincho Project Authors (https://github.com/googlefonts/zen-oldmincho),Yoshimichi Ohira,Positype,"This Font Software is licensed under the SIL Open Font License, Version 1.1. This license is available with a FAQ at: https://scripts.sil.org/OFL",https://scripts.sil.org/OFL,MATCH,True,OK,
Zen Old Mincho,staging/google-fonts/ofl/zenoldmincho/ZenOldMincho-Medium.ttf,e60c7961e5110d0f08f902de43fe60865f1538845ff2092c779837257efac3bf,5502836,TTF,Zen Old Mincho,Medium,ZenOldMincho-Medium,500,5,False,False,[],7866,7815,Version 1.500,Copyright 2021 The Zen Old Mincho Project Authors (https://github.com/googlefonts/zen-oldmincho),Yoshimichi Ohira,Positype,"This Font Software is licensed under the SIL Open Font License, Version 1.1. This license is available with a FAQ at: https://scripts.sil.org/OFL",https://scripts.sil.org/OFL,MATCH,True,OK,
Zen Old Mincho,staging/google-fonts/ofl/zenoldmincho/ZenOldMincho-Regular.ttf,4c051a78a21c4e8e9dccf1c754776d33f356b8cc6ef95d9b64761b9bae814b84,5442512,TTF,Zen Old Mincho,Regular,ZenOldMincho-Regular,400,5,False,False,[],7866,7815,Version 1.500,Copyright 2021 The Zen Old Mincho Project Authors (https://github.com/googlefonts/zen-oldmincho),Yoshimichi Ohira,Positype,"This Font Software is licensed under the SIL Open Font License, Version 1.1. This license is available with a FAQ at: https://scripts.sil.org/OFL",https://scripts.sil.org/OFL,MATCH,True,OK,
Zen Old Mincho,staging/google-fonts/ofl/zenoldmincho/ZenOldMincho-SemiBold.ttf,d98b9783652081f7f9e662b0568bddeaf6462962dd39edf68781268eb60ea3a0,5521388,TTF,Zen Old Mincho,SemiBold,ZenOldMincho-SemiBold,600,5,False,False,[],7866,7815,Version 1.500,Copyright 2021 The Zen Old Mincho Project Authors (https://github.com/googlefonts/zen-oldmincho),Yoshimichi Ohira,Positype,"This Font Software is licensed under the SIL Open Font License, Version 1.1. This license is available with a FAQ at: https://scripts.sil.org/OFL",https://scripts.sil.org/OFL,MATCH,True,OK,
Caveat,staging/google-fonts/ofl/caveat/Caveat[wght].ttf,0bdb6b660482d31531b3945849fba5916b3ef8695da7024a9e6b9ee3c4157988,403648,TTF,Caveat,Regular,Caveat-Regular,400,5,False,True,"[{""default"": 400.0, ""max"": 700.0, ""min"": 400.0, ""name"": ""Weight"", ""tag"": ""wght""}]",1034,753,Version 2.000,Copyright 2014 The Caveat Project Authors (https://github.com/googlefonts/caveat),Pablo Impallari,Pablo Impallari,"This Font Software is licensed under the SIL Open Font License, Version 1.1. This license is available with a FAQ at: http://scripts.sil.org/OFL",http://scripts.sil.org/OFL,MATCH,True,OK,
M PLUS 1,staging/google-fonts/ofl/mplus1/MPLUS1[wght].ttf,32dab296a06c3e87841ecd2bc9912434a964ad541e22ea19f764969dae93fced,4196856,TTF,M PLUS 1,Thin,MPLUS1-Thin,100,5,False,True,"[{""default"": 100.0, ""max"": 900.0, ""min"": 100.0, ""name"": ""Weight"", ""tag"": ""wght""}]",6966,6613,Version 1.100,Copyright 2021 The M+ FONTS Project Authors (https://github.com/coz-m/MPLUS_FONTS),Coji Morishita,UNDERFOREST DESIGN,"This Font Software is licensed under the SIL Open Font License, Version 1.1. This license is available with a FAQ at: https://openfontlicense.org",https://openfontlicense.org,MATCH,True,OK,
Black Ops One,staging/google-fonts/ofl/blackopsone/BlackOpsOne-Regular.ttf,282a825b5f294377387e3969f765408157dbea8da0f5d0aae68c6bc704b145b3,166532,TTF,Black Ops One,Regular,BlackOpsOne-Regular,400,5,False,False,[],760,693,Version 1.004; ttfautohint (v1.8.4.7-5d5b),Copyright 2022 The PinyonScript Project Authors (https://github.com/SorkinType/Black-Ops),"James Grieshaber, Eben Sorkin",Sorkin Type Co.,"This Font Software is licensed under the SIL Open Font License, Version 1.1. This license is available with a FAQ at: https://scripts.sil.org/OFL",https://scripts.sil.org/OFL,MATCH,True,OK,
Lobster Two,staging/google-fonts/ofl/lobstertwo/LobsterTwo-Bold.ttf,5255b383fc8aa432e4e7e5f8005210477c0983370adc6ad6205c9bd2cd1ceb76,241104,TTF,Lobster Two,Bold,LobsterTwo-Bold,700,5,False,False,[],357,257,Version 1.006,Copyright (c) 2011 by Pablo Impallari. www.impallari.com. All rights reserved.,Pablo Impallari,Pablo Impallari. www.impallari.com,"Copyright (c) 2011, Pablo Impallari (www.impallari.com|impallari@gmail.com),
with Reserved Font Name Lobster.
This Font Software is licensed under the SIL Open Font License, Version 1.1.
This license is available with a FAQ at: http://scripts.sil.org/OFL",http://scripts.sil.org/OFL,MATCH,True,OK,
Lobster Two,staging/google-fonts/ofl/lobstertwo/LobsterTwo-BoldItalic.ttf,980ee087455f1f0a96fb2ea74bef441a2bf29048e2c739d11683d330cfc19329,235632,TTF,Lobster Two,Bold Italic,LobsterTwo-BoldItalic,700,5,True,False,[],357,257,Version 1.006,Copyright (c) 2011 by Pablo Impallari. www.impallari.com. All rights reserved.,Pablo Impallari,Pablo Impallari. www.impallari.com,"Copyright (c) 2011, Pablo Impallari (www.impallari.com|impallari@gmail.com),
with Reserved Font Name Lobster.
This Font Software is licensed under the SIL Open Font License, Version 1.1.
This license is available with a FAQ at: http://scripts.sil.org/OFL",http://scripts.sil.org/OFL,MATCH,True,OK,
Lobster Two,staging/google-fonts/ofl/lobstertwo/LobsterTwo-Italic.ttf,c727ae1d9e1e166a7c0679fcf79c2ff0c21bc5483ee253fdfee2f5792c0bebd9,249896,TTF,Lobster Two,Italic,LobsterTwo-Italic,400,5,True,False,[],357,257,Version 1.006,Copyright (c) 2011 by Pablo Impallari. www.impallari.com. All rights reserved.,Pablo Impallari,Pablo Impallari. www.impallari.com,"Copyright (c) 2011, Pablo Impallari (www.impallari.com|impallari@gmail.com),
with Reserved Font Name Lobster.
This Font Software is licensed under the SIL Open Font License, Version 1.1.
This license is available with a FAQ at: http://scripts.sil.org/OFL",http://scripts.sil.org/OFL,MATCH,True,OK,
Lobster Two,staging/google-fonts/ofl/lobstertwo/LobsterTwo-Regular.ttf,be3d8ce18188bc559de37e4355f5f902b4960a7b65a99efb78c03bb65bb782e6,254332,TTF,Lobster Two,Regular,LobsterTwo,400,5,False,False,[],357,257,Version 1.006,Copyright (c) 2011 by Pablo Impallari. www.impallari.com. All rights reserved.,Pablo Impallari,Pablo Impallari. www.impallari.com,"Copyright (c) 2011, Pablo Impallari (www.impallari.com|impallari@gmail.com),
with Reserved Font Name Lobster.
This Font Software is licensed under the SIL Open Font License, Version 1.1.
This license is available with a FAQ at: http://scripts.sil.org/OFL",http://scripts.sil.org/OFL,MATCH,True,OK,
Pacifico,staging/google-fonts/ofl/pacifico/Pacifico-Regular.ttf,5b6c0d5334a7bf77dea52b975c5a0c408878c0f7115ed5b6fb151f634b7bf701,329380,TTF,Pacifico,Regular,Pacifico-Regular,400,5,False,False,[],1533,805,Version 3.001,Copyright 2018 The Pacifico Project Authors (https://github.com/googlefonts/Pacifico),Vernon Adams,Vernon Adams,"This Font Software is licensed under the SIL Open Font License, Version 1.1. This license is available with a FAQ at: http://scripts.sil.org/OFL",http://scripts.sil.org/OFL,MATCH,True,OK,
Lobster,staging/google-fonts/ofl/lobster/Lobster-Regular.ttf,d6568e697fd50cedc0be04d8aae4127fe95add607e7bff954ca88604be80c205,406076,TTF,Lobster,Regular,Lobster-Regular,400,5,False,False,[],1174,828,Version 2.100,"Copyright 2010 The Lobster Project Authors (https://github.com/impallari/The-Lobster-Font), with Reserved Font Name ""Lobster"".",Impallari Type,Impallari Type,"This Font Software is licensed under the SIL Open Font License, Version 1.1. This license is available with a FAQ at: http://scripts.sil.org/OFL",http://scripts.sil.org/OFL,MATCH,True,OK,
Sawarabi Mincho,staging/google-fonts/ofl/sawarabimincho/SawarabiMincho-Regular.ttf,1f27e6b0c2543a311c31d2ba3e895e50028069bd24b5e0d20a5b6e0a0b03e9c4,3662996,TTF,Sawarabi Mincho,Regular,SawarabiMincho-Regular,400,5,False,False,[],4792,4746,Version 1.082; ttfautohint (v1.8.4.7-5d5b),Copyright 2024 The Sawarabi Mincho Project Authors (https://github.com/googlefonts/sawarabi-mincho),,,"This Font Software is licensed under the SIL Open Font License, Version 1.1. This license is available with a FAQ at: https://openfontlicense.org",https://openfontlicense.org,MATCH,True,OK,
BIZ UDPGothic,staging/google-fonts/ofl/bizudpgothic/BIZUDPGothic-Bold.ttf,30eba52fc837e8b62c97d4b82e6706583149fb7294e3712dd71a655eaea80a90,4640596,TTF,BIZ UDPGothic,Bold,BIZUDPGothic-Bold,700,5,False,False,[],13932,11741,Version 1.051,Copyright 2022 The BIZ UDGothic Project Authors (https://github.com/googlefonts/morisawa-biz-ud-gothic),"TypeBank Co., Ltd.",Morisawa Inc.,"This Font Software is licensed under the SIL Open Font License, Version 1.1. This license is available with a FAQ at: https://scripts.sil.org/OFL",https://scripts.sil.org/OFL,MATCH,True,OK,
BIZ UDPGothic,staging/google-fonts/ofl/bizudpgothic/BIZUDPGothic-Regular.ttf,258d7156c165f2ff774b6efee637c22c3b950de0d8a10e501137061bc8085d01,4669688,TTF,BIZ UDPGothic,Regular,BIZUDPGothic-Regular,400,5,False,False,[],13932,11741,Version 1.051,Copyright 2022 The BIZ UDGothic Project Authors (https://github.com/googlefonts/morisawa-biz-ud-gothic),"TypeBank Co., Ltd.",Morisawa Inc.,"This Font Software is licensed under the SIL Open Font License, Version 1.1. This license is available with a FAQ at: https://scripts.sil.org/OFL",https://scripts.sil.org/OFL,MATCH,True,OK,
Sawarabi Gothic,staging/google-fonts/ofl/sawarabigothic/SawarabiGothic-Regular.ttf,04f2f9111bb69cb8d3706c27b44879c2c0fac593a11edf5cfe8cec1efc92c789,1902848,TTF,Sawarabi Gothic,Regular,SawarabiGothic-Regular,400,5,False,False,[],6945,6884,Version 20141215 ,Copyright 2016 The Sawarabi Gothic Project Authors.,mshio (mshio@users.sourceforge.jp),,"This Font Software is licensed under the SIL Open Font License, Version 1.1. This license is available with a FAQ at: http://scripts.sil.org/OFL",http://scripts.sil.org/OFL,MATCH,True,OK,
Fira Code,staging/google-fonts/ofl/firacode/FiraCode[wght].ttf,9335b082b3c7850d98a64b584f3417f65355f3471278bb5eeb8c6c0e8657aeeb,260364,TTF,Fira Code,Light,FiraCode-Light,300,5,False,True,"[{""default"": 300.0, ""max"": 700.0, ""min"": 300.0, ""name"": ""Weight"", ""tag"": ""wght""}]",1857,1551,Version 5.002,Copyright 2014-2020 The Fira Code Project Authors (https://github.com/tonsky/FiraCode),"Carrois Corporate, Edenspiekermann AG, Nikita Prokopov","Carrois Corporate, Edenspiekermann AG, Nikita Prokopov","This Font Software is licensed under the SIL Open Font License, Version 1.1. This license is available with a FAQ at: http://scripts.sil.org/OFL",http://scripts.sil.org/OFL,MATCH,True,OK,
Nanum Gothic Coding,staging/google-fonts/ofl/nanumgothiccoding/NanumGothicCoding-Bold.ttf,77a6de97c176b76ef9a683b565a1e6f4ce40b499c72a2972c4b5bdf7c6b8e7a0,2246240,TTF,NanumGothicCoding,Bold,NanumGothicCoding-Bold,700,5,False,False,[],20338,12477,Version 2.000;PS 1;hotconv 1.0.49;makeotf.lib2.0.14853,Copyright © 2009 NHN Corporation. All rights reserved. Font designed by Sandoll Communications Inc.,Kwon Bruce; Nicolas Noh; Sung-woo Choi; Go-un Cha; Soo-hyun Park;,NHN Corporation,"This Font Software is licensed under the SIL Open Font License, Version 1.1.",http://dev.naver.com/wiki/nanumfont/index.php/OpenFontLicense,MATCH,True,OK,
Nanum Gothic Coding,staging/google-fonts/ofl/nanumgothiccoding/NanumGothicCoding-Regular.ttf,787effd7efed2abca88ade231faa8191f4e9fcf85b1805a13ee1dc3724b72089,2315924,TTF,NanumGothicCoding,Regular,NanumGothicCoding,400,5,False,False,[],20024,12477,Version 2.000;PS 1;hotconv 1.0.49;makeotf.lib2.0.14853,Copyright © 2009 NHN Corporation. All rights reserved. Font designed by Sandoll Communications Inc.,Kwon Bruce; Nicolas Noh; Sung-woo Choi; Go-un Cha; Soo-hyun Park;,NHN Corporation,"This Font Software is licensed under the SIL Open Font License, Version 1.1.",http://dev.naver.com/wiki/nanumfont/index.php/OpenFontLicense,MATCH,True,OK,
DM Mono,staging/google-fonts/ofl/dmmono/DMMono-Italic.ttf,32b5bad9cbce64eac6d05c8abbeb619317f7e4cb354e1c33db761adbfaae1b16,51408,TTF,DM Mono,Italic,DMMono-Italic,400,5,True,False,[],411,381,Version 1.000; ttfautohint (v1.8.2.53-6de2),Copyright 2020 The DM Mono Project Authors (https://www.github.com/googlefonts/dm-mono),Colophon Foundry,Colophon Foundry,"This Font Software is licensed under the SIL Open Font License, Version 1.1. This license is available with a FAQ at: http://scripts.sil.org/OFL",http://scripts.sil.org/OFL,MATCH,True,OK,
DM Mono,staging/google-fonts/ofl/dmmono/DMMono-Light.ttf,c7b3645dc8d28237317b4d017bc47b9ff09a7660758122dacb694a5a82552c24,49752,TTF,DM Mono,Light,DMMono-Light,300,5,False,False,[],411,381,Version 1.000; ttfautohint (v1.8.2.53-6de2),Copyright 2020 The DM Mono Project Authors (https://www.github.com/googlefonts/dm-mono),Colophon Foundry,Colophon Foundry,"This Font Software is licensed under the SIL Open Font License, Version 1.1. This license is available with a FAQ at: http://scripts.sil.org/OFL",http://scripts.sil.org/OFL,MATCH,True,OK,
DM Mono,staging/google-fonts/ofl/dmmono/DMMono-LightItalic.ttf,90216192555d56cd40857250bbd6d0e8130ddbd015992d584225d7f390849544,51744,TTF,DM Mono,Light Italic,DMMono-LightItalic,300,5,True,False,[],411,381,Version 1.000; ttfautohint (v1.8.2.53-6de2),Copyright 2020 The DM Mono Project Authors (https://www.github.com/googlefonts/dm-mono),Colophon Foundry,Colophon Foundry,"This Font Software is licensed under the SIL Open Font License, Version 1.1. This license is available with a FAQ at: http://scripts.sil.org/OFL",http://scripts.sil.org/OFL,MATCH,True,OK,
DM Mono,staging/google-fonts/ofl/dmmono/DMMono-Medium.ttf,fd327daf461db87b44a87def475d251bf03b997f7c07d9680592d75dbbfaad0b,50360,TTF,DM Mono,Medium,DMMono-Medium,500,5,False,False,[],411,381,Version 1.000; ttfautohint (v1.8.2.53-6de2),Copyright 2020 The DM Mono Project Authors (https://www.github.com/googlefonts/dm-mono),Colophon Foundry,Colophon Foundry,"This Font Software is licensed under the SIL Open Font License, Version 1.1. This license is available with a FAQ at: http://scripts.sil.org/OFL",http://scripts.sil.org/OFL,MATCH,True,OK,
DM Mono,staging/google-fonts/ofl/dmmono/DMMono-MediumItalic.ttf,a3b2211bb9cf5c4fc1a0b487553e673a737c2270c59b86bf1e0b48c77e587aa2,52552,TTF,DM Mono,Medium Italic,DMMono-MediumItalic,500,5,True,False,[],411,381,Version 1.000; ttfautohint (v1.8.2.53-6de2),Copyright 2020 The DM Mono Project Authors (https://www.github.com/googlefonts/dm-mono),Colophon Foundry,Colophon Foundry,"This Font Software is licensed under the SIL Open Font License, Version 1.1. This license is available with a FAQ at: http://scripts.sil.org/OFL",http://scripts.sil.org/OFL,MATCH,True,OK,
DM Mono,staging/google-fonts/ofl/dmmono/DMMono-Regular.ttf,55b4c98f123daebb3ed27947ba47b2af00554fc6284d639a540bcef5e6258ad2,49744,TTF,DM Mono,Regular,DMMono-Regular,400,5,False,False,[],411,381,Version 1.000; ttfautohint (v1.8.2.53-6de2),Copyright 2020 The DM Mono Project Authors (https://www.github.com/googlefonts/dm-mono),Colophon Foundry,Colophon Foundry,"This Font Software is licensed under the SIL Open Font License, Version 1.1. This license is available with a FAQ at: http://scripts.sil.org/OFL",http://scripts.sil.org/OFL,MATCH,True,OK,
Great Vibes,staging/google-fonts/ofl/greatvibes/GreatVibes-Regular.ttf,8d509802186f1b51572531ecf313e8098f9a5bfdfaca93f0c9b34467f9982d15,457588,TTF,Great Vibes,Regular,GreatVibes-Regular,400,5,False,False,[],2025,1081,Version 1.103; ttfautohint (v1.8.4.7-5d5b),Copyright 2010 The Great Vibes Pro Project Authors (https://github.com/googlefonts/great-vibes),"Robert E. Leuschke, Viktoriya Grabowska, Viviana Monsalve, Eben Sorkin",Robert E. Leuschke,"This Font Software is licensed under the SIL Open Font License, Version 1.1. This license is available with a FAQ at: https://openfontlicense.org",https://openfontlicense.org,MATCH,True,OK,
Changa One,staging/google-fonts/ofl/changaone/ChangaOne-Italic.ttf,b6228f50f720651795c98aa24cf93bf062fee5899084a9e60f115ab3886f5583,26748,TTF,Changa One,Italic,ChangaOne-Italic,400,5,True,False,[],247,243,Version 1.003,"Copyright (c) 2011, Eduardo Tunni (http://www.tipo.net.ar), with Reserved Font Name ""Changa""",Eduardo Rodriguez Tunni,Eduardo Rodriguez Tunni,"This Font Software is licensed under the SIL Open Font License, Version 1.1. This license is available with a FAQ at: http://scripts.sil.org/OFL",http://scripts.sil.org/OFL,MATCH,True,OK,
Changa One,staging/google-fonts/ofl/changaone/ChangaOne-Regular.ttf,7ac4d26a3a45b4731904b59cbb8a9cc15b7b70d447fc2b5dda40ef17c5d2e16d,22736,TTF,Changa One,Regular,ChangaOne,400,5,False,False,[],247,243,Version 1.003,"Copyright (c) 2011, Eduardo Tunni (http://www.tipo.net.ar), with Reserved Font Name ""Changa""",Eduardo Rodriguez Tunni,Eduardo Rodriguez Tunni,"This Font Software is licensed under the SIL Open Font License, Version 1.1. This license is available with a FAQ at: http://scripts.sil.org/OFL",http://scripts.sil.org/OFL,MATCH,True,OK,
Google Sans Code,staging/google-fonts/ofl/googlesanscode/GoogleSansCode-Italic[wght].ttf,bdf116292f27aca16e2aefb5534042a25f244d3a9187a521ce97fc2117a4a844,132968,TTF,Google Sans Code,Italic,GoogleSansCode-Italic,400,5,True,True,"[{""default"": 400.0, ""max"": 800.0, ""min"": 300.0, ""name"": ""Weight"", ""tag"": ""wght""}]",688,670,Version 6.001,Copyright 2025 The Google Sans Code Project Authors (github.com/googlefonts/googlesans-code),Google Sans Code Authors,Google LLC,"This Font Software is licensed under the SIL Open Font License, Version 1.1. This license is available with a FAQ at: https://openfontlicense.org",https://openfontlicense.org,MATCH,True,OK,
Google Sans Code,staging/google-fonts/ofl/googlesanscode/GoogleSansCode[wght].ttf,c9649573afcd966f61096b1e9c3c3115e7b54315ca2adf9839c6f8b17d5f8e1f,126224,TTF,Google Sans Code,Regular,GoogleSansCode-Regular,400,5,False,True,"[{""default"": 400.0, ""max"": 800.0, ""min"": 300.0, ""name"": ""Weight"", ""tag"": ""wght""}]",687,670,Version 6.001,Copyright 2025 The Google Sans Code Project Authors (github.com/googlefonts/googlesans-code),Google Sans Code Authors,Google LLC,"This Font Software is licensed under the SIL Open Font License, Version 1.1. This license is available with a FAQ at: https://openfontlicense.org",https://openfontlicense.org,MATCH,True,OK,
Alfa Slab One,staging/google-fonts/ofl/alfaslabone/AlfaSlabOne-Regular.ttf,28664afa698a3393bd5a29eec750230a0645c5301d62200e5f2d3a027fb2299d,97376,TTF,Alfa Slab One,Regular,AlfaSlabOne-Regular,400,5,False,False,[],734,671,Version 2.000,"Copyright 2016 The Alfa Slab One Project Authors (http://www.jmsole.cl | info@jmsole.cl), with Reserved Font Name ""Alfa Slab"".",JM Sole,JM Sole,"This Font Software is licensed under the SIL Open Font License, Version 1.1. This license is available with a FAQ at: http://scripts.sil.org/OFL",http://scripts.sil.org/OFL,MATCH,True,OK,
Baloo 2,staging/google-fonts/ofl/baloo2/Baloo2[wght].ttf,d47a6852548059b1db49a1319d06d499d546c3fa2237cf9eee9c43c8abb025c2,683200,TTF,Baloo 2,Regular,Baloo2-Regular,400,5,False,True,"[{""default"": 400.0, ""max"": 800.0, ""min"": 400.0, ""name"": ""Weight"", ""tag"": ""wght""}]",1601,856,Version 1.700,Copyright 2019 The Baloo 2 Project Authors (https://github.com/EkType/Baloo2),Sarang Kulkarni and Ek Type,Ek Type,"This Font Software is licensed under the SIL Open Font License, Version 1.1. This license is available with a FAQ at: http://scripts.sil.org/OFL",http://scripts.sil.org/OFL,MATCH,True,OK,
Space Mono,staging/google-fonts/ofl/spacemono/SpaceMono-Bold.ttf,405e73d41afb7e5906efce206a326af5c956f38e255f35421c260e861e599c59,98232,TTF,Space Mono,Bold,SpaceMono-Bold,700,5,False,False,[],765,624,Version 1.003; ttfautohint (v1.8.4.7-5d5b),Copyright 2016 The Space Mono Project Authors (https://github.com/googlefonts/spacemono),Colophon Foundry + Benjamin Critton,Colophon Foundry & Benjamin Critton,"This Font Software is licensed under the SIL Open Font License, Version 1.1. This license is available with a FAQ at: https://openfontlicense.org",https://openfontlicense.org,MATCH,True,OK,
Space Mono,staging/google-fonts/ofl/spacemono/SpaceMono-BoldItalic.ttf,cdcc95eddee312879a9728494e595f591cb159f3f276d79bc58673dec7e57138,111904,TTF,Space Mono,Bold Italic,SpaceMono-BoldItalic,700,5,True,False,[],763,624,Version 1.003; ttfautohint (v1.8.4.7-5d5b),Copyright 2016 The Space Mono Project Authors (https://github.com/googlefonts/spacemono),Colophon Foundry + Benjamin Critton,Colophon Foundry & Benjamin Critton,"This Font Software is licensed under the SIL Open Font License, Version 1.1. This license is available with a FAQ at: https://openfontlicense.org",https://openfontlicense.org,MATCH,True,OK,
Space Mono,staging/google-fonts/ofl/spacemono/SpaceMono-Italic.ttf,eca264c8690a91fe837d19a6badf2d88961610c4c8aafcb196526192a9f258c5,121396,TTF,Space Mono,Italic,SpaceMono-Italic,400,5,True,False,[],763,624,Version 1.003; ttfautohint (v1.8.4.7-5d5b),Copyright 2016 The Space Mono Project Authors (https://github.com/googlefonts/spacemono),Colophon Foundry + Benjamin Critton,Colophon Foundry & Benjamin Critton,"This Font Software is licensed under the SIL Open Font License, Version 1.1. This license is available with a FAQ at: https://openfontlicense.org",https://openfontlicense.org,MATCH,True,OK,
Space Mono,staging/google-fonts/ofl/spacemono/SpaceMono-Regular.ttf,95837e182baeeada83368f7748db28357f0a1b75c6b84ff7065b5edf933c8e18,99356,TTF,Space Mono,Regular,SpaceMono-Regular,400,5,False,False,[],765,624,Version 1.003; ttfautohint (v1.8.4.7-5d5b),Copyright 2016 The Space Mono Project Authors (https://github.com/googlefonts/spacemono),Colophon Foundry + Benjamin Critton,Colophon Foundry & Benjamin Critton,"This Font Software is licensed under the SIL Open Font License, Version 1.1. This license is available with a FAQ at: https://openfontlicense.org",https://openfontlicense.org,MATCH,True,OK,
Dela Gothic One,staging/google-fonts/ofl/delagothicone/DelaGothicOne-Regular.ttf,4ff87a0965f1b0505e5a2c58424bc6ad3cff27e56a82f21c2fc9d6b0e3857ee2,2508848,TTF,Dela Gothic One,Regular,DelaGothicOne-Regular,400,5,False,False,[],9194,9030,Version 1.005,Copyright 2020 The Dela Gothic Project Authors (https://github.com/syakuzen/DelaGothic),artakana,artakana,"This Font Software is licensed under the SIL Open Font License, Version 1.1. This license is available with a FAQ at: https://scripts.sil.org/OFL",https://scripts.sil.org/OFL,MATCH,True,OK,
Lilita One,staging/google-fonts/ofl/lilitaone/LilitaOne-Regular.ttf,f5b641c45c69d772ee4eda687bc9fda411d5cad6b0b45371491da4580cbc8d59,28092,TTF,Lilita One,Regular,LilitaOne,400,5,False,False,[],229,225,Version 1.002,"Copyright (c) 2011 Juan Montoreano (juan@remolacha.biz), with Reserved Font Names ""Lilita One""",Juan Montoreano,Juan Montoreano,"This Font Software is licensed under the SIL Open Font License, Version 1.1. This license is available with a FAQ at: http://scripts.sil.org/OFL",http://scripts.sil.org/OFL,MATCH,True,OK,
Press Start 2P,staging/google-fonts/ofl/pressstart2p/PressStart2P-Regular.ttf,034c77f1f05ec89421e4a63f0e3a4ca1ecf852cc6d2bf611f126f275728e017d,118204,TTF,Press Start 2P,Regular,PressStart2P-Regular,400,5,False,False,[],658,656,Version 3.000,"Copyright 2012 The Press Start 2P Project Authors (cody@zone38.net), with Reserved Font Name ""Press Start 2P""",CodeMan38,CodeMan38,"This Font Software is licensed under the SIL Open Font License, Version 1.1. This license is available with a FAQ at: http://scripts.sil.org/OFL",http://scripts.sil.org/OFL,MATCH,True,OK,
Bungee,staging/google-fonts/ofl/bungee/Bungee-Regular.ttf,c4f5361ce120af3e6b9156d0bf379fa19cda2ea0cd18ac01fd99596c6bf66e3f,118996,TTF,Bungee,Regular,Bungee-Regular,400,5,False,False,[],1063,1082,Version 2.000,Copyright 2023 The Bungee Project Authors (https://github.com/djrrb/Bungee),David Jonathan Ross,David Jonathan Ross,"This Font Software is licensed under the SIL Open Font License, Version 1.1. This license is available with a FAQ at: https://openfontlicense.org",https://openfontlicense.org,MATCH,True,OK,
Amatic SC,staging/google-fonts/ofl/amaticsc/AmaticSC-Bold.ttf,d367beadee66efbb657d24d3d8f30f3b60633e9d5c8ded7385541cf775cabb4d,156180,TTF,Amatic SC,Bold,AmaticSC-Bold,700,5,False,False,[],850,797,Version 2.505,Copyright 2015 The Amatic SC Project Authors (https://github.com/googlefonts/AmaticSC),Multiple Designers,Vernon Adams,"This Font Software is licensed under the SIL Open Font License, Version 1.1. This license is available with a FAQ at: http://scripts.sil.org/OFL",http://scripts.sil.org/OFL,MATCH,True,OK,
Amatic SC,staging/google-fonts/ofl/amaticsc/AmaticSC-Regular.ttf,513a76f96d39a5366bd27c258674aaea35ee51c42b8f3060387f74649ee8c8aa,151624,TTF,Amatic SC,Regular,AmaticSC-Regular,400,5,False,False,[],850,797,Version 2.505,Copyright 2015 The Amatic SC Project Authors (https://github.com/googlefonts/AmaticSC),Multiple Designers,Vernon Adams,"This Font Software is licensed under the SIL Open Font License, Version 1.1. This license is available with a FAQ at: http://scripts.sil.org/OFL",http://scripts.sil.org/OFL,MATCH,True,OK,
Oxanium,staging/google-fonts/ofl/oxanium/Oxanium[wght].ttf,2ce01d946e1e1ffc8d7eecfffbda8623bedd63eaf811a20488c4b69af45babb0,43536,TTF,Oxanium,ExtraLight,Oxanium-ExtraLight,200,5,False,True,"[{""default"": 200.0, ""max"": 800.0, ""min"": 200.0, ""name"": ""Weight"", ""tag"": ""wght""}]",375,357,Version 2.000,Copyright 2019 The Oxanium Project Authors (https://github.com/sevmeyer/oxanium),Severin Meyer,,"This Font Software is licensed under the SIL Open Font License, Version 1.1. This license is available with a FAQ at: https://scripts.sil.org/OFL",https://scripts.sil.org/OFL,MATCH,True,OK,
Courier Prime,staging/google-fonts/ofl/courierprime/CourierPrime-Bold.ttf,ff1f38786c849d1c41fa8e447960abdb2bd75fdfb0cfcdeb524fad65a5af3638,72856,TTF,Courier Prime,Bold,CourierPrime-Bold,700,5,False,False,[],415,383,Version 3.018,Copyright 2015 The Courier Prime Project Authors (https://github.com/quoteunquoteapps/CourierPrime).,"Alan Dague-Greene, Quote-Unquote Apps",Quote-Unquote Apps,"This Font Software is licensed under the SIL Open Font License, Version 1.1. This license is available with a FAQ at: http://scripts.sil.org/OFL",http://scripts.sil.org/OFL,MATCH,True,OK,
Courier Prime,staging/google-fonts/ofl/courierprime/CourierPrime-BoldItalic.ttf,3355273f3ea6d6362658f9564f4e83d59e156cf1a182e3c1592b5c5943627dcc,80872,TTF,Courier Prime,Bold Italic,CourierPrime-BoldItalic,700,5,True,False,[],416,383,Version 3.018,Copyright 2015 The Courier Prime Project Authors (https://github.com/quoteunquoteapps/CourierPrime).,Alan Dague-Greene,Quote-Unquote Apps,"This Font Software is licensed under the SIL Open Font License, Version 1.1. This license is available with a FAQ at: http://scripts.sil.org/OFL",http://scripts.sil.org/OFL,MATCH,True,OK,
Courier Prime,staging/google-fonts/ofl/courierprime/CourierPrime-Italic.ttf,f1b9a5829789f7e56432a9f3bc7665ef4531dbba1c112639e48bef39621a006b,79980,TTF,Courier Prime,Italic,CourierPrime-Italic,400,5,True,False,[],416,383,Version 3.018,Copyright 2015 The Courier Prime Project Authors (https://github.com/quoteunquoteapps/CourierPrime).,Alan Dague-Greene,Quote-Unquote Apps,"This Font Software is licensed under the SIL Open Font License, Version 1.1. This license is available with a FAQ at: http://scripts.sil.org/OFL",http://scripts.sil.org/OFL,MATCH,True,OK,
Courier Prime,staging/google-fonts/ofl/courierprime/CourierPrime-Regular.ttf,72f793376f8e2841656bf21d77a5de010f2929bd6956a22ee848ad0c7eb978af,71188,TTF,Courier Prime,Regular,CourierPrime-Regular,400,5,False,False,[],415,383,Version 3.018,Copyright 2015 The Courier Prime Project Authors (https://github.com/quoteunquoteapps/CourierPrime).,"Alan Dague-Greene, Quote-Unquote Apps",Quote-Unquote Apps,"This Font Software is licensed under the SIL Open Font License, Version 1.1. This license is available with a FAQ at: http://scripts.sil.org/OFL",http://scripts.sil.org/OFL,MATCH,True,OK,
Gravitas One,staging/google-fonts/ofl/gravitasone/GravitasOne.ttf,b40dc45f3354f282107286acf1542072d258c717c8edf1d118ef0105f25e627b,41448,TTF,Gravitas One,Regular,GravitasOne,400,5,False,False,[],238,229,Version 1.001,"Copyright (c) 2011, Sorkin Type Co (www.sorkintype.com)
with Reserved Font Name ""Gravitas"".

This Font Software is licensed under the SIL Open Font License,
Version 1.1. This license is available with a FAQ at:
http://scripts.sil.org/OFL",Riccardo De Franceschi,Sorkin Type Co.,"This Font Software is licensed under the SIL Open Font License, Version 1.1. ",http://scripts.sil.org/OFL,MATCH,True,OK,
Abril Fatface,staging/google-fonts/ofl/abrilfatface/AbrilFatface-Regular.ttf,5971d4a3758a922a9fedc7f6fb825a96341a2e718c45a4b2c9a6b417c8c4dbe9,67364,TTF,Abril Fatface,Regular,AbrilFatface-Regular,400,5,False,False,[],425,394,Version 1.001,"Copyright (c) 2011, Copyright (c) 2011, TypeTogether (www.type-together.com), with Reserved Font Names ""Abril"" and ""Abril Fatface""","Veronika Burian, Jos Scaglione",TypeTogether,"This Font Software is licensed under the SIL Open Font License, Version 1.1. This license is available with a FAQ at: http://scripts.sil.org/OFL",http://scripts.sil.org/OFL,MATCH,True,OK,
Shadows Into Light,staging/google-fonts/ofl/shadowsintolight/ShadowsIntoLight.ttf,1347863151acdc00fa281daaba1a3543dbce5870b55f9cf7479a15bb84007681,54304,TTF,Shadows Into Light,Regular,ShadowsIntoLight,400,5,False,False,[],352,349,Version 001.000,"Copyright (c) 2010, Kimberly Geswein (kimberlygeswein.com)",Kimberly Geswein,Kimberly Geswein,"Copyright (c) 2010, Kimberly Geswein (kimberlygeswein.com)

This Font Software is licensed under the SIL Open Font License, Version 1.1.  This license is copied below, and is also available with a FAQ at:  http://scripts.sil.org/OFL


-----------------------------------------------------------
SIL OPEN FONT LICENSE Version 1.1 - 26 February 2007
-----------------------------------------------------------

PREAMBLE
The goals of the Open Font License (OFL) are to stimulate worldwide development of collaborative font projects, to support the font creation efforts of academic and linguistic communities, and to provide a free and open framework in which fonts may be shared and improved in partnership
with others.

The OFL allows the licensed fonts to be used, studied, modified and redistributed freely as long as they are not sold by themselves. The fonts, including any derivative works, can be bundled, embedded, redistributed and/or sold with any software provided that any reserved names are not used by derivative works. The fonts and derivatives, however, cannot be released under any other type of license. The requirement for fonts to remain under this license does not apply to any document created using the fonts or their derivatives.

DEFINITIONS
""Font Software"" refers to the set of files released by the Copyright Holder(s) under this license and clearly marked as such. This may include source files, build scripts and documentation.

""Reserved Font Name"" refers to any names specified as such after the copyright statement(s).

""Original Version"" refers to the collection of Font Software components as distributed by the Copyright Holder(s).

""Modified Version"" refers to any derivative made by adding to, deleting, or substituting -- in part or in whole -- any of the components of the Original Version, by changing formats or by porting the Font Software to a new environment.

""Author"" refers to any designer, engineer, programmer, technical writer or other person who contributed to the Font Software.

PERMISSION & CONDITIONS
Permission is hereby granted, free of charge, to any person obtaining a copy of the Font Software, to use, study, copy, merge, embed, modify, redistribute, and sell modified and unmodified copies of the Font Software, subject to the following conditions:

1) Neither the Font Software nor any of its individual components, in Original or Modified Versions, may be sold by itself.

2) Original or Modified Versions of the Font Software may be bundled, redistributed and/or sold with any software, provided that each copy contains the above copyright notice and this license. These can be included either as stand-alone text files, human-readable headers or in the appropriate machine-readable metadata fields within text or binary files as long as those fields can be easily viewed by the user.

3) No Modified Version of the Font Software may use the Reserved Font Name(s) unless explicit written permission is granted by the corresponding Copyright Holder. This restriction only applies to the primary font name as
presented to the users.

4) The name(s) of the Copyright Holder(s) or the Author(s) of the Font Software shall not be used to promote, endorse or advertise any Modified Version, except to acknowledge the contribution(s) of the Copyright Holder(s) and the Author(s) or with their explicit written
permission.

5) The Font Software, modified or unmodified, in part or in whole, must be distributed entirely under this license, and must not be distributed under any other license. The requirement for fonts to remain under this license does not apply to any document created using the Font Software.

TERMINATION
This license becomes null and void if any of the above conditions are not met.

DISCLAIMER
THE FONT SOFTWARE IS PROVIDED ""AS IS"", WITHOUT WARRANTY OF ANY KIND, EXPRESS OR IMPLIED, INCLUDING BUT NOT LIMITED TO ANY WARRANTIES OF MERCHANTABILITY, FITNESS FOR A PARTICULAR PURPOSE AND NONINFRINGEMENT OF COPYRIGHT, PATENT, TRADEMARK, OR OTHER RIGHT. IN NO EVENT SHALL THE
COPYRIGHT HOLDER BE LIABLE FOR ANY CLAIM, DAMAGES OR OTHER LIABILITY, INCLUDING ANY GENERAL, SPECIAL, INDIRECT, INCIDENTAL, OR CONSEQUENTIAL DAMAGES, WHETHER IN AN ACTION OF CONTRACT, TORT OR OTHERWISE, ARISING FROM, OUT OF THE USE OR INABILITY TO USE THE FONT SOFTWARE OR FROM OTHER DEALINGS IN THE FONT SOFTWARE.",http://scripts.sil.org/OFL,MATCH,True,OK,
Huninn,staging/google-fonts/ofl/huninn/Huninn-Regular.ttf,1bd770a5ffc0c06723b567686f8b5db5abf9ab54227f3bbc4e6fd648f4698805,4683972,TTF,Huninn,Regular,Huninn-Regular,400,5,False,False,[],11609,11364,Version 1.003,Copyright 2025 The Huninn Project Authors (https://github.com/justfont/Huninn),justfont,justfont,"This Font Software is licensed under the SIL Open Font License, Version 1.1. This license is available with a FAQ at: https://openfontlicense.org",https://openfontlicense.org,MATCH,True,OK,
Kalam,staging/google-fonts/ofl/kalam/Kalam-Bold.ttf,2f6576601db015d4f6c08678120277fc8510b98c06e932ce7a6a9cbff4cbdded,460896,TTF,Kalam,Bold,Kalam-Bold,700,5,False,False,[],1027,1026,Version 2.001;PS 1.0;hotconv 1.0.79;makeotf.lib2.5.61930; ttfautohint (v1.3),Copyright (c) 2014 Indian Type Foundry (info@indiantypefoundry.com),"Lipi Raval (Devanagari and Latin), Jonny Pinhorn (Latin)",Indian Type Foundry,"This Font Software is licensed under the SIL Open Font License, Version 1.1. This license is available with a FAQ at: http://scripts.sil.org/OFL",http://scripts.sil.org/OFL,MATCH,True,OK,
Kalam,staging/google-fonts/ofl/kalam/Kalam-Light.ttf,2b8f2c0208d397a1823688783da3317d6af18ea007a9a1b56ddb17e27820507e,437512,TTF,Kalam,Light,Kalam-Light,300,5,False,False,[],1027,1026,Version 2.001;PS 1.0;hotconv 1.0.79;makeotf.lib2.5.61930; ttfautohint (v1.3),Copyright (c) 2014 Indian Type Foundry (info@indiantypefoundry.com),"Lipi Raval (Devanagari and Latin), Jonny Pinhorn (Latin)",Indian Type Foundry,"This Font Software is licensed under the SIL Open Font License, Version 1.1. This license is available with a FAQ at: http://scripts.sil.org/OFL",http://scripts.sil.org/OFL,MATCH,True,OK,
Kalam,staging/google-fonts/ofl/kalam/Kalam-Regular.ttf,57cecb63d4608019371954274ae1d8c397764debd5b19d4a33c1efa4dc923c0b,427360,TTF,Kalam,Regular,Kalam-Regular,400,5,False,False,[],1027,1026,Version 2.001;PS 1.0;hotconv 1.0.79;makeotf.lib2.5.61930; ttfautohint (v1.3),Copyright (c) 2014 Indian Type Foundry (info@indiantypefoundry.com),"Lipi Raval (Devanagari and Latin), Jonny Pinhorn (Latin)",Indian Type Foundry,"This Font Software is licensed under the SIL Open Font License, Version 1.1. This license is available with a FAQ at: http://scripts.sil.org/OFL",http://scripts.sil.org/OFL,MATCH,True,OK,
Rowdies,staging/google-fonts/ofl/rowdies/Rowdies-Bold.ttf,e56ac3fe30e56243483083a6ba271387e332f77920e850ce7dc1baead4fbede2,76280,TTF,Rowdies,Bold,Rowdies-Bold,700,5,False,False,[],639,595,Version 1.000; ttfautohint (v1.8.3),Copyright 2018 The Rowdies Project Authors (https://github.com/magictype/rowdies),Jaikishan Patel,,"This Font Software is licensed under the SIL Open Font License, Version 1.1. This license is available with a FAQ at: https://scripts.sil.org/OFL",https://scripts.sil.org/OFL,MATCH,True,OK,
Rowdies,staging/google-fonts/ofl/rowdies/Rowdies-Light.ttf,fa368ef5ab634438738b930dcd24842d6726cb203339fa1e54fcc52cfd081b65,76152,TTF,Rowdies,Light,Rowdies-Light,300,5,False,False,[],639,595,Version 1.000; ttfautohint (v1.8.3),Copyright 2018 The Rowdies Project Authors (https://github.com/magictype/rowdies),Jaikishan Patel,,"This Font Software is licensed under the SIL Open Font License, Version 1.1. This license is available with a FAQ at: https://scripts.sil.org/OFL",https://scripts.sil.org/OFL,MATCH,True,OK,
Rowdies,staging/google-fonts/ofl/rowdies/Rowdies-Regular.ttf,29c98412d1a6e1991ea6cbd36b5fd7cf579d69c1ba14ba857a16c7e8dd9d00a4,76352,TTF,Rowdies,Regular,Rowdies-Regular,400,5,False,False,[],639,595,Version 1.000; ttfautohint (v1.8.3),Copyright 2018 The Rowdies Project Authors (https://github.com/magictype/rowdies),Jaikishan Patel,,"This Font Software is licensed under the SIL Open Font License, Version 1.1. This license is available with a FAQ at: https://scripts.sil.org/OFL",https://scripts.sil.org/OFL,MATCH,True,OK,
Indie Flower,staging/google-fonts/ofl/indieflower/IndieFlower-Regular.ttf,ccc94b22b156e9c5dfe50fd051f01b097600b252c24473e624bb43a143140a94,108196,TTF,Indie Flower,Regular,IndieFlower-Regular,400,5,False,False,[],569,550,Version 2.000,Copyright 2010 The Indie Flower Authors (kimberlygeswein.com),Kimberly Geswein,Kimberly Geswein,"This Font Software is licensed under the SIL Open Font License, Version 1.1. This license is available with a FAQ at: http://scripts.sil.org/OFL",http://scripts.sil.org/OFL,MATCH,True,OK,
Comic Neue,staging/google-fonts/ofl/comicneue/ComicNeue-Bold.ttf,3e7e5fccfd7e0788f317b43312151c1bd5cf058c9697a8d83eac3939050bd61e,55716,TTF,Comic Neue,Bold,ComicNeue-Bold,700,5,False,False,[],328,303,Version 2.003,Copyright 2014 The Comic Neue Project Authors (https://github.com/crozynski/comicneue),Craig Rozynski,Craig Rozynski,"This Font Software is licensed under the SIL Open Font License, Version 1.1. This license is available with a FAQ at: https://scripts.sil.org/OFL",https://scripts.sil.org/OFL,MATCH,True,OK,
Comic Neue,staging/google-fonts/ofl/comicneue/ComicNeue-BoldItalic.ttf,5c312c2a2fa64eee82f3b87fcfab8f3b12a5e59b043124401d322eb323cfbf16,55928,TTF,Comic Neue,Bold Italic,ComicNeue-BoldItalic,700,5,True,False,[],344,319,Version 2.003,Copyright 2014 The Comic Neue Project Authors (https://github.com/crozynski/comicneue),Craig Rozynski,Craig Rozynski,"This Font Software is licensed under the SIL Open Font License, Version 1.1. This license is available with a FAQ at: https://scripts.sil.org/OFL",https://scripts.sil.org/OFL,MATCH,True,OK,
Comic Neue,staging/google-fonts/ofl/comicneue/ComicNeue-Italic.ttf,e06bfd1552f5c9464c5665733ffd69239b0593885dbb9e059688a5900f78cf98,54392,TTF,Comic Neue,Italic,ComicNeue-Italic,400,5,True,False,[],344,319,Version 2.003,Copyright 2014 The Comic Neue Project Authors (https://github.com/crozynski/comicneue),Craig Rozynski,Craig Rozynski,"This Font Software is licensed under the SIL Open Font License, Version 1.1. This license is available with a FAQ at: https://scripts.sil.org/OFL",https://scripts.sil.org/OFL,MATCH,True,OK,
Comic Neue,staging/google-fonts/ofl/comicneue/ComicNeue-Light.ttf,efb91c06dccc264f07f800c0691d40c94e8cfce6183daade0709268bec178f76,55816,TTF,Comic Neue,Light,ComicNeue-Light,300,5,False,False,[],328,303,Version 2.003,Copyright 2014 The Comic Neue Project Authors (https://github.com/crozynski/comicneue),Craig Rozynski,Craig Rozynski,"This Font Software is licensed under the SIL Open Font License, Version 1.1. This license is available with a FAQ at: https://scripts.sil.org/OFL",https://scripts.sil.org/OFL,MATCH,True,OK,
Comic Neue,staging/google-fonts/ofl/comicneue/ComicNeue-LightItalic.ttf,a6d36baee09c7025916ddb517835458d15ef890291507197a54875ccc096b927,54120,TTF,Comic Neue,Light Italic,ComicNeue-LightItalic,300,5,True,False,[],344,319,Version 2.003,Copyright 2014 The Comic Neue Project Authors (https://github.com/crozynski/comicneue),Craig Rozynski,Craig Rozynski,"This Font Software is licensed under the SIL Open Font License, Version 1.1. This license is available with a FAQ at: https://scripts.sil.org/OFL",https://scripts.sil.org/OFL,MATCH,True,OK,
Comic Neue,staging/google-fonts/ofl/comicneue/ComicNeue-Regular.ttf,a0ee5a37c8b27c4db0700137d928598b1e23b0089e1546a8961909176b779360,57248,TTF,Comic Neue,Regular,ComicNeue-Regular,400,5,False,False,[],328,303,Version 2.003,Copyright 2014 The Comic Neue Project Authors (https://github.com/crozynski/comicneue),Craig Rozynski,Craig Rozynski,"This Font Software is licensed under the SIL Open Font License, Version 1.1. This license is available with a FAQ at: https://scripts.sil.org/OFL",https://scripts.sil.org/OFL,MATCH,True,OK,
Yellowtail,staging/google-fonts/apache/yellowtail/Yellowtail-Regular.ttf,3e06841b13000975f3cc38aa84e326e601a4378a4c52d50b5e9fee3598c5d236,62216,TTF,Yellowtail,Regular,Yellowtail-Regular,400,5,False,False,[],373,369,Version 001.002 ,"Copyright (c) 2011 by Brian J. Bonislawsky DBA Astigmatic (AOETI). All rights reserved. Available under the Apache 2.0 licence.
http://www.apache.org/licenses/LICENSE-2.0.html",,,,,MISSING,False,OK,
Satisfy,staging/google-fonts/apache/satisfy/Satisfy-Regular.ttf,55bb141a0a23a32278d5fa7fd2e853824faa173b94774660ebeddb106be07c80,47928,TTF,Satisfy,Regular,Satisfy-Regular,400,5,False,False,[],227,226,Version 1.001,"Copyright (c) 2011 by Font Diner, Inc. All rights reserved.","Font Diner, Inc","Font Diner, Inc","Licensed under the Apache License, Version 2.0",http://www.apache.org/licenses/LICENSE-2.0,MATCH,True,OK,
Permanent Marker,staging/google-fonts/apache/permanentmarker/PermanentMarker-Regular.ttf,28f82c8a7943cb8e9d599f8554da1d4fc75dbcf69b9885ad6c0611d20c6946c5,74632,TTF,Permanent Marker,Regular,PermanentMarker-Regular,400,5,False,False,[],230,229,Version 1.001,"Copyright (c) 2010 by Font Diner, Inc. All rights reserved.","Font Diner, Inc","Font Diner, Inc","Licensed under the Apache License, Version 2.0",http://www.apache.org/licenses/LICENSE-2.0,MATCH,True,OK,
Righteous,staging/google-fonts/ofl/righteous/Righteous-Regular.ttf,2ffb3fe5c27d7e6571210b800448c4e234e651b46c6b4426c1bb567e5341348a,43104,TTF,Righteous,Regular,Righteous-Regular,400,5,False,False,[],372,369,Version 1.000,"Copyright (c) 2011 by Brian J. Bonislawsky DBA Astigmatic (AOETI) (astigma@astigmatic.com), with ReservedFont Name ""Righteous""",Astigmatic (AOETI),Astigmatic (AOETI),"This Font Software is licensed under the SIL Open Font License,Version 1.1. This license is available with a FAQ at:http://scripts.sil.org/OFL",http://scripts.sil.org/OFL,MATCH,True,OK,
Nanum Pen Script,staging/google-fonts/ofl/nanumpenscript/NanumPenScript-Regular.ttf,6f0d1ab29c7894010dc88831fb7a0a51edb79136e450344183de5b1a8b52bd43,3201664,TTF,Nanum Pen,Regular,NanumPen-Regular,400,5,False,False,[],13751,11742,Version 1.10,Copyright © 2010 NHN Corporation. All rights reserved. Font designed by Sandoll Communications Inc.,Doo-yul Kwak; Hyunghwan Choi; Nicolas Noh;,NHN Corporation,"This Font Software is licensed under the SIL Open Font License, Version 1.1. This license is available with a FAQ at: http://scripts.sil.org/OFL",http://scripts.sil.org/OFL,MATCH,True,OK,
Luckiest Guy,staging/google-fonts/apache/luckiestguy/LuckiestGuy-Regular.ttf,cfbdd68a039f92df51cf3721506af6242e64594c6325fe0bedbeff3fe385d980,73320,TTF,Luckiest Guy,Regular,LuckiestGuy-Regular,400,5,False,False,[],369,367,Version 1.001,"Copyright (c) 2010 by Brian J. Bonislawsky DBA Astigmatic (AOETI). All rights reserved. Available under the Apache 2.0 licence.http://www.apache.org/licenses/LICENSE-2.0.html",Astigmatic (AOETI),Astigmatic (AOETI),"Licensed under the Apache License, Version 2.0",http://www.apache.org/licenses/LICENSE-2.0,MATCH,True,OK,
Zeyada,staging/google-fonts/ofl/zeyada/Zeyada.ttf,09f23d0d78b6e166ddb8480793bb550ab4c2aaf6602eda47a394fee93d2a9667,63064,TTF,Zeyada,Regular,Zeyada,400,5,False,False,[],346,343,Version 1.002 2010,"Copyright (c) 2010, Kimberly Geswein (kimberlygeswein.com)",Kimberly Geswein,Kimberly Geswein,"Copyright (c) 2010, Kimberly Geswein (kimberlygeswein.com)

This Font Software is licensed under the SIL Open Font License, Version 1.1.  This license is copied below, and is also available with a FAQ at:  http://scripts.sil.org/OFL


-----------------------------------------------------------
SIL OPEN FONT LICENSE Version 1.1 - 26 February 2007
-----------------------------------------------------------

PREAMBLE
The goals of the Open Font License (OFL) are to stimulate worldwide development of collaborative font projects, to support the font creation efforts of academic and linguistic communities, and to provide a free and open framework in which fonts may be shared and improved in partnership
with others.

The OFL allows the licensed fonts to be used, studied, modified and redistributed freely as long as they are not sold by themselves. The fonts, including any derivative works, can be bundled, embedded, redistributed and/or sold with any software provided that any reserved names are not used by derivative works. The fonts and derivatives, however, cannot be released under any other type of license. The requirement for fonts to remain under this license does not apply to any document created using the fonts or their derivatives.

DEFINITIONS
""Font Software"" refers to the set of files released by the Copyright Holder(s) under this license and clearly marked as such. This may include source files, build scripts and documentation.

""Reserved Font Name"" refers to any names specified as such after the copyright statement(s).

""Original Version"" refers to the collection of Font Software components as distributed by the Copyright Holder(s).

""Modified Version"" refers to any derivative made by adding to, deleting, or substituting -- in part or in whole -- any of the components of the Original Version, by changing formats or by porting the Font Software to a new environment.

""Author"" refers to any designer, engineer, programmer, technical writer or other person who contributed to the Font Software.

PERMISSION & CONDITIONS
Permission is hereby granted, free of charge, to any person obtaining a copy of the Font Software, to use, study, copy, merge, embed, modify, redistribute, and sell modified and unmodified copies of the Font Software, subject to the following conditions:

1) Neither the Font Software nor any of its individual components, in Original or Modified Versions, may be sold by itself.

2) Original or Modified Versions of the Font Software may be bundled, redistributed and/or sold with any software, provided that each copy contains the above copyright notice and this license. These can be included either as stand-alone text files, human-readable headers or in the appropriate machine-readable metadata fields within text or binary files as long as those fields can be easily viewed by the user.

3) No Modified Version of the Font Software may use the Reserved Font Name(s) unless explicit written permission is granted by the corresponding Copyright Holder. This restriction only applies to the primary font name as
presented to the users.

4) The name(s) of the Copyright Holder(s) or the Author(s) of the Font Software shall not be used to promote, endorse or advertise any Modified Version, except to acknowledge the contribution(s) of the Copyright Holder(s) and the Author(s) or with their explicit written
permission.

5) The Font Software, modified or unmodified, in part or in whole, must be distributed entirely under this license, and must not be distributed under any other license. The requirement for fonts to remain under this license does not apply to any document created using the Font Software.

TERMINATION
This license becomes null and void if any of the above conditions are not met.

DISCLAIMER
THE FONT SOFTWARE IS PROVIDED ""AS IS"", WITHOUT WARRANTY OF ANY KIND, EXPRESS OR IMPLIED, INCLUDING BUT NOT LIMITED TO ANY WARRANTIES OF MERCHANTABILITY, FITNESS FOR A PARTICULAR PURPOSE AND NONINFRINGEMENT OF COPYRIGHT, PATENT, TRADEMARK, OR OTHER RIGHT. IN NO EVENT SHALL THE
COPYRIGHT HOLDER BE LIABLE FOR ANY CLAIM, DAMAGES OR OTHER LIABILITY, INCLUDING ANY GENERAL, SPECIAL, INDIRECT, INCIDENTAL, OR CONSEQUENTIAL DAMAGES, WHETHER IN AN ACTION OF CONTRACT, TORT OR OTHERWISE, ARISING FROM, OUT OF THE USE OR INABILITY TO USE THE FONT SOFTWARE OR FROM OTHER DEALINGS IN THE FONT SOFTWARE.",http://scripts.sil.org/OFL,MATCH,True,OK,
Ubuntu Mono,staging/google-fonts/ufl/ubuntumono/UbuntuMono-Bold.ttf,11f15c3a6bbd998a8695fdefb3475931c3789aa035d7546f2efe78e83b352f6b,191400,TTF,Ubuntu Mono,Bold,UbuntuMono-Bold,700,5,False,False,[],1296,1224,Version 0.80,Copyright 2011 Canonical Ltd.  Licensed under the Ubuntu Font Licence 1.0,Dalton Maag Ltd,Dalton Maag Ltd,,,MISSING,False,OK,
Ubuntu Mono,staging/google-fonts/ufl/ubuntumono/UbuntuMono-BoldItalic.ttf,bd255784bb87b5c41513a12a86f0f9cf061bce4e8256d3bfe7234611002e8f48,216208,TTF,Ubuntu Mono,Bold Italic,UbuntuMono-BoldItalic,700,5,True,False,[],1301,1224,Version 0.80,Copyright 2011 Canonical Ltd.  Licensed under the Ubuntu Font Licence 1.0,Dalton Maag Ltd,Dalton Maag Ltd,,,MISSING,False,OK,
Ubuntu Mono,staging/google-fonts/ufl/ubuntumono/UbuntuMono-Italic.ttf,960b2bc286c2ff7d49073303858c65e1fc9013c17a971b61123b02c39454ef75,210216,TTF,Ubuntu Mono,Italic,UbuntuMono-Italic,400,5,True,False,[],1301,1224,Version 0.80,Copyright 2011 Canonical Ltd.  Licensed under the Ubuntu Font Licence 1.0,Dalton Maag Ltd,Dalton Maag Ltd,,,MISSING,False,OK,
Ubuntu Mono,staging/google-fonts/ufl/ubuntumono/UbuntuMono-Regular.ttf,b35dd9d2131d5d83a9b87fe9ad22c6288fa3d17688d43302c14da29812417d63,205748,TTF,Ubuntu Mono,Regular,UbuntuMono-Regular,400,5,False,False,[],1296,1224,Version 0.80,Copyright 2011 Canonical Ltd.  Licensed under the Ubuntu Font Licence 1.0,Dalton Maag Ltd,Dalton Maag Ltd,,,MISSING,False,OK,
Bangers,staging/google-fonts/ofl/bangers/Bangers-Regular.ttf,4160a7311de9342674cce9160cde9fcbb30f48190397d86ff1b70b455af65824,93148,TTF,Bangers,Regular,Bangers-Regular,400,5,False,False,[],597,557,Version 2.100; ttfautohint (v1.8.4.7-5d5b);gftools[0.9.31],Copyright 2010 The Bangers Project Authors (https://github.com/googlefonts/bangers),vernon adams,Vernon Adams,"This Font Software is licensed under the SIL Open Font License, Version 1.1. This license is available with a FAQ at: https://scripts.sil.org/OFL",https://scripts.sil.org/OFL,MATCH,True,OK,
Libre Barcode 39,staging/google-fonts/ofl/librebarcode39/LibreBarcode39-Regular.ttf,0c8907f28765e6f021f3a910d193e4e02f518065fbdcbbc777c1958728bcc6a5,14800,TTF,Libre Barcode 39,Regular,LibreBarcode39-Regular,400,5,False,False,[],121,76,Version 1.005; ttfautohint (v1.8.3),Copyright 2017-2020 The Libre Barcode Project Authors (https://github.com/graphicore/librebarcode),,,"This Font Software is licensed under the SIL Open Font License, Version 1.1. This license is available with a FAQ at: https://scripts.sil.org/OFL",https://scripts.sil.org/OFL,MATCH,True,OK,
Oleo Script,staging/google-fonts/ofl/oleoscript/OleoScript-Bold.ttf,7e4843c9d74233f00a2815954177e33758c1c42a08d218b11c131cf7d818f1d5,34628,TTF,Oleo Script,Bold,OleoScript-Bold,700,5,False,False,[],246,233,Version 1.002,"Copyright (c) 2012, Soytutype (contact@soytutype.com.ar|soytutype@gmail.com), with reserved fontname 'Oleo'",Soytutype,Soytutype,"This Font Software is licensed under the SIL Open Font License, Version 1.1. This license is available with a FAQ at: http://scripts.sil.org/OFL.",http://scripts.sil.org/OFL,MATCH,True,OK,
Oleo Script,staging/google-fonts/ofl/oleoscript/OleoScript-Regular.ttf,1aa003ac938adf9bea644c406ce90eeb1913138aa1d7492242c0ca948c0f48ac,34980,TTF,Oleo Script,Regular,OleoScript-Regular,400,5,False,False,[],245,233,Version 1.002,"Copyright (c) 2012, Soytutype (contact@soytutype.com.ar|soytutype@gmail.com), with reserved fontname 'Oleo'",Soytutype,Soytutype,"This Font Software is licensed under the SIL Open Font License, Version 1.1. This license is available with a FAQ at: http://scripts.sil.org/OFL.",http://scripts.sil.org/OFL,MATCH,True,OK,
VT323,staging/google-fonts/ofl/vt323/VT323-Regular.ttf,cf4de751ada78ceac033dbe16a687742939995b77bc2a052ae17a4957958594d,153116,TTF,VT323,Regular,VT323-Regular,400,5,False,False,[],587,568,Version 2.000,"Copyright 2011, The VT323 Project Authors (peter.hull@oikoi.com)",Peter Hull,,"This Font Software is licensed under the SIL Open Font License, Version 1.1. This license is available with a FAQ at: http://scripts.sil.org/OFL",http://scripts.sil.org/OFL,MATCH,True,OK,
Gabarito,staging/google-fonts/ofl/gabarito/Gabarito[wght].ttf,8650e2bd7747f7d74619fd7aecbcb0309e6f37b7964024f3fb15ae4833b67ca5,158144,TTF,Gabarito,Regular,Gabarito-Regular,400,5,False,True,"[{""default"": 400.0, ""max"": 900.0, ""min"": 400.0, ""name"": ""Weight"", ""tag"": ""wght""}]",519,478,Version 1.000,Copyright 2023 The Gabarito Project Authors (https://github.com/naipefoundry/gabarito),Leandro Assis / Alvaro Franca / Felipe Casaprima,Naipe Foundry,"This Font Software is licensed under the SIL Open Font License, Version 1.1. This license is available with a FAQ at: https://scripts.sil.org/OFL",https://scripts.sil.org/OFL,MATCH,True,OK,
Special Elite,staging/google-fonts/apache/specialelite/SpecialElite-Regular.ttf,a776fcb4ceb8bdf03e2967688ebdad42680de5b91a7e62c17e718ae212d14bc4,166180,TTF,Special Elite,Regular,SpecialElite-Regular,400,5,False,False,[],370,368,Version 1.001,"Copyright (c) 2010 by Brian J. Bonislawsky DBA Astigmatic (AOETI). All rights reserved. Available under the Apache 2.0 licence.http://www.apache.org/licenses/LICENSE-2.0.html",Astigmatic (AOETI),Astigmatic (AOETI),"Licensed under the Apache License, Version 2.0",http://www.apache.org/licenses/LICENSE-2.0,MATCH,True,OK,
Potta One,staging/google-fonts/ofl/pottaone/PottaOne-Regular.ttf,bde843868b56e429e1c863da2efa76df533162b226d990efcb96d533b0ca2a93,4918516,TTF,Potta One,Regular,PottaOne-Regular,400,5,False,False,[],7365,7286,Version 1.000,"Copyright 2020 The Potta Project Authors (https://github.com/go108go/Potta), all rights reserved.","108号,108go",Font Zone 108,"This Font Software is licensed under the SIL Open Font License, Version 1.1. This license is available with a FAQ at: https://scripts.sil.org/OFL",https://scripts.sil.org/OFL,MATCH,True,OK,
Hachi Maru Pop,staging/google-fonts/ofl/hachimarupop/HachiMaruPop-Regular.ttf,78408910c8f1a2f174a279cbc1484b48b71780039eba3fe1be2bfcc5d4df3f98,4385624,TTF,Hachi Maru Pop,Regular,HachiMaruPop-Regular,400,5,False,False,[],7575,7470,Version 1.300,Copyright 2020 The Hachi Maru Pop Project Authors (https://github.com/noriokanisawa/HachiMaruPop),Nontynet,Nontynet,"This Font Software is licensed under the SIL Open Font License, Version 1.1. This license is available with a FAQ at: https://scripts.sil.org/OFL",https://scripts.sil.org/OFL,MATCH,True,OK,
Yeseva One,staging/google-fonts/ofl/yesevaone/YesevaOne-Regular.ttf,88362b33820f0011e163e67b1d570fecd442aa8c05eaac89d5162f9c40d9dac3,108016,TTF,Yeseva One,Regular,YesevaOne-Regular,400,5,False,False,[],666,652,Version 2.000,"Copyright 2012 The Yeseva One Project Authors (lemonad@jovanny.ru), with Reserved Font Name ""Yeseva"".",Jovanny Lemonad,Jovanny Lemonad,"This Font Software is licensed under the SIL Open Font License, Version 1.1. This license is available with a FAQ at: http://scripts.sil.org/OFL",http://scripts.sil.org/OFL,MATCH,True,OK,
Patrick Hand,staging/google-fonts/ofl/patrickhand/PatrickHand-Regular.ttf,0f173b3e6cb6d1af25babf7f0057c5ac4ee11f9992b0469bb817e967ef4ad0fc,214772,TTF,Patrick Hand,Regular,PatrickHand-Regular,400,5,False,False,[],728,515,"Version 1.003;PS 001.003;hotconv 1.0.70;makeotf.lib2.5.58329; ttfautohint (v0.94.20-1c74) -l 8 -r 50 -G 200 -x 14 -w ""gGD"" -c -f",Copyright (c) 2012 Patrick Wagesreiter (mail@patrickwagesreiter.at),Patrick Wagesreiter,Patrick Wagesreiter,"This Font Software is licensed under the SIL Open Font License, Version 1.1. This license is available with a FAQ at: http://scripts.sil.org/OFL",http://scripts.sil.org/OFL,MATCH,True,OK,
Share Tech Mono,staging/google-fonts/ofl/sharetechmono/ShareTechMono-Regular.ttf,9ceab1f87414829af259c0f537573ae03ef7dd3147c0b27a36a1a0beb6732677,43272,TTF,Share Tech Mono,Regular,ShareTechMono-Regular,400,5,False,False,[],268,267,Version 1.003,"Copyright (c) 2012, Carrois Type Design, Ralph du Carrois (post@carrois.com www.carrois.com), with Reserved Font Name 'Share'",Ralph Oliver du Carrois,Ralph Oliver du Carrois,"This Font Software is licensed under the SIL Open Font License, Version 1.1. This license is available with a FAQ at: http://scripts.sil.org/OFL",http://scripts.sil.org/OFL,MATCH,True,OK,
Merienda,staging/google-fonts/ofl/merienda/Merienda[wght].ttf,a91e4d88a50b4f80c7b1f31fe46e376eb87b72247d2a216f5e5be1881340deea,226360,TTF,Merienda,Regular,Merienda-Regular,400,5,False,True,"[{""default"": 400.0, ""max"": 900.0, ""min"": 300.0, ""name"": ""Weight"", ""tag"": ""wght""}]",656,600,Version 2.001,Copyright 2017 The Merienda Project Authors (https://github.com/etunni/merienda),Eduardo Rodriguez Tunni,Eduardo Rodriguez Tunni,"This Font Software is licensed under the SIL Open Font License, Version 1.1. This license is available with a FAQ at: https://scripts.sil.org/OFL",https://scripts.sil.org/OFL,MATCH,True,OK,
Passion One,staging/google-fonts/ofl/passionone/PassionOne-Black.ttf,c954dbac8835bf16f938f8d97fe1627d47aa122d60246169ff55cec772949e96,24288,TTF,Passion One,Black,PassionOne-Black,900,5,False,False,[],273,269,Version 1.002,"Copyright (c) 2011 Fontstage (info@fontstage.com), with Reserved Font Name ""Passion""",Alejandro Lo Celso,Fontstage,"This Font Software is licensed under the SIL Open Font License, Version 1.1. This license is available with a FAQ at: http://scripts.sil.org/OFL",http://scripts.sil.org/OFL,MATCH,True,OK,
Passion One,staging/google-fonts/ofl/passionone/PassionOne-Bold.ttf,3a7249909b2e56e831f8a357a4ee549e9c5945cd003f0e5e3bd8791a76d98b7e,24716,TTF,Passion One,Bold,PassionOne-Bold,700,5,False,False,[],273,269,Version 1.002,"Copyright (c) 2011 Fontstage (info@fontstage.com), with Reserved Font Name ""Passion""",Alejandro Lo Celso,Fontstage,"This Font Software is licensed under the SIL Open Font License, Version 1.1. This license is available with a FAQ at: http://scripts.sil.org/OFL",http://scripts.sil.org/OFL,MATCH,True,OK,
Passion One,staging/google-fonts/ofl/passionone/PassionOne-Regular.ttf,86fea5001e5d751cf5696f0ecd4754db80918adbb12658add959f5bcdc92b09b,24940,TTF,Passion One,Regular,PassionOne-Regular,400,5,False,False,[],273,269,Version 1.002,"Copyright (c) 2011 Fontstage (info@fontstage.com), with Reserved Font Name ""Passion""",Alejandro Lo Celso,Fontstage,"This Font Software is licensed under the SIL Open Font License, Version 1.1. This license is available with a FAQ at: http://scripts.sil.org/OFL",http://scripts.sil.org/OFL,MATCH,True,OK,
Chelsea Market,staging/google-fonts/ofl/chelseamarket/ChelseaMarket-Regular.ttf,7243be29a2d74e6a826e1091f74c89e58cc8010047c6db8de13f616e81b1f5f2,172924,TTF,Chelsea Market,Regular,ChelseaMarket-Regular,400,5,False,False,[],228,227,Version 1.001,"Copyright (c) 2011 by Font Diner, Inc DBA Tart Workshop (diner@fontdiner.com) with Reseved Font Name ""Chelsea Market""",Crystal Kluge,"Font Diner, Inc DBA Tart Workshop","This Font Software is licensed under the SIL Open Font License, Version 1.1. This license is available with a FAQ at: http://scripts.sil.org/OFL",http://scripts.sil.org/OFL,MATCH,True,OK,
Fira Mono,staging/google-fonts/ofl/firamono/FiraMono-Bold.ttf,61f0ca3ae72a83deb807040f314e1b8b4e40b08213df243db9fd430095cab305,206488,TTF,Fira Mono,Bold,FiraMono-Bold,700,5,False,False,[],1485,1350,Version 3.206,"Digitized data copyright © 2012-2015, The Mozilla Foundation and Telefonica S.A.",Carrois Corporate & Edenspiekermann AG,Carrois Corporate GbR & Edenspiekermann AG,"Licensed under the Open Font License, version 1.1 or later",http://scripts.sil.org/OFL,MATCH,True,OK,
Fira Mono,staging/google-fonts/ofl/firamono/FiraMono-Medium.ttf,a5bc1a2db2f65946049de615ecc08603d788eb0c02b520f4ed95f05a5cc58532,173428,TTF,Fira Mono,Medium,FiraMono-Medium,500,5,False,False,[],1485,1350,Version 3.206,"Digitized data copyright © 2012-2015, The Mozilla Foundation and Telefonica S.A.",Carrois Corporate & Edenspiekermann AG,Carrois Corporate GbR & Edenspiekermann AG,"Licensed under the Open Font License, version 1.1 or later",http://scripts.sil.org/OFL,MATCH,True,OK,
Fira Mono,staging/google-fonts/ofl/firamono/FiraMono-Regular.ttf,2e00b0cf3106a3d792f35711b7722740b76c02ee7300ea8c60f940584b7a8ac9,174596,TTF,Fira Mono,Regular,FiraMono-Regular,400,5,False,False,[],1485,1350,Version 3.206,"Digitized data copyright © 2012-2015, The Mozilla Foundation and Telefonica S.A.",Carrois Corporate & Edenspiekermann AG,Carrois Corporate GbR & Edenspiekermann AG,"Licensed under the Open Font License, version 1.1 or later",http://scripts.sil.org/OFL,MATCH,True,OK,
Patua One,staging/google-fonts/ofl/patuaone/PatuaOne-Regular.ttf,a3faa8b9efdd9d89980b56fa2b080669d66f3f977f07a2a6295498dbe7c26a7c,35624,TTF,Patua One,Regular,PatuaOne-Regular,400,5,False,False,[],236,231,Version 1.002,"Copyright (c) 2011 by LatinoType Limitada (info@latinotype.com),  with Reserved Font Names ""Patua"" and ""Patua One""",luciano Vergara,Luciano Vergara,"This Font Software is licensed under the SIL Open Font License, Version 1.1. This license is available with a FAQ at: http://scripts.sil.org/OFL",http://scripts.sil.org/OFL,MATCH,True,OK,
Kaushan Script,staging/google-fonts/ofl/kaushanscript/KaushanScript-Regular.ttf,6d8d379d9bba98178bee476d68114c8f83812c18005ecccf679e70f60e03d8f6,210672,TTF,Kaushan Script,Regular,KaushanScript-Regular,400,5,False,False,[],414,397,Version 1.002,"Copyright (c) 2011, Pablo Impallari (www.impallari.com|impallari@gmail.com),Copyright (c) 2011, Igino Marini. (www.ikern.com|mail@iginomarini.com),with Reserved Font Name Kaushan Script.",Pablo Impallari,Pablo Impallari,"This Font Software is licensed under the SIL Open Font License, Version 1.1. This license is available with a FAQ at: http://scripts.sil.org/OFL",http://scripts.sil.org/OFL,MATCH,True,OK,
Sacramento,staging/google-fonts/ofl/sacramento/Sacramento-Regular.ttf,9341fda10adbfeb7efc94302b34507a3e227d7e7f5c432df3f5ac8753ff73d24,79696,TTF,Sacramento,Regular,Sacramento-Regular,400,5,False,False,[],375,370,Version 1.000,"Copyright (c) 2012 by Brian J. Bonislawsky DBA Astigmatic (AOETI) (astigma@astigmatic.com), with ReservedFont Name ""Sacramento""",Astigmatic (AOETI),Astigmatic (AOETI),"This Font Software is licensed under the SIL Open Font License,Version 1.1. This license is available with a FAQ at:http://scripts.sil.org/OFL",http://scripts.sil.org/OFL,MATCH,True,OK,
Chiron GoRound TC,staging/google-fonts/ofl/chirongoroundtc/ChironGoRoundTC[wght].ttf,47cd5ff5153799d4c0d05bcc64da849e13b8eb842e46728a66bf2d52c480231f,51170304,TTF,Chiron GoRound TC,ExtraLight,ChironGoRoundTC-ExtraLight,200,5,False,True,"[{""default"": 200.0, ""max"": 900.0, ""min"": 200.0, ""name"": ""Weight"", ""tag"": ""wght""}]",50706,46265,Version 1.002,Copyright 2025 The Chiron GoRound TC Project Authors (https://github.com/chiron-fonts/chiron-go-round-tc),"Ryoko NISHIZUKA 西塚涼子 (kana, bopomofo & ideographs); Paul D. Hunt (Latin, Greek & Cyrillic); Sandoll Communications 산돌커뮤니케이션, Soo-young JANG 장수영 & Joo-yeon KANG 강주연 (hangul elements, letters & syllables); Tamcy (Chinese glyphs modifications & additions)",,,,MISSING,False,OK,
Ma Shan Zheng,staging/google-fonts/ofl/mashanzheng/MaShanZheng-Regular.ttf,6d2546bb189c732a8ca29af9e22457b152387d158aa459e4ac2ce1e51788b7fb,5857936,TTF,Ma Shan Zheng,Regular,MaShanZheng-Regular,400,5,False,False,[],7017,7015,Version 2.003,Copyright 2018 The MaShanZheng Project Authors (https://github.com/googlefonts/mashanzheng),ZhongQi,ZhongQi,"This Font Software is licensed under the SIL Open Font License, Version 1.1. This license is available with a FAQ at: https://openfontlicense.org",https://openfontlicense.org,MATCH,True,OK,
ZCOOL XiaoWei,staging/google-fonts/ofl/zcoolxiaowei/ZCOOLXiaoWei-Regular.ttf,a42b620140f493db42f741351dfbf343c0936d58588ee8004b8b2a218d997ff1,6313808,TTF,站酷小薇体,常规,ZCOOLXiaoWei-Regular,400,5,False,False,[],7019,7016,Version 1.000,Copyright 2018 The ZCOOL XiaoWei Project Authors (https://www.github.com/googlefonts/xiaowei),David Lee,ZCOOL,"This Font Software is licensed under the SIL Open Font License, Version 1.1. This license is available with a FAQ at: http://scripts.sil.org/OFL",http://scripts.sil.org/OFL,MATCH,True,OK,
ZCOOL KuaiLe,staging/google-fonts/ofl/zcoolkuaile/ZCOOLKuaiLe-Regular.ttf,812a6fc1fe54b6d73a419245c32dfeba8aa33104d5be90d1cf6af082007cb71d,1514968,TTF,ZCOOL KuaiLe,Regular,ZCOOLKuaiLe-Regular,400,5,False,False,[],7055,7053,Version 2.001,Copyright 2018 The ZCOOL KuaiLe Project Authors (https://github.com/googlefonts/zcool-kuaile),Lui Bingke,ZCOOL,"This Font Software is licensed under the SIL Open Font License, Version 1.1. This license is available with a FAQ at: https://openfontlicense.org",https://openfontlicense.org,MATCH,True,OK,
ZCOOL QingKe HuangYou,staging/google-fonts/ofl/zcoolqingkehuangyou/ZCOOLQingKeHuangYou-Regular.ttf,54f0c0df4308cd74cd0f2fd3494ae054dbc4a1fd6fa7d71f4807eb4cdd8b4136,8328684,TTF,ZCOOL QingKe HuangYou,Regular,ZCOOLQingKeHuangYou-Regular,400,5,False,False,[],9433,9429,Version 1.000,Copyright 2018 The ZCOOL QingKe HuangYou Project Authors (https://www.github.com/googlefonts/zcool-qingke-huangyou),Zheng Qingke,ZCOOL,"This Font Software is licensed under the SIL Open Font License, Version 1.1. This license is available with a FAQ at: http://scripts.sil.org/OFL",http://scripts.sil.org/OFL,MATCH,True,OK,
